0.122571997,-0.00650275592,-0.00104735792,-0.316331118,-0.0402736366,-0.0352668539,-0.0389136486,-0.00167461962,0.000318253296,-0.999998569,-0.00177079695,-0.0901700556,-0.457974821,-0.00239056209,0.447859436,0.345684707,0.349480301,0.000711860019,-0.000108075001,0.00113349501,0.092243053,0.457773328,0.00914034154,-0.445179105
0.116245173,0.00222637597,0.00534470985,-0.191096768,-0.0403851718,-0.0352873653,-0.0387792364,-0.00518947747,0.000523519702,-0.99998641,-0.00480273319,-0.0972369313,-0.458027452,0.000348010013,0.441565931,0.338474482,0.350068778,0.00376799703,-0.000482431991,0.00222994294,0.100689001,0.457699925,0.0163284205,-0.432398736
0.114928581,0.0211231355,0.0137918955,-0.0153601235,-0.096770145,0.120359607,-0.0070534246,-0.00308698067,0.00192564051,-0.999993384,-0.00807466358,-0.0995264575,-0.453050345,0.0129786627,0.447438776,0.339541167,0.357807755,0.00839657802,-0.00125189405,0.00249495707,0.101880237,0.451571614,0.00746243307,-0.4277834
0.115632318,0.0280911066,0.0135895489,0.0311653391,-0.107896402,0.127518684,0.0393996052,-0.000373112416,0.00438998127,-0.999990284,-0.0102930078,-0.0995393842,-0.446213216,0.023749806,0.455608428,0.340030015,0.366423011,0.0131292492,-0.00169393094,0.0026286291,0.101713583,0.444717437,0.000625003013,-0.430505365
0.116173215,0.0211757142,0.010444006,0.0207605157,-0.0831300616,0.117218234,0.0271065384,0.00202167453,0.00624096114,-0.999978483,-0.010948264,-0.099548161,-0.440262496,0.032273788,0.460943133,0.336439043,0.373625457,0.0176364072,-0.00172498601,0.00268620509,0.101543486,0.441149712,-0.000834822014,-0.432444066
0.116458401,0.0131226033,0.00810050685,0.0100068776,-0.0610777624,0.104150303,0.00545907812,0.00432051299,0.00771508832,-0.999960899,-0.0110321231,-0.0995582417,-0.436353892,0.0388533995,0.464326054,0.329610467,0.37957105,0.0216164738,-0.00171357603,0.00271049095,0.101184584,0.440206438,-0.00115045474,-0.432091206
0.116568707,0.0076495898,0.00543454802,0.00336217624,-0.0372488834,0.0780605227,0.0133724278,0.00618931651,0.00868281163,-0.999943137,-0.0110182436,-0.0995690897,-0.433842719,0.0439987853,0.466393411,0.320909381,0.384591281,0.0246472005,-0.00170823105,0.00273202802,0.100716434,0.440122426,-0.00120158296,-0.431441784
0.116589099,0.00373076159,0.00332308863,0.000185593686,-0.0180425569,0.0515005849,0.0193227306,0.00744756684,0.00920135621,-0.999929905,-0.0109623913,-0.0995805338,-0.432293266,0.0479372293,0.467420667,0.311216742,0.388869494,0.0266970433,-0.00171548198,0.00275726197,0.100168884,0.440147758,-0.00138991501,-0.430916518
0.116573796,0.00145378162,0.00187236711,-0.000916135905,-0.00383445714,0.0327362232,0.0182680935,0.00825640466,0.00939865969,-0.999921739,-0.0108057884,-0.0995900109,-0.431529105,0.0505981259,0.468133897,0.301397532,0.392330885,0.0279155876,-0.00173385697,0.00278371293,0.0995504707,0.440164059,-0.00187096198,-0.430746526
0.116551273,0.000351317954,0.000833923812,-0.00104328163,0.00640902622,0.0184915774,0.0137294475,0.00876377244,0.00934863836,-0.999917924,-0.0105267931,-0.0995967984,-0.431320965,0.0521990769,0.468795806,0.292019099,0.394931912,0.0284506697,-0.00176045101,0.00281232898,0.0988957286,0.440157413,-0.00242943689,-0.430717975
0.116531633,-7.10774402e-05,0.000215420427,-0.000866362709,0.0126526169,0.00683299406,0.00666016061,0.00900127832,0.00913771056,-0.999917746,-0.0101819523,-0.0996013507,-0.43128112,0.053027641,0.469406813,0.283386201,0.396719843,0.0285616945,-0.00179347093,0.00284130406,0.0982222706,0.440125644,-0.00286628958,-0.430726439
0.116516568,-0.000243837407,-6.11702708e-05,-0.000709116634,0.0152313784,-0.000379292556,0.00192719081,0.00903951004,0.00884022377,-0.99992007,-0.00984758418,-0.0996045023,-0.431267738,0.0533173494,0.469870031,0.275689214,0.397778958,0.0285890363,-0.00183145294,0.00286930311,0.0975445062,0.440077484,-0.003148661,-0.430752009
0.11650338,-0.000384419487,-7.65397781e-05,-0.000659809099,0.00780717377,-0.00132031203,0.000334339304,0.00898689497,0.00852778275,-0.999923229,-0.00955977384,-0.0996065959,-0.431256771,0.0533762127,0.470162868,0.269040138,0.39821142,0.0286020823,-0.00187238504,0.00289595407,0.0968786925,0.440023482,-0.0033435449,-0.430784076
0.116490342,0.000980929006,-0.000248545752,-0.0005621991,0.0140783824,-0.00405915873,0.0211763643,0.00898689497,0.00852778275,-0.999923229,-0.0093280999,-0.0996064618,-0.431240976,0.053396441,0.47033456,0.263475567,0.398292691,0.0286102612,-0.0019135949,0.00292122411,0.0962341353,0.439969659,-0.00348956394,-0.430818141
0.116480626,0.0011312064,3.8981947e-05,-0.000446824182,0.0140783843,-0.00405916246,0.021176368,0.00883157831,0.007957316,-0.999929368,-0.00904613826,-0.0996155515,-0.431110293,0.0533827618,0.470463693,0.259287745,0.398303956,0.0286119469,-0.00195351895,0.00294947694,0.0957757309,0.439525902,-0.00322893797,-0.432222813
0.116472058,-0.000808984158,0.000542692957,-0.000519374385,0.00779438997,-0.00647668587,-0.00423849933,0.00883157831,0.007957316,-0.999929368,-0.00892612524,-0.0996043384,-0.431085765,0.0533905849,0.470515698,0.255759239,0.398315281,0.0286279563,-0.00198805495,0.00297952793,0.0952096656,0.439402819,-0.00356314261,-0.432362854
0.116459966,-0.000791501312,0.000210834172,-0.000642052561,0.0134860957,-0.0152091319,0.00801896676,0.00857123919,0.00764709432,-0.999934018,-0.00886844657,-0.099589929,-0.431065112,0.0534047745,0.470556825,0.252837002,0.398327023,0.0286386572,-0.00201958907,0.00300745107,0.0946450159,0.439359248,-0.00388802891,-0.432355553
0.116446584,-0.000409090368,0.000128600499,-0.000544101989,0.00901747309,-0.0139948446,0.0145272268,0.00822548475,0.00741539244,-0.999938667,-0.00875079539,-0.0995836705,-0.430958718,0.0533971526,0.470598042,0.250790983,0.398325682,0.0286402926,-0.00204831804,0.00303367898,0.0942019746,0.439080089,-0.00373538211,-0.433217794
0.116438299,-0.00149998476,0.000486315548,-0.000495406974,0.00634353003,-0.0141088096,-0.00168729655,0.00801584776,0.00728158001,-0.999941349,-0.00867628492,-0.0995576605,-0.430909872,0.0533949509,0.470622033,0.249432176,0.398320198,0.028664086,-0.00206971308,0.00306053995,0.0937260613,0.438919932,-0.00388075504,-0.433448166
0.116427109,-0.000995349139,0.000434350834,-0.000597799663,0.00301808445,-0.00885173772,-0.00395894609,0.0076607489,0.00716216816,-0.999944985,-0.0086312294,-0.0995289683,-0.430885017,0.0534053184,0.470645607,0.248380125,0.398323208,0.0286789797,-0.002088557,0.0030869951,0.0932192802,0.438882351,-0.00416003494,-0.433273584
0.116414569,-0.000156353984,0.000583629124,-0.000677665521,0.00473218784,-0.0181635469,0.0166069232,0.0076607489,0.00716216816,-0.999944985,-0.00852636248,-0.0995105579,-0.430753946,0.0533060618,0.470780611,0.248026147,0.398309588,0.0286838226,-0.00210668496,0.00311890966,0.0928478837,0.438498735,-0.00393263856,-0.434214979
0.116399884,0.000530126912,0.000202845855,-0.000256249565,0.00510715321,-0.0250747763,0.0363599807,0.00693891896,0.00696805678,-0.999951661,-0.00846701674,-0.0994754583,-0.430656701,0.0531610325,0.47102499,0.247906953,0.398295254,0.0286964495,-0.00212107692,0.00314845401,0.0924189091,0.438248098,-0.00393279316,-0.434415847
0.116404116,0.00134080078,-0.000675548159,0.000260931265,9.4738185e-05,-0.0100407451,0.0318634361,0.00666779373,0.00694773486,-0.999953628,-0.00840258133,-0.0992546082,-0.43054536,0.0529964045,0.471194983,0.247915521,0.398276269,0.0287100971,-0.00213252194,0.00328056002,0.0923491865,0.437448114,-0.00377153396,-0.435040087
0.116410151,0.000623482221,-0.000793476007,-0.00061353104,0.00185860996,-0.00513912784,0.013847312,0.00654623797,0.00695584947,-0.999954402,-0.00836351514,-0.0989434198,-0.430514812,0.0529348217,0.471228987,0.247901753,0.398257464,0.0287405755,-0.00214134273,0.00335752079,0.0923635513,0.436792135,-0.00388470176,-0.435089439
0.116379634,0.000325602829,-0.000628460897,-0.000741342548,0.00152427296,-0.00391410058,0.00431583542,0.00646614237,0.00686962297,-0.999955475,-0.0083298143,-0.0986464769,-0.430475026,0.0528932139,0.47143355,0.247881144,0.398238331,0.0287721194,-0.00214877701,0.00339809409,0.0921375901,0.436516464,-0.0039833528,-0.434897751
0.116380587,0.00048749891,-0.000529160956,0.000126319355,-0.00190724479,-0.00399252959,0.00771560287,0.00639092969,0.00689382292,-0.999955833,-0.00829526782,-0.0983396396,-0.430458963,0.0527713932,0.471535444,0.247868091,0.398223519,0.0287909806,-0.00215698499,0.003436459,0.0920883343,0.436104685,-0.00425650598,-0.434838563
0.116384707,0.000309483905,-0.000804632495,-0.00015358461,-0.00245506829,-0.00476617273,0.0012494073,0.00630864128,0.00694396207,-0.999956012,-0.00826223008,-0.098023437,-0.430447876,0.0526437052,0.471584499,0.247853473,0.398206592,0.0288117491,-0.00216475199,0.00347519293,0.0920997933,0.435623407,-0.00449587172,-0.434819758
0.11637459,0.000158857583,-0.00100621511,-0.00027670461,-0.000903297565,-0.00574304815,0.00168137031,0.00620057294,0.00699178316,-0.99995631,-0.00822916068,-0.0975799114,-0.430447727,0.0523129776,0.471715659,0.247828901,0.398187727,0.0288384277,-0.00217041397,0.0035079848,0.0922781304,0.435117811,-0.00505381078,-0.434484988
0.116373882,0.000392944348,-0.000746481528,-0.000112908478,-0.000666358217,-0.00623364933,0.0109586762,0.00607924862,0.00697956514,-0.999957144,-0.00819743797,-0.0972619504,-0.430445552,0.0522044003,0.47173807,0.24781324,0.398169577,0.0288568344,-0.00217607501,0.00354949594,0.0923063159,0.434631079,-0.0053070602,-0.434443712
0.116370186,0.000574943668,-0.000424141734,-0.000247108226,-0.000931829622,-0.00316233351,0.0053844573,0.00595430145,0.00701570883,-0.999957681,-0.00816677418,-0.0969669446,-0.430439413,0.0520168543,0.471780419,0.247802243,0.39814657,0.028878754,-0.00217956491,0.0035895491,0.0923120677,0.434173375,-0.00544430595,-0.434427023
0.11636398,0.000284143054,-0.000599119638,-0.00033444888,-0.00266717328,-0.00462902896,0.00360045861,0.00595430145,0.00701570883,-0.999957681,-0.00813674368,-0.0966729745,-0.430431157,0.0517666936,0.471836686,0.247793943,0.398120999,0.0289023109,-0.00218132394,0.0036272218,0.0923130736,0.433762342,-0.00554766366,-0.434408188
0.116356909,1.06868019e-05,-0.000809746911,-0.000331309304,-0.00327775208,-0.00732121477,0.00371653261,0.00577018224,0.00712156296,-0.999957979,-0.00810829736,-0.0963052586,-0.430449635,0.0516023599,0.471854329,0.247769475,0.39809981,0.0289299265,-0.00218096701,0.00366353197,0.0924311057,0.433460623,-0.00579292513,-0.434140623
0.116350956,0.000319359242,-0.000493465865,-0.000281312648,-0.00224315771,-0.00508596655,0.00210650102,0.00566244451,0.00714590959,-0.999958456,-0.00807961635,-0.0959799513,-0.430456072,0.051357355,0.471879274,0.247756317,0.39807713,0.0289480537,-0.00218187994,0.00369847193,0.0924771577,0.433130562,-0.00602724683,-0.434026748
0.116345726,0.00047845993,-0.000356342061,-0.000212628671,-0.00246977061,-0.0045859213,0.00543506723,0.00556745753,0.00721094804,-0.999958515,-0.00805105735,-0.0956993327,-0.430451781,0.0510670394,0.471899211,0.247751728,0.398048729,0.0289671179,-0.00218087109,0.003735248,0.0924728885,0.432784975,-0.00613644393,-0.434004188
0.116342448,0.000410274515,-0.00042585039,-0.000139795302,-0.00159859669,-0.00364128826,0.00683868537,0.00548046874,0.00724363001,-0.999958754,-0.00802308414,-0.095438689,-0.430453479,0.0508775935,0.471891046,0.247743189,0.398020834,0.0289888214,-0.0021778089,0.00377395307,0.0924625471,0.43248105,-0.00619801087,-0.433988273
0.116340168,0.000351694383,-0.00042307406,-0.000247794058,-0.00210513221,-0.00154972775,0.00206679222,0.00542363524,0.00727323582,-0.999958813,-0.00799647719,-0.0951822326,-0.430458605,0.050727386,0.47184673,0.24773249,0.397993654,0.0290115215,-0.00217392202,0.00381245208,0.0924511254,0.432223499,-0.00624935422,-0.433971137
0.116332583,0.000189569168,-0.00050894008,-0.000396854128,-0.00208641635,0.000274139049,-0.00598910544,0.00541898608,0.00732742716,-0.999958456,-0.00796993915,-0.0948918834,-0.430462301,0.0505276062,0.471799046,0.247721791,0.397964656,0.0290370733,-0.00216879207,0.00384746096,0.0925043002,0.432018489,-0.00641935598,-0.433784902
0.116324402,0.000307118462,-0.000468099402,-0.000274478516,-0.00154466263,7.13065165e-05,-0.00366789266,0.00543276966,0.00735812169,-0.999958158,-0.00794607401,-0.0945907682,-0.430464357,0.0503117032,0.471746445,0.247713357,0.397934675,0.0290589556,-0.00216407306,0.00387385208,0.0925650448,0.431879491,-0.00668897713,-0.433578312
0.116321675,0.000648640736,-0.000283599307,-0.000134185815,-0.00194012758,6.83932158e-05,0.00315233739,0.00542082591,0.00738995103,-0.999957979,-0.00791905075,-0.0943502188,-0.430464923,0.0501092114,0.471675366,0.247707307,0.397904843,0.0290750042,-0.00215902692,0.00390947796,0.0925495476,0.431685984,-0.00675588381,-0.433554351
0.116318978,0.000757625676,-0.000276230741,-0.000108766995,-0.00113730098,0.000375068717,0.00215638103,0.00543645211,0.00743508246,-0.999957561,-0.0078918431,-0.0941221192,-0.430464,0.0499244779,0.471601605,0.24770084,0.397873878,0.0290938299,-0.00215275004,0.00394747499,0.092525281,0.431478441,-0.00678943004,-0.433545172
0.116317242,0.000525393931,-0.000495075481,-0.00020199889,-0.000852322148,0.00222130516,0.000740432472,0.00543645211,0.00743508246,-0.999957561,-0.00786510017,-0.0939028487,-0.430467099,0.0497893952,0.471499741,0.247690782,0.397843987,0.0291145593,-0.00214549201,0.00398609648,0.0924995318,0.431294322,-0.00681687705,-0.433535546
0.116310932,0.00040125841,-0.000536163861,-0.00028734337,-0.000852322089,0.00222130492,0.000740432472,0.0055254749,0.00746897748,-0.999956846,-0.00784023385,-0.0936270058,-0.430484056,0.0496433266,0.47139737,0.247662917,0.397815645,0.0291383415,-0.00213722605,0.00402090093,0.0925662741,0.431155205,-0.00699781394,-0.433281273
0.116305821,0.000653366733,-0.000303151115,-0.000175985479,-0.00160394935,0.00249127252,0.000533347193,0.0055254749,0.00746897748,-0.999956846,-0.00781502202,-0.0933827162,-0.430488884,0.0494537614,0.471314162,0.247649506,0.397786617,0.029153185,-0.0021304891,0.00405371096,0.0925761983,0.430998415,-0.00715393107,-0.433175325
0.116303839,0.000676927797,-0.000321778498,-0.000137575451,-0.00198627124,0.00453879638,0.000936622557,0.005625322,0.0075330874,-0.999955833,-0.00778937619,-0.0931756273,-0.430488795,0.0493176207,0.471213043,0.24764204,0.397755772,0.0291689355,-0.00212240103,0.00409014849,0.0925477743,0.430839926,-0.00719557283,-0.433161914
0.116300263,0.000549521355,-0.000336607685,-0.000345313194,-0.00179269444,0.0038787385,-0.00383734656,0.00570726255,0.00754824094,-0.999955237,-0.0077644242,-0.0929481909,-0.430498928,0.0492376871,0.471100271,0.247618526,0.397726327,0.0291893147,-0.00211225008,0.00412636111,0.0925697088,0.430712461,-0.00729986979,-0.433006525
0.116290003,0.000560246175,-0.000354182703,-0.000194483902,-0.001416274,0.00182913768,-0.00424150983,0.00577916671,0.00760573661,-0.999954402,-0.00774076534,-0.0927162617,-0.430496126,0.0490123965,0.471077085,0.247601449,0.397692472,0.0292072296,-0.00210339529,0.0041525499,0.0925924852,0.43059057,-0.00750694331,-0.432831943
0.116292462,0.000871763506,-9.81320045e-05,-0.000106354266,-0.00208046613,0.00510456087,0.00381352217,0.00577916624,0.00760573661,-0.999954402,-0.00771697378,-0.0925319865,-0.430504441,0.0490071997,0.470900565,0.247587308,0.397664815,0.0292219762,-0.00209376705,0.00418892782,0.0925623626,0.430478752,-0.00754392939,-0.432821333
0.116285577,0.000756382651,-0.000116332405,-0.000337620411,-0.00236430438,0.00784817897,0.000889622315,0.00598451355,0.00768806553,-0.999952555,-0.00769290514,-0.0923569575,-0.430490285,0.0488710441,0.470858693,0.247585982,0.397629499,0.0292381551,-0.00208442612,0.00422009686,0.0925188884,0.430352062,-0.00757820299,-0.432819366
0.116278812,0.000539881352,-0.000385132007,-0.000192655192,-0.000476607063,0.00534292171,-0.000792000152,0.0060933698,0.00770012755,-0.99995178,-0.0076681599,-0.0921269134,-0.430488646,0.0488226712,0.470790774,0.247540012,0.397602648,0.0292577464,-0.00207309797,0.004252424,0.0925780684,0.430272967,-0.00778431213,-0.432538778
0.116277859,-0.000181603449,-0.000902271364,6.28903217e-05,0.00268356293,-0.00447226735,-0.0025801796,0.00619794568,0.00770717626,-0.999951065,-0.00764354598,-0.0919666514,-0.43048656,0.0488118008,0.470686972,0.247526765,0.397574157,0.0292723253,-0.00206285692,0.00428717583,0.0925372466,0.430173755,-0.00782754831,-0.432520419
0.116281651,-0.00265476084,-0.00250249635,0.00046767536,0.00855766051,-0.0289333966,-0.0265619401,0.00591373164,0.00759328576,-0.999953687,-0.00760607095,-0.0914292112,-0.430744171,0.0480706394,0.470807374,0.248088345,0.401741922,0.0397299826,-0.00349241612,0.00393786514,0.0925207585,0.430028856,-0.00780733116,-0.432536751
0.116297953,-0.00527155865,-0.00389638054,0.000946705055,0.0106408251,-0.0528702848,-0.0527245291,0.00503270421,0.00737076672,-0.999960184,-0.00759948278,-0.0904424042,-0.431384444,0.04607049,0.470996797,0.250015557,0.412923187,0.0651631653,-0.00677444786,0.00255545904,0.092699036,0.429967225,-0.0076113469,-0.43262887
0.116321728,-0.00673760893,-0.0042430535,0.00115052564,0.00995311514,-0.0657854602,-0.0711219162,0.00378348399,0.00717785349,-0.999967098,-0.00762084918,-0.0891747326,-0.432502508,0.0429938957,0.471042693,0.25355345,0.430185974,0.101114571,-0.0105505753,0.000370287336,0.0930834636,0.429943085,-0.0073201661,-0.432863176
0.11634621,-0.00638563093,-0.00403312827,0.00120352046,0.0128362998,-0.0707459301,-0.0711492598,0.00238102092,0.00698279263,-0.999972761,-0.0076876292,-0.0879493207,-0.433837295,0.0392890833,0.471365541,0.258293748,0.451306432,0.142183691,-0.0131160924,-0.00217077998,0.0933527201,0.429944903,-0.00700548384,-0.432854354
0.116371602,-0.00662642159,-0.00258748513,0.000535541214,0.00402385881,-0.0653467476,-0.0550043173,0.000933801057,0.00667173369,-0.999977291,-0.00780511741,-0.0869429335,-0.435030073,0.0355827808,0.471727937,0.263718992,0.474074155,0.184035748,-0.0136968773,-0.0048404499,0.0934935138,0.429846972,-0.00609435514,-0.433284223
0.116368569,-0.00706139812,-0.000589014147,-1.15855737e-05,-0.0129850572,-0.0583450347,-0.0233298261,-0.000247480202,0.00682434114,-0.999976695,-0.00786967203,-0.0858452395,-0.436601847,0.0325210057,0.471530914,0.268964738,0.496659964,0.224002376,-0.012768399,-0.00731770508,0.0935142264,0.429845005,-0.00565330079,-0.432961583
0.116371229,-0.00612042984,0.000498504203,0.000273340411,-0.0220636465,-0.0553008243,0.0109950956,-0.00140595098,0.00719196303,-0.999973178,-0.00790171977,-0.0848140717,-0.438038886,0.0302599184,0.471338689,0.273736596,0.517999113,0.260498703,-0.00997807179,-0.00939799193,0.0936219692,0.429847151,-0.00456129992,-0.433278054
0.116379015,-0.00461808406,0.000985724153,0.00060364441,-0.0260433741,-0.048911728,0.0304474812,-0.00245607947,0.00770800188,-0.999967277,-0.00792076625,-0.083819516,-0.439235091,0.0287032034,0.471284539,0.277763844,0.537304819,0.292985976,-0.00531789754,-0.0109434975,0.0937258378,0.430039555,-0.00304017379,-0.433463633
0.116394617,-0.00266604312,0.000638969534,0.00116573554,-0.0243236329,-0.0388544202,0.0334608629,-0.00335286278,0.00823724177,-0.999960423,-0.00792702194,-0.0828727409,-0.440109164,0.0275817681,0.47132653,0.281089246,0.554173231,0.321337044,0.000856504019,-0.0120405862,0.0938786492,0.430308878,-0.000913030992,-0.433674306
0.116425075,-0.00192990783,0.000331894174,0.00110644533,-0.0238719061,-0.0268755816,0.0247931834,-0.00399923604,0.00868524145,-0.999954283,-0.00792688783,-0.0819176212,-0.440837502,0.0264046285,0.4715527,0.28364563,0.568585992,0.345869094,0.00809584558,-0.0125418799,0.094012402,0.430466712,0.000910923001,-0.433032572
0.116438448,-0.00184352498,0.000290455879,0.000503513555,-0.0236795619,-0.0175330732,0.0244717505,-0.00441909162,0.00919599086,-0.999947965,-0.00792525243,-0.0809245333,-0.441835731,0.0251717269,0.471578479,0.285328895,0.58075583,0.366729707,0.0158208124,-0.0126730008,0.0941578597,0.430513322,0.00197042502,-0.432019949
0.116444781,-0.0013264186,1.05099671e-05,0.000260962785,-0.0195292309,-0.0109441038,0.0263192244,-0.00469151931,0.0096367253,-0.999942541,-0.0079161739,-0.079948917,-0.442855656,0.0241114087,0.471597999,0.286319852,0.590990484,0.384127885,0.0236036647,-0.0127215479,0.0942850187,0.430548221,0.00282096793,-0.431075692
0.116448633,-0.000605229172,-0.000209131889,0.000167004007,-0.00857434142,-0.00400755135,0.0133970864,-0.00484664226,0.00998205878,-0.999938428,-0.00789904408,-0.0790399089,-0.443798989,0.0231963936,0.471632153,0.286801785,0.599556565,0.398362637,0.0311569069,-0.0127525646,0.0943536907,0.430581361,0.00361269806,-0.430280507
0.116451427,0.000198103007,-0.000341140316,0.000111311703,-0.0137044927,0.00154135807,0.0254106652,-0.00484664226,0.00998205878,-0.999938428,-0.00787432119,-0.0781715214,-0.44465068,0.0223816559,0.471676856,0.286949992,0.606702387,0.409786761,0.0383186489,-0.0127737178,0.0943963826,0.430612445,0.00436593918,-0.429602474
0.11645326,0.000955701049,-0.00039004875,5.67104253e-05,-0.0137044918,0.00154136471,0.0254106652,-0.00477462029,0.0105348472,-0.999933124,-0.00784214586,-0.0773296505,-0.445436448,0.0216603968,0.471726626,0.286999285,0.612681925,0.41876018,0.045030918,-0.01278539,0.0944284126,0.430642039,0.00506228907,-0.428983927
0.116454042,0.00152405747,-0.000379709498,-6.59944305e-07,-0.0120918732,0.0143401893,0.0235464443,-0.00477462029,0.0105348472,-0.999933124,-0.00780274812,-0.076513648,-0.446170032,0.0210338049,0.471778423,0.287035197,0.617723882,0.425640643,0.051309336,-0.0127874594,0.0944515541,0.430669606,0.00569305243,-0.428391367
0.116453685,0.00186945638,-0.000343729916,-6.02427135e-05,-0.0178923961,0.0244573392,0.0351631679,-0.00419088686,0.0110226702,-0.999930441,-0.00775561202,-0.0757240653,-0.446856469,0.0205012057,0.471830845,0.287067503,0.622026384,0.430761009,0.0572022274,-0.0127800889,0.0944663212,0.430694759,0.006255941,-0.427817971
0.116452098,0.00202180329,-0.000299425505,-0.000121851226,-0.011469421,0.0213667173,0.0236400943,-0.00378114358,0.0112566249,-0.999929488,-0.00765187293,-0.0749622062,-0.447497934,0.0200620145,0.471882761,0.287097931,0.625745773,0.434409052,0.0627616793,-0.0127629284,0.0944729745,0.430717349,0.00674714195,-0.427264094
0.116449252,0.00203416334,-0.000252674305,-0.000183464872,-0.0112115704,0.0231455266,0.0245371312,-0.00332569261,0.0114851333,-0.999928534,-0.00745276781,-0.0742291585,-0.448095292,0.0197144728,0.471933633,0.287127227,0.628993034,0.436826974,0.0680306181,-0.0127358297,0.0944718942,0.430737227,0.00716534397,-0.42673251
0.116445147,0.00138743233,-0.000134298258,-0.000138707619,-0.00992263667,0.0243014991,0.0295563042,-0.00284412713,0.011708241,-0.999927402,-0.00715143606,-0.0735257342,-0.448648572,0.0194548946,0.471983165,0.287155777,0.631835818,0.438210636,0.0730362535,-0.0126990983,0.0944634005,0.430753976,0.00751111005,-0.426228404
0.116443925,0.000857202336,-0.00018122248,0.000596959842,-0.00111400639,0.0176438298,0.0312719308,-0.0023397631,0.0118853301,-0.999926627,-0.00675565191,-0.0730578378,-0.44922176,0.0195577014,0.471713692,0.287168443,0.634369135,0.438707739,0.0777865574,-0.0126372781,0.0944091976,0.430906892,0.00782140531,-0.425528735
0.11646919,0.000679788354,-4.84759476e-05,0.000931610761,0.00629523303,0.00942723546,0.0306911729,-0.00212354353,0.0117555931,-0.999928653,-0.00627833791,-0.0729979426,-0.449424058,0.0196836405,0.471951038,0.287189275,0.636671543,0.438792706,0.0822966024,-0.0125841517,0.0941295624,0.431097448,0.00874915533,-0.424644232
0.116481267,0.000595130725,0.000371903734,0.000526980439,0.00302145537,0.00418655062,0.0164651796,-0.00194844697,0.0116360541,-0.999930382,-0.00580147514,-0.0731107295,-0.44964236,0.0198477339,0.471965373,0.287209034,0.638478041,0.438786715,0.0864644498,-0.0124685476,0.0937531069,0.431241632,0.00961859711,-0.423636675
0.116490141,0.000643222884,0.000628778595,0.000319009792,0.00159440539,0.00568130054,0.031585142,-0.00194844697,0.0116360541,-0.999930382,-0.00529893581,-0.0731955618,-0.449771255,0.0199366845,0.47205478,0.28724429,0.639789224,0.438725829,0.0902758986,-0.012326166,0.0933865979,0.431301087,0.0104492111,-0.422878951
0.116493784,0.00101217488,0.000587821065,0.000261580717,0.00245885504,0.00971771777,0.0442012101,-0.00170642289,0.0115745785,-0.999931574,-0.00474091806,-0.073261328,-0.449891686,0.0200221296,0.47205019,0.287278265,0.640637398,0.438467979,0.0937766433,-0.0120158726,0.0930590481,0.431346655,0.0111089451,-0.422092021
0.1165004,0.000804167183,0.000643640524,4.19560711e-05,0.000326474226,0.00888819434,0.0299963243,-0.00153921091,0.011540954,-0.99993223,-0.00418123789,-0.0732709169,-0.449928403,0.0200193506,0.472356707,0.287350982,0.640966594,0.437761486,0.0969700366,-0.0116870534,0.0927540436,0.431359977,0.0117573626,-0.421545327
0.116495214,0.000765575853,0.000645081687,-8.27982694e-06,-0.000144082413,0.00917887595,0.0313355736,-0.00133726257,0.0115635069,-0.99993223,-0.00366551592,-0.0733846575,-0.450127453,0.0202390924,0.472087413,0.287397176,0.641034484,0.436376065,0.0998047069,-0.0112610226,0.0924550518,0.431401968,0.0120919794,-0.420824051
0.116499811,0.000895827427,0.000457454793,1.63826724e-06,0.000836199848,0.0088698687,0.027842842,-0.00115757424,0.0115483478,-0.999932647,-0.00310066203,-0.0733957365,-0.450166494,0.0202606209,0.472260594,0.28753081,0.641047955,0.434305966,0.102277078,-0.0108456649,0.092188634,0.431399494,0.0125562828,-0.420583159
0.11649511,0.000753073022,0.000146597653,-0.00027547474,0.00333417929,0.00788472407,0.0329668447,-0.000969669898,0.0115313875,-0.999933064,-0.00260176207,-0.0734790117,-0.450301141,0.0204055421,0.472114891,0.287620038,0.64104563,0.431438237,0.104336284,-0.0103822462,0.0919441283,0.431404352,0.012787696,-0.419939101
0.116488755,0.000542093534,-0.00182872592,-0.000849699602,0.0184983518,0.00871384144,0.032951545,-0.000827072538,0.011416317,-0.999934494,-0.00202104542,-0.0735118389,-0.450359255,0.0205065403,0.472143143,0.287718832,0.641016006,0.427817851,0.1059765,-0.00994210597,0.0917785615,0.431387722,0.0132748783,-0.419828326
0.116461977,-0.000612419273,-0.00163523154,-0.000495261454,0.0148603562,0.00976646785,0.0239607748,-0.000606025744,0.0107928785,-0.999941587,-0.00134957908,-0.0735079348,-0.450606585,0.0206783414,0.472294062,0.287784994,0.640917778,0.423541903,0.107226506,-0.00956377294,0.0918694288,0.431392699,0.0135386381,-0.418350071
0.116469637,0.000390991423,0.000859164458,0.000504997559,-0.00621977448,0.0122975828,0.022073511,-0.000425980339,0.0108225383,-0.999941349,-0.000915785029,-0.0735368803,-0.451034725,0.0207681935,0.472093463,0.2879287,0.640516102,0.418114573,0.107853428,-0.00922481902,0.0917466879,0.431327671,0.0132704955,-0.417292207
0.116481811,0.00186819735,0.00168884429,0.000354309508,-0.0126435664,0.0181776285,0.035983175,-0.000104575411,0.0110420845,-0.999939024,-0.00046797801,-0.0735667795,-0.451128006,0.0208485033,0.472376853,0.288199395,0.639277399,0.411702454,0.108027197,-0.00886587054,0.0915839374,0.43115741,0.0132759968,-0.417200416
0.11648307,0.00280205416,0.00136522413,0.000151964516,-0.00953348633,0.0249345452,0.0387799107,0.000317063736,0.0113283647,-0.999935806,2.41350008e-05,-0.0736460313,-0.451283246,0.0212512556,0.472188562,0.28827244,0.637245357,0.404500306,0.108068988,-0.00829591695,0.0914338306,0.431028873,0.0133554405,-0.417213053
0.116487235,0.00329942442,-0.00120435946,-0.00103397295,0.0126669863,0.0357276537,0.0372472182,0.000910287141,0.0114231193,-0.999934316,0.000537327083,-0.0736679956,-0.451301962,0.0214113016,0.472514778,0.288309455,0.634342194,0.396933347,0.108084939,-0.00778506882,0.0912906826,0.430876583,0.0134477792,-0.417226374
0.116442144,0.00172163919,-0.00203082012,-0.00130759447,0.0198748447,0.0401001871,0.0215099119,0.00176308118,0.0108198943,-0.999939919,0.00105115306,-0.0737424791,-0.45151186,0.0221509524,0.472435057,0.288243383,0.630639434,0.38899222,0.10808038,-0.00739152404,0.0914953277,0.430836052,0.0134001896,-0.416366428
0.116435692,0.00198098528,0.000213597494,0.000103760947,0.000950497866,0.0346435495,0.00968935806,0.00252386741,0.0106274765,-0.999940336,0.00120043487,-0.0738467053,-0.451850116,0.0226680599,0.472175986,0.288202673,0.626507461,0.380537748,0.108031012,-0.00717231445,0.0914400518,0.430689037,0.0122745717,-0.415039837
0.116446003,0.0039177998,0.00139214576,0.000391345704,-0.00881915819,0.0346190482,0.0263371393,0.00315283332,0.0107804732,-0.999936938,0.00131961703,-0.0739554316,-0.451925159,0.0229271147,0.472102731,0.288208574,0.621639907,0.371297002,0.107731715,-0.00694941496,0.0913087651,0.430367976,0.0119215827,-0.414945066
0.11645025,0.00398700451,-0.000269111653,-0.000997691532,0.0065863058,0.0425987765,0.0366559848,0.00391997444,0.010976769,-0.999932051,0.001460928,-0.0740924105,-0.451936692,0.0232671611,0.472028375,0.288204402,0.615980864,0.361602724,0.10698466,-0.00661747204,0.0911705866,0.430098355,0.0118554384,-0.414971232
0.116405591,0.00282409671,-0.00139366894,-0.00126291509,0.0176953245,0.0456319153,0.0100138457,0.00487259449,0.0105111683,-0.999932885,0.00179824606,-0.0742691308,-0.451881707,0.0244175773,0.471900463,0.288119286,0.609637678,0.351731956,0.105716497,-0.0062280721,0.0914073065,0.430007845,0.0116162607,-0.414393872
0.116399772,0.00293499115,0.000578540668,-0.000106459374,0.00396571727,0.0412791334,0.00472919038,0.0057496177,0.0102680977,-0.999930739,0.00188300246,-0.074430272,-0.451870888,0.0250233151,0.471974641,0.28799957,0.602894664,0.341580451,0.103671215,-0.00601411844,0.0913597494,0.429733783,0.0102036754,-0.413289338
0.116400421,0.00401761848,0.00172997173,-7.80724149e-05,-0.00497775851,0.0397210643,0.0226628091,0.00652545458,0.0103505617,-0.999925137,0.00196045008,-0.0748319775,-0.451844245,0.0256486628,0.471611857,0.287917733,0.59562391,0.330593407,0.100743681,-0.0056942259,0.091068238,0.429205656,0.00942915771,-0.413339168
0.116394885,0.00409458205,0.00142211036,-0.000906549452,-0.00702024996,0.0397303402,0.0123724015,0.00734772207,0.0104618203,-0.999918282,0.00202891044,-0.0750431046,-0.451670557,0.0262517221,0.471674562,0.287798971,0.587801158,0.319367558,0.0971668363,-0.00528742978,0.0908953547,0.428881049,0.00891636219,-0.41307798
0.116362363,0.00323560997,-0.00091682683,-0.00284735695,0.00554512907,0.0387197286,0.0334738791,0.00811966602,0.0106276907,-0.999910533,0.00206402899,-0.0750421882,-0.451622099,0.0267421175,0.471696168,0.287554353,0.579514146,0.307864279,0.0929921865,-0.00491466885,0.0908244625,0.428343028,0.00791901536,-0.412882537
0.11628034,0.00168373669,-0.00192397065,-0.00205638306,0.0160670914,0.0372445807,0.0295330621,0.00891057122,0.0102285864,-0.99990797,0.00214127591,-0.0749907121,-0.4517456,0.0279569495,0.471203715,0.28707093,0.570752978,0.296051562,0.0883701444,-0.00447234605,0.0912523195,0.427635849,0.0067558079,-0.412722707
0.116280302,0.00259783864,6.74128605e-05,0.000407735904,0.00869927276,0.0306915287,0.0088697942,0.00962174032,0.00997511856,-0.999903977,0.00217378791,-0.0752191991,-0.451623499,0.0292851534,0.471132398,0.286285698,0.561741471,0.284123957,0.0833434463,-0.00414562877,0.0912122354,0.427101135,0.0049108821,-0.412124038
0.116295621,0.0038718821,0.00116195052,9.39426172e-06,0.00265384768,0.026664637,0.00214940007,0.0101416251,0.00987725426,-0.999899805,0.00220987992,-0.0756100789,-0.450945914,0.0302052926,0.471394956,0.285618663,0.552276075,0.271695733,0.0779024214,-0.00388868991,0.0909357145,0.426320314,0.0041431752,-0.412459433
0.116278648,0.0029109586,0.0012505349,-0.0013151099,0.000272204867,0.0137363225,-0.00526451506,0.0106889978,0.00986859947,-0.999894202,0.00223534391,-0.0759220049,-0.450147003,0.0312622488,0.471547306,0.284639716,0.542397439,0.259021372,0.0721487254,-0.00346153602,0.0907445401,0.425807536,0.00314627402,-0.412123352
0.116241284,0.00298952754,0.00107332587,-0.00164872268,-0.00816421863,0.0189991351,0.0126112178,0.0106889978,0.00986859947,-0.999894202,0.00225813384,-0.0759628192,-0.449555665,0.0322128348,0.471571982,0.283365488,0.532266676,0.245934591,0.0660729557,-0.00303720799,0.0907037631,0.4250516,0.001834934,-0.412075073
0.116211005,0.00249606324,0.000780966948,-0.0015897284,-0.00961847603,0.0271170419,0.0141296899,0.0114540411,0.0101894708,-0.99988246,0.00228247,-0.0759724006,-0.448846847,0.0332694799,0.47157985,0.281909585,0.521862984,0.232593372,0.0597748347,-0.00248690904,0.0906849504,0.424071252,0.000770750979,-0.412403136
0.11617624,0.0024719059,0.000593686767,-0.00141261925,-0.00463368883,0.0128196068,0.0134023065,0.0117792264,0.010247143,-0.999878109,0.00229833811,-0.0759902671,-0.448069572,0.034644518,0.47158733,0.2800138,0.511173129,0.219352961,0.053368032,-0.00196893001,0.0906848758,0.423350543,-0.000576601014,-0.412206531
0.116153099,0.00245242123,-0.000490317121,-0.00194347848,0.00422603311,0.0111134993,0.0126349218,0.0119721973,0.0103683732,-0.999874592,0.00231855386,-0.076015383,-0.447036535,0.035960041,0.471596926,0.277973175,0.500215113,0.205987826,0.0468353927,-0.00147452077,0.0906710774,0.422347933,-0.00140297471,-0.412591994
0.11609754,0.00163823785,-0.000704368053,-0.00142799562,0.012333421,0.010072303,-0.00366737833,0.0122290673,0.0100721531,-0.999874473,0.00233873609,-0.0760349184,-0.445963085,0.0376177281,0.471608371,0.27552259,0.488991648,0.192786336,0.040299762,-0.000961631013,0.0909404457,0.421570122,-0.00275421096,-0.412299365
0.116095468,0.00271364208,0.0010561957,-0.000257026491,0.00293427706,0.00461564027,-0.00370268314,0.0123734903,0.00987690594,-0.999874651,0.00235711597,-0.0764187053,-0.444588602,0.0393055901,0.471648186,0.272883296,0.477708727,0.179314628,0.033627972,-0.000592286,0.0907735974,0.42082727,-0.00391023979,-0.41224882
0.1160855,0.00266054575,0.00193536875,-0.00102500385,-0.00200434285,0.000962868391,0.000714363938,0.0124122659,0.00995683391,-0.9998734,0.00237582065,-0.07683447,-0.442945093,0.0407687947,0.471672088,0.270161569,0.466226608,0.165531874,0.0268181562,-0.000156641327,0.0905379057,0.41994822,-0.00449503539,-0.412680745
0.116052382,0.00259341369,0.00101935363,-0.00212437194,-0.00682102283,0.00129635399,0.00418684771,0.0124122677,0.00995683484,-0.9998734,0.00238488405,-0.0769931972,-0.441485792,0.0423207097,0.4716703,0.267032623,0.454630613,0.151780933,0.0199694205,0.000344011176,0.0905101374,0.419316888,-0.0055003115,-0.41259557
0.115998842,0.00138893188,-0.000797919231,-0.00252176402,4.37161689e-05,0.00715440512,-0.0156118972,0.0124658151,0.0102275247,-0.999870002,0.00240867003,-0.0770654976,-0.439843804,0.0441083238,0.471668512,0.263798177,0.442932218,0.137992501,0.0131625365,0.000848731026,0.0908050686,0.418512166,-0.00575180212,-0.413287908
0.115951158,0.000298442581,-0.000254193379,-0.00124222203,0.00685678748,0.00586308632,-0.0197991952,0.0126921693,0.0099631669,-0.999869823,0.002422438,-0.0771326572,-0.43867448,0.0458165258,0.471669614,0.260080963,0.431258827,0.12454284,0.00653226255,0.00140321476,0.0912068561,0.417993665,-0.00769616105,-0.412350893
0.115949109,0.00223730854,0.00182108802,-1.77234688e-05,-0.0147260027,-0.00756247761,0.000970931491,0.0126921693,0.00996316411,-0.999869823,0.00244154572,-0.077286981,-0.437497139,0.046836216,0.471673816,0.25622493,0.419755518,0.110558145,-0.00018984171,0.00189515029,0.0912350491,0.417038679,-0.00911508501,-0.412807554
0.115948588,0.00252324413,0.00202338165,-0.000772081898,-0.0195252355,-0.0100315642,-0.000769954,0.0123900492,0.0105517805,-0.999867558,0.00246112212,-0.0774572194,-0.436003953,0.0479156263,0.471673667,0.252223551,0.408207536,0.0963313729,-0.00694874208,0.00254723104,0.0912125856,0.416166127,-0.00955416355,-0.413821459
0.115916125,0.00100424455,0.00152145198,-0.00126788032,-0.00861065462,-0.00477236649,-0.0164507534,0.0122905551,0.0107443193,-0.999866724,0.00247820606,-0.0776346698,-0.434313476,0.0496089533,0.471667796,0.247869402,0.396544576,0.0823343918,-0.0135755837,0.00331177609,0.0913877711,0.415780246,-0.00984551571,-0.414164782
0.115896732,0.00115813001,0.00213330076,-0.000497077766,-0.0142045971,-0.00568372523,-0.0166405626,0.0121920016,0.0109040821,-0.999866247,0.00249086507,-0.0778781325,-0.432719052,0.0512907356,0.471663326,0.243130594,0.384934485,0.0683995783,-0.0200672392,0.00393798202,0.0914443433,0.415540636,-0.0106473267,-0.413955897
0.11589475,0.00184986345,0.000734526606,-0.00141219446,-0.00539902272,-0.00394604681,-0.00695578661,0.01205617,0.0113205425,-0.999863267,0.00251279096,-0.0781168714,-0.431076616,0.0527354591,0.471659273,0.238356873,0.373309702,0.0541858524,-0.0265038144,0.00450440496,0.0914115757,0.415172935,-0.0107951947,-0.414618343
0.115839027,0.000170069121,-0.000424834754,-0.00144362939,0.00593415042,-0.00316847558,-0.0329876281,0.0120308911,0.0111233797,-0.99986577,0.00254072691,-0.0782236606,-0.429369628,0.0545862839,0.471660882,0.233267412,0.361591846,0.0401582383,-0.0327300318,0.005208157,0.0920275822,0.415007144,-0.0110662999,-0.414920241
0.11583712,0.00036971076,0.00158776517,0.000322328677,-0.00678381696,-0.00797454454,-0.0343699679,0.0119147878,0.011098952,-0.999867439,0.00255877781,-0.0784887224,-0.428029239,0.0557609685,0.471736312,0.227671877,0.350031495,0.0260626003,-0.0388737507,0.00578451715,0.092155911,0.414800495,-0.0124520464,-0.41449824
0.115851037,0.002396208,0.00205071643,-0.000282022287,-0.0105363792,-0.00795538444,0.000116601965,0.011696754,0.0114111304,-0.999866486,0.00258304807,-0.0788730606,-0.426706403,0.0565081574,0.471763194,0.222075135,0.338400424,0.0115573602,-0.0450212061,0.00633874815,0.092012234,0.414501816,-0.0127495704,-0.41557759
0.115823783,0.000615375349,0.000388565357,-0.00132147269,0.00334312511,-0.0026621453,-0.0206242148,0.0115967328,0.0115203038,-0.999866366,0.0026146241,-0.0791883618,-0.425250858,0.0577735454,0.471763343,0.216345266,0.326592326,-0.00283084693,-0.0510287806,0.0070260819,0.092180416,0.414405376,-0.0124631487,-0.417130083
0.115797721,-0.000694609713,0.000769571227,-0.000189000071,0.00614758022,-8.48219061e-05,-0.0271553248,0.0115809403,0.011287001,-0.999869227,0.00263523497,-0.0794793963,-0.42407316,0.0590787865,0.471827716,0.209974959,0.314895928,-0.0166680254,-0.0567383282,0.00785147212,0.0925087631,0.414458543,-0.0137426807,-0.416472793
0.115816198,0.0011129434,0.00247793715,0.000476592424,-0.00727215176,-0.00947229564,-0.0113198357,0.0115809413,0.011287001,-0.999869227,0.00266184681,-0.0799771696,-0.423025101,0.0597077832,0.471901327,0.203555897,0.303310156,-0.0307843871,-0.0623874329,0.00844273809,0.092299521,0.414407074,-0.0142852701,-0.417171985
0.115815148,0.000733348657,0.000758951879,-0.00083172688,0.00434517255,-0.0114739854,-0.0304386728,0.0111969542,0.0115829213,-0.999870241,0.002692207,-0.0805277675,-0.421873122,0.060527347,0.471918911,0.197119668,0.291625828,-0.044901032,-0.0679476559,0.00912547112,0.0920890644,0.414383888,-0.0141997989,-0.418762207
0.115782253,-0.00181005301,-8.59523425e-05,-0.000730261847,0.0163706951,-0.00917648803,-0.0489938557,0.0111080203,0.0111268843,-0.99987638,0.00275055948,-0.0809205472,-0.420621097,0.0617111363,0.472102463,0.190327257,0.279956102,-0.0584029444,-0.073240079,0.00999873318,0.0924479216,0.414586067,-0.0147762019,-0.418945372
0.115786783,-0.00129912072,0.00210513687,0.00064126763,0.00230635167,-0.0165369697,-0.0350198112,0.0108082565,0.0109499749,-0.999881625,0.00277274568,-0.0815247446,-0.419794351,0.062360391,0.472204387,0.183128566,0.268512815,-0.0719659477,-0.0784458742,0.0106867058,0.092281729,0.414776057,-0.0160894822,-0.418826073
0.115807541,0.00159213785,0.0019909041,0.000110146219,0.00162532867,-0.0154236807,0.00228774454,0.0104313521,0.0110501442,-0.999884546,0.0027989489,-0.0822303072,-0.418855488,0.0627124682,0.472298592,0.176245213,0.257013351,-0.0857521519,-0.0835633352,0.0112706786,0.0918222368,0.414784253,-0.0162548237,-0.420537323
0.115789644,-0.000355209078,2.69544707e-05,-0.00111079309,0.0152868303,-0.00547554949,-0.0246767607,0.0101924324,0.0108843446,-0.999888837,0.00283196196,-0.0827590451,-0.417621702,0.0635741651,0.472466111,0.169590652,0.24542734,-0.0992424116,-0.0884456486,0.0119228316,0.0917607024,0.414800227,-0.0158378556,-0.4226906
0.115763247,-0.00250002928,0.000235972737,-7.50156105e-05,0.0158662573,-0.00774564315,-0.052615542,0.0102020362,0.0104485704,-0.999893367,0.00284613203,-0.083232671,-0.416934997,0.0645415485,0.472586006,0.162519157,0.234131902,-0.112050273,-0.0929439962,0.0127801159,0.0919962376,0.415301204,-0.0171289742,-0.422050595
0.115787566,-0.000517903129,0.00244911294,0.00105094293,0.00464055222,-0.00832389295,-0.0205187108,0.00986050256,0.0102711879,-0.999898612,0.00286546792,-0.0838945657,-0.416276723,0.0648238584,0.472936094,0.155511588,0.223185539,-0.125091419,-0.0972047374,0.0133156767,0.0916598812,0.41550529,-0.0178141668,-0.422651857
0.115804479,0.000393651513,0.00241990504,0.000162491298,0.00192229508,-0.0125886686,-0.00257332413,0.00986050256,0.0102711879,-0.999898612,0.0028851328,-0.0846914127,-0.415627003,0.0650496632,0.473003864,0.148825392,0.21229136,-0.138234422,-0.101257913,0.0139512075,0.0910911858,0.41554597,-0.0178694278,-0.424581081
0.115792915,-0.00157191476,0.00104840298,-6.54912219e-05,0.00817457028,-0.0172874629,-0.0352221392,0.00935580209,0.0101953885,-0.999904275,0.00290478091,-0.0852724761,-0.414805949,0.0657972395,0.473208129,0.142244697,0.201497838,-0.15080519,-0.104986772,0.0147541277,0.0909827277,0.41593349,-0.0178228952,-0.425862402
0.11580202,-0.00182088511,0.00158009224,0.000621988496,0.00717877736,-0.0128167672,-0.0365956128,0.00915488787,0.00995709095,-0.999908507,0.00291066291,-0.0858294144,-0.41419068,0.0663893297,0.473647594,0.135450065,0.191082194,-0.162943169,-0.108374365,0.0154646104,0.0908382535,0.416877806,-0.0183528997,-0.425892055
0.11581783,-0.00043652099,0.000359394908,-0.000566023169,0.0138414726,-0.0138815586,-0.00279437704,0.00882838853,0.00992185622,-0.999911785,0.00292537594,-0.0864982978,-0.413673759,0.066593647,0.47385639,0.129052952,0.180904597,-0.175245792,-0.111450858,0.0160493925,0.0903669819,0.417206734,-0.0183470268,-0.427494824
0.115779392,-0.00278170616,-0.000927638146,-0.000664692023,0.022855483,-0.00992490165,-0.0366001576,0.00859851949,0.00940453634,-0.999918818,0.00294097583,-0.0869162604,-0.413164854,0.0671178401,0.473941147,0.122853689,0.17092815,-0.187091216,-0.11409732,0.0167629886,0.0906185955,0.417641014,-0.0182103291,-0.428924978
0.11579255,-0.00305526238,0.00121195661,0.000988693442,0.0103786709,-0.0123278955,-0.0431984551,0.00841840729,0.00901987031,-0.999923885,0.00293407706,-0.0874355808,-0.413061887,0.0673350021,0.47434926,0.116465814,0.161431432,-0.198469564,-0.116364971,0.0173668806,0.090586327,0.418564588,-0.019292932,-0.428592801
0.115819529,-0.000736499554,0.00279664318,0.00114229613,0.000438726391,-0.00817073416,-0.00544560235,0.00808953401,0.00900421198,-0.999926746,0.00293380301,-0.088156037,-0.412828624,0.0673565269,0.474708736,0.110624991,0.152219549,-0.210063696,-0.11831215,0.0178250689,0.0900540128,0.418933094,-0.019461289,-0.430261731
0.11583747,-0.00119767501,0.00254335627,0.000709334738,-0.0016650646,-0.00545075815,-0.00621333951,0.00808953401,0.00900421198,-0.999926746,0.00292789307,-0.0887495279,-0.412485331,0.0674683899,0.475016057,0.105132677,0.143313736,-0.221235305,-0.119906098,0.0184627995,0.0896200389,0.419471711,-0.01940782,-0.431809485
0.115847372,-0.000985638122,0.000483090989,-0.000386733416,0.00767901819,-0.0169221926,-0.0190303531,0.00786920078,0.00907287095,-0.999927878,0.00291154534,-0.0891896412,-0.4121795,0.0676766634,0.475288749,0.099773787,0.13489987,-0.231906533,-0.121143751,0.0190390013,0.0893548205,0.420470566,-0.0192597993,-0.432764739
0.115822136,-0.00295543112,-0.00104967272,-0.000708140607,0.0203013923,-0.0168550666,-0.0554675572,0.0074058515,0.00870308187,-0.999934673,0.00290467194,-0.089496851,-0.411774904,0.0679895431,0.475482434,0.0949101448,0.126948535,-0.242285386,-0.121952273,0.0195954535,0.0894882157,0.421210319,-0.0184377525,-0.434572577
0.115820289,-0.00403201627,0.000423215941,0.000726189232,0.013481264,-0.0144689912,-0.0556980781,0.00717621809,0.00827696174,-0.999939978,0.00286132097,-0.0898513719,-0.411681116,0.0681397766,0.475668132,0.0898626745,0.119752757,-0.251999885,-0.122310281,0.0201235339,0.0896232277,0.422352076,-0.0192972217,-0.433806956
0.115852199,-0.000876158825,0.00239406759,0.00129817287,0.000494522217,-0.0148640117,-0.0114987204,0.00680825161,0.00818038359,-0.999943376,0.00283094891,-0.0904270783,-0.411488503,0.0681117699,0.476003379,0.0855334997,0.113111384,-0.261999696,-0.122395679,0.0204402432,0.0891911462,0.422904968,-0.0194358118,-0.434998631
0.115871668,-0.000468588056,0.00124140573,-2.16998142e-05,0.00721182348,-0.0106113134,-0.00747528719,0.0065778587,0.00826056022,-0.99994427,0.00279680896,-0.0910272822,-0.411223084,0.0681077316,0.476221085,0.0818786919,0.106882922,-0.271791577,-0.122422889,0.0209055189,0.0886467993,0.423241287,-0.0192998312,-0.437065214
0.115851045,-0.00270165154,-0.000120342003,-0.000444759062,0.0148279583,-0.0129472055,-0.0340972356,0.00638146047,0.00789366942,-0.999948502,0.00273665297,-0.0913526863,-0.410988867,0.0682640821,0.476412714,0.0784031227,0.101243429,-0.280841053,-0.122426301,0.0215213429,0.0887538344,0.424061328,-0.0189150907,-0.43799445
0.115854606,-0.00228463486,0.00118988578,0.000977346092,0.00501293456,-0.0149482386,-0.03145447,0.00604935456,0.00767603004,-0.999952257,0.00263252598,-0.0917434618,-0.41090399,0.0682867169,0.476530552,0.0750011057,0.0964725986,-0.289632231,-0.12241511,0.0220810771,0.0886831284,0.424995184,-0.0191524457,-0.438053101
0.115890324,-0.000248585042,0.00114396098,0.000413636386,0.0045649712,-0.0119611435,-0.00564304972,0.00577375852,0.00770095782,-0.999953687,0.00257610902,-0.0921648592,-0.410642087,0.0682540834,0.476906955,0.0724548548,0.0922861919,-0.298406869,-0.122382537,0.0224745758,0.0882759541,0.425456822,-0.0189491063,-0.439378083
0.115870856,-0.00237423019,6.23868982e-05,-0.000532642589,0.0114890113,-0.0132877957,-0.03023904,0.00556928292,0.00749478815,-0.999956429,0.00241791806,-0.0924717337,-0.410457432,0.0682962015,0.477030218,0.0703922063,0.0886602923,-0.306733906,-0.122190155,0.0229287073,0.0882599205,0.425985545,-0.018367473,-0.44057858
0.11586953,-0.00285169645,0.000743945071,0.000910278235,0.00726440968,-0.0155236078,-0.044461254,0.00523348991,0.00724794483,-0.999960065,0.00208661682,-0.0927412137,-0.41045922,0.0682868659,0.477121085,0.0682485923,0.0859704837,-0.314510196,-0.121569775,0.0233932212,0.088322565,0.426873535,-0.018736355,-0.439904124
0.115907647,7.86529126e-05,0.00230373885,0.00145781867,-0.00312589575,-0.0112810433,-0.0139594283,0.00493547181,0.00721383048,-0.999961793,0.00173658901,-0.0931069553,-0.410345584,0.0680054203,0.477334797,0.0670266226,0.0839185938,-0.322381258,-0.120351955,0.0236218274,0.0879567862,0.427298784,-0.0186483823,-0.440717161
0.11592716,0.00166599755,-0.000189873565,-0.000881396816,0.0120296841,-0.00959788822,0.0171418916,0.00477832975,0.00737609714,-0.999961376,0.00123835704,-0.0935379341,-0.410189927,0.0678785667,0.477378488,0.066521652,0.0824405402,-0.330051273,-0.118474334,0.0239430238,0.0874719545,0.427548677,-0.0182805154,-0.442132503
0.11587213,-0.00136414915,-0.00260406011,-0.00156550284,0.0278020427,-0.00701743038,-0.0214799773,0.00455644261,0.00672948826,-0.999966979,0.000764687255,-0.0936310887,-0.410014093,0.0678806305,0.477357507,0.0664276034,0.0816065967,-0.337132275,-0.115824312,0.0242921915,0.087823309,0.427913278,-0.0168619975,-0.443560988
0.115865491,-0.00318598654,9.40502723e-05,0.00121267594,0.0115761766,-0.011955495,-0.0612563528,0.00449315459,0.00626764726,-0.999970257,1.69444102e-05,-0.093826361,-0.410386026,0.0677497014,0.477286875,0.0660847053,0.0814614967,-0.343480706,-0.112515628,0.0245440323,0.0880910158,0.428473383,-0.0179543104,-0.441711873
0.115921184,-0.000629883842,0.00306397909,0.00215561036,-0.00727497507,-0.0226910096,-0.0261441804,0.00406267634,0.00627739215,-0.999972045,-0.000715423026,-0.0941980556,-0.410453975,0.0669416338,0.477294803,0.0660136044,0.0814571828,-0.350098282,-0.10860198,0.0246317852,0.0877005532,0.428602606,-0.0182028972,-0.44192037
0.115951046,0.00109293032,0.00243201596,0.000880439999,-0.00411382178,-0.0219796766,-0.000598779647,0.0035789453,0.00656318339,-0.999972045,-0.00154926802,-0.0946744159,-0.410416752,0.0663575679,0.477232695,0.0660265684,0.0814794153,-0.356670082,-0.104197852,0.0248570852,0.0871152282,0.428665102,-0.0178222433,-0.443188429
0.115955606,-0.000545950898,0.000160691736,-1.44787475e-06,0.00999898743,-0.0165198892,-0.0283081401,0.0031833516,0.00644198945,-0.999974191,-0.00236082007,-0.0948526487,-0.410033464,0.0661052912,0.4772273,0.0661834255,0.0815801099,-0.362712622,-0.0993531793,0.0250703041,0.0869416445,0.429001689,-0.0163616017,-0.444425762
0.115951017,-0.00186813332,0.000502579496,0.000843321555,0.00694491714,-0.0168202743,-0.0495084003,0.00291098328,0.00616642088,-0.999976754,-0.00326927705,-0.0950197503,-0.409998894,0.0659438819,0.477066517,0.0662683696,0.0825320929,-0.368107706,-0.0941336527,0.0252695009,0.0870027989,0.429780185,-0.0161371175,-0.443157434
0.115989432,0.000124909071,0.00211296417,0.00155434979,-0.00555238314,-0.0189404357,-0.0217485707,0.00249826093,0.0061699939,-0.999977827,-0.00410504919,-0.0952256843,-0.409983009,0.0652178377,0.477010816,0.0669208616,0.0844431445,-0.373628646,-0.088567853,0.025351895,0.0866778418,0.430029124,-0.0157844834,-0.443258017
0.116012655,0.00117320102,-0.000122755388,-0.000427800085,0.00968060642,-0.0135496305,0.00310162059,0.00214807875,0.00639080442,-0.999977291,-0.00495839212,-0.0954556465,-0.40997228,0.0645398051,0.476741761,0.0682172477,0.0872817412,-0.378995359,-0.0826886073,0.025519615,0.0862681195,0.430127412,-0.0151271252,-0.443984747
0.115972251,-0.0011709861,-0.00197116705,-0.000638061028,0.0222677644,-0.0104659591,-0.0313098058,0.00195695972,0.00578285009,-0.999981344,-0.00567832403,-0.0954856947,-0.409925133,0.064291589,0.476451486,0.0701971874,0.0911105946,-0.383713901,-0.0764314681,0.0256907549,0.0865242109,0.430488676,-0.0137601523,-0.444311291
0.115987681,-0.00189730187,0.000691988622,0.0013761248,0.00242032274,-0.0146782408,-0.0544303469,0.00172296108,0.00550220255,-0.99998337,-0.0065839719,-0.0955582112,-0.410206348,0.0636458993,0.476108551,0.072219722,0.0963748619,-0.387756228,-0.0699642003,0.0257541686,0.0866090655,0.431000888,-0.0142462822,-0.442591935
0.116027273,0.000935076619,0.0025148401,0.0017178799,-0.0118923802,-0.0136499545,-0.018931035,0.00135770708,0.00569003541,-0.999982893,-0.00739227608,-0.0957347155,-0.410300016,0.0625421256,0.475661755,0.0752234459,0.102779441,-0.391870171,-0.0632493347,0.0258031711,0.0862923712,0.43106091,-0.0141048031,-0.442946434
0.116055772,0.00254271831,0.00130925758,0.000612456119,-0.00373345148,-0.00398539053,0.00694517931,0.00117287994,0.00597903086,-0.999981463,-0.00810793135,-0.0958447382,-0.410318345,0.0616667271,0.475127816,0.0791505426,0.110184602,-0.395647824,-0.0562688783,0.0259012058,0.0859741867,0.431098878,-0.0134683494,-0.443658531
0.116051339,0.00110691227,-0.00210035825,-0.000798103923,0.0214048754,0.00589620136,-0.00682246406,0.00119995384,0.00583908148,-0.999982238,-0.00869056769,-0.0958554596,-0.410300046,0.0611850992,0.474661946,0.0839112997,0.118581377,-0.398786694,-0.0490172431,0.0259868968,0.0859447494,0.431270391,-0.0121548483,-0.444118798
0.116024286,-0.000954243878,-0.00188407488,0.000279767322,0.0194032621,0.00320714852,-0.0368447714,0.00140760245,0.00512311794,-0.999985874,-0.0091827726,-0.0958200395,-0.410629481,0.0607753694,0.473997623,0.0889111906,0.128248423,-0.400951236,-0.0414789282,0.026045667,0.0863189772,0.431739956,-0.0120222978,-0.442381978
0.116062969,0.00043119333,0.00114954484,0.0018740918,-0.0042136074,-0.00212494656,-0.0251414347,0.00132078945,0.00506488001,-0.999986291,-0.00967312139,-0.0959139243,-0.41112715,0.0594145656,0.473214149,0.0943453014,0.139268547,-0.40298897,-0.0337537937,0.0260755066,0.086180903,0.431893319,-0.0122696673,-0.441651583
0.116098993,0.00242432533,0.00190860091,0.00149207248,-0.0109969955,0.00474441098,-0.00418611476,0.00131757464,0.0052929176,-0.999985099,-0.0100401836,-0.0959611684,-0.411389619,0.0580939762,0.472257137,0.10065762,0.151174411,-0.40470162,-0.0258149188,0.0261291917,0.085952431,0.431903511,-0.0119909653,-0.442067921
0.116122119,0.00320772175,-0.000216056185,5.51581661e-06,0.00475317799,0.0125721795,0.0121871,0.00150962337,0.00550491223,-0.999983728,-0.0103475768,-0.0959744453,-0.41148448,0.0571318269,0.471277922,0.107662812,0.163933456,-0.405654699,-0.0177291855,0.0261851065,0.0857474506,0.431924373,-0.0114096841,-0.442351699
0.116099067,0.00102838629,-0.00238325261,-0.000347428082,0.0217474774,0.0157960765,-0.0120446142,0.00182312133,0.00510188425,-0.999985337,-0.0105132209,-0.0958977863,-0.411586314,0.056598857,0.470375717,0.115166485,0.177623644,-0.405867457,-0.0094776107,0.0262415297,0.0859588534,0.432045996,-0.010399472,-0.442193806
0.116108634,-5.25998366e-05,-0.00102641631,0.00108609418,0.0106775537,0.0127096167,-0.0257598367,0.00213971618,0.00463637058,-0.999986947,-0.0107244141,-0.0958745554,-0.412139058,0.0557150878,0.469604731,0.122630529,0.192568719,-0.405862957,-0.00114338798,0.0262760166,0.0861072466,0.432392746,-0.01080018,-0.440126121
0.116142705,0.00195740513,0.000678480603,0.00142931752,-0.00367936329,0.0139563344,0.00205820939,0.00232662796,0.00467664562,-0.999986351,-0.0108235329,-0.0958749428,-0.412824363,0.0542190708,0.468573362,0.130777553,0.20864059,-0.405860066,0.00728014717,0.0263110884,0.0859858394,0.432419568,-0.0107758073,-0.440053999
0.116165496,0.00281469617,0.00068602938,0.00097723119,-0.00391579233,0.0215962976,0.00814084802,0.0026983351,0.00478289369,-0.99998492,-0.0108616147,-0.095860973,-0.413395017,0.0529202223,0.467528731,0.139584497,0.225591034,-0.405741096,0.0158495326,0.0263544712,0.0858493224,0.432414711,-0.0105733704,-0.440361857
0.116181359,0.00213184021,2.32634829e-05,0.000492144725,0.00177126704,0.0219971035,-0.000894165423,0.00319208764,0.00483226124,-0.999983251,-0.0108860461,-0.0958046988,-0.413825065,0.0520065837,0.466524959,0.148749843,0.243372768,-0.405117184,0.0244812388,0.0263973828,0.0857694671,0.432469428,-0.0103605036,-0.440342247
0.116184905,0.00177345949,-0.000569544791,0.000372099399,0.00612355117,0.0199815109,-0.00026761528,0.00357805844,0.00471230131,-0.999982476,-0.0109102279,-0.0957627445,-0.414227217,0.0511973016,0.465699553,0.157931924,0.26199463,-0.403703392,0.0330941044,0.026428597,0.0857091397,0.432622164,-0.0103678582,-0.439801574
0.116196096,0.00170058396,-0.000863524096,0.000336618599,0.00770986266,0.0206528809,0.00570380641,0.00399124157,0.00458709616,-0.999981523,-0.0109166894,-0.0956784636,-0.414737105,0.0503237918,0.464859158,0.167456463,0.281230003,-0.401613384,0.0416237712,0.0264577437,0.0856512189,0.432633847,-0.0102746738,-0.439767033
0.116198257,0.0010321677,-0.00122423726,0.000206658879,0.00458984636,0.0103432965,0.00124508748,0.00440513669,0.00440325541,-0.999980628,-0.0109221386,-0.095603466,-0.415442258,0.0493293256,0.463956892,0.177015856,0.300923705,-0.398591459,0.0500314049,0.0264813974,0.0856131166,0.432688594,-0.0104004387,-0.439397454
0.116204396,0.000854104059,-0.00151396054,0.000336290308,0.00622633053,0.00843467563,0.000859494263,0.00440513669,0.00440325541,-0.999980628,-0.0109220268,-0.0955256671,-0.416265249,0.0481507704,0.463144451,0.18655467,0.320919096,-0.394579947,0.0582507402,0.0264951997,0.0855819955,0.432746828,-0.0105178608,-0.439030677
0.116211824,0.000832141843,-0.00181930454,0.000400963763,0.0205510575,0.0261454806,0.00829813164,0.00474262796,0.00415391847,-0.999980152,-0.0109114749,-0.0954006165,-0.417254388,0.0468493514,0.462329298,0.196116,0.341007262,-0.389647335,0.0662087202,0.0265017208,0.0855645463,0.432767361,-0.0106846839,-0.438779563
0.116220579,0.000520965317,-0.00193133589,0.000425089762,0.0209156275,0.0240830891,0.013838199,0.00545216678,0.00357945007,-0.999978721,-0.0108941291,-0.0952515155,-0.418349862,0.0454034619,0.461626172,0.205595881,0.361087322,-0.383842766,0.0738674402,0.0264976788,0.0855548754,0.432767957,-0.0108726779,-0.438568413
0.11622899,0.000170037922,-0.00189899188,0.000399624434,0.0134882247,0.0128765674,0.0132127907,0.00570781855,0.00331432838,-0.999978244,-0.0108718891,-0.0950818136,-0.419571251,0.0438279063,0.460784256,0.21487774,0.381077588,-0.377201229,0.0811544657,0.0264788624,0.0855483636,0.432753354,-0.0110581312,-0.43849653
0.116236776,0.00011983591,-0.00235938188,0.000491259503,0.0167246386,0.0122348331,0.0110026672,0.00596891763,0.00303706946,-0.999977589,-0.0108419731,-0.0948767886,-0.420869976,0.0422072299,0.459954232,0.224005848,0.400846392,-0.369738132,0.0880462825,0.026453048,0.085561052,0.432730883,-0.0112972353,-0.438414395
0.116248898,-0.000274226186,-0.00249873544,0.000404467952,0.0174630117,0.0100720329,0.0101160165,0.00619869074,0.0026427675,-0.999977291,-0.0108045023,-0.0946378857,-0.422162443,0.0405176543,0.45942089,0.232959077,0.420362771,-0.36149314,0.0945504457,0.0264120325,0.0855855048,0.432685882,-0.0115678608,-0.43832323
0.116253287,-0.0006769764,-0.00217724149,0.000247650605,0.0141801285,0.00837289635,0.0134001551,0.00637277449,0.00233594514,-0.999976993,-0.0107641481,-0.0944001675,-0.423615128,0.0387397967,0.458627075,0.241631508,0.439604223,-0.352573425,0.100602537,0.0262483004,0.0856051296,0.432604253,-0.0120063759,-0.438381702
0.11625918,-0.000999081181,-0.00226341002,0.000256635394,0.0144703286,0.00634279056,0.0107194521,0.00653475896,0.00207221252,-0.999976516,-0.0107155489,-0.0941200554,-0.425072521,0.0369653627,0.457816184,0.250103325,0.458490551,-0.34301129,0.106198207,0.0259915423,0.0856436044,0.432507098,-0.012415532,-0.438650846
0.116264001,-0.00131425541,-0.00251477514,0.000217105873,0.00792131852,0.00230687158,0.00324598467,0.0066273734,0.00175447238,-0.999976516,-0.0106617352,-0.0938113704,-0.426484823,0.0352626555,0.457160473,0.258250654,0.47701183,-0.332799137,0.111349843,0.0254995953,0.0856918544,0.432362497,-0.0130196912,-0.438922256
0.116268389,-0.00164075778,-0.00281218858,0.000130785425,0.0187458098,0.00262580463,0.00124568935,0.0066273734,0.00175447238,-0.999976516,-0.0105471099,-0.0934775546,-0.427853733,0.0335686654,0.456611961,0.266152889,0.495087028,-0.322104692,0.116057649,0.0248422734,0.0857500806,0.432140797,-0.0136872772,-0.439340681
0.116269864,-0.00168059359,-0.00300413929,0.000131144188,0.0290129464,0.00252020359,0.00304910028,0.00673228828,0.00100434397,-0.999976814,-0.0103829857,-0.0931212306,-0.42919746,0.0319187492,0.456174344,0.273711979,0.512721241,-0.310984731,0.120334342,0.0239457823,0.0858160928,0.431840897,-0.0146292662,-0.439728677
0.116274208,-0.00134860701,-0.00302297017,0.000155283939,0.010265762,-0.000103491941,0.00180288439,0.00672818488,0.000593415753,-0.999977171,-0.0101347854,-0.0927690119,-0.430478215,0.0301973112,0.455780625,0.281043202,0.52985841,-0.299608827,0.12416365,0.0229124054,0.0858549848,0.431371361,-0.0155276442,-0.440469801
0.11627651,-0.00181780988,-0.00318685872,-0.000477186171,0.0104071321,-0.000143733836,0.00163796905,0.00672818488,0.000593415753,-0.999977171,-0.00981359836,-0.0923943669,-0.431712866,0.0284970645,0.455409527,0.288045108,0.546466053,-0.287951976,0.127542779,0.0217644535,0.0858961269,0.430813819,-0.0165026058,-0.44122225
0.116255686,-0.0030166232,-0.00319138472,-0.00124146196,0.0328358673,-0.000911836629,-0.00499182055,0.00672239764,0.000176554502,-0.99997741,-0.00943068787,-0.0919476375,-0.432821304,0.0272073783,0.45507887,0.294585407,0.562514246,-0.275985748,0.130470395,0.0204090811,0.0858423933,0.430414587,-0.0173340719,-0.441617072
0.116227686,-0.00344553916,-0.00275851856,-0.000537598273,0.0305063557,-0.00484530209,-0.014017242,0.00669193687,-0.000718793657,-0.99997735,-0.00897913054,-0.0914947987,-0.433782607,0.0263939332,0.454908431,0.300627559,0.578052819,-0.26377067,0.132978141,0.0187738929,0.0856682509,0.430211455,-0.0181242749,-0.441740423
0.116235025,-0.00321871811,-0.00261314656,2.10047547e-05,0.0164509192,-0.0102441953,-0.0137058087,0.00652897824,-0.00103990315,-0.999978125,-0.00849741325,-0.0910802037,-0.434796304,0.0250479486,0.454846025,0.306312978,0.593088686,-0.251410633,0.135070264,0.0170664452,0.0856722072,0.42962271,-0.0194292925,-0.44244495
0.116229258,-0.00398974959,-0.00296252593,-0.000938371115,0.0169981364,-0.0128142927,-0.0145372348,0.00628291816,-0.00137325842,-0.999979317,-0.00797682162,-0.0905777812,-0.435769826,0.0236550067,0.45479387,0.311528027,0.607466459,-0.238869458,0.136718005,0.0153135769,0.0856996626,0.428943962,-0.0207268931,-0.443311304
0.116198331,-0.00526534161,-0.00259911641,-0.000988924992,0.0137851257,-0.0149838142,-0.0254603662,0.00601716246,-0.00171612995,-0.99998045,-0.00739068398,-0.0899495482,-0.436595082,0.0228022859,0.454748869,0.316168129,0.621152699,-0.226108372,0.137922823,0.0133324144,0.0856392011,0.428499132,-0.0217366517,-0.443705291
0.116190791,-0.00664159423,-0.00172502734,-0.000530855614,0.00781344622,-0.0199418366,-0.0399632566,0.00568551989,-0.00191869854,-0.999981999,-0.00679805595,-0.0893807784,-0.437458068,0.0218049679,0.454716802,0.32025227,0.634220719,-0.213166445,0.138699502,0.0111920303,0.085603565,0.428019106,-0.0232713986,-0.443991244
0.116178475,-0.00635476317,-0.00160652527,-0.000604951696,0.00809034426,-0.0286988486,-0.0264356211,0.00522264279,-0.00201988104,-0.999984324,-0.0061694691,-0.0887790248,-0.438271999,0.0209367983,0.454700947,0.323710293,0.646638095,-0.200132415,0.139037356,0.00885744859,0.0855581462,0.427657217,-0.0249001067,-0.444078803
0.116167791,-0.00569517026,-0.00166062498,-9.51572947e-05,0.0119598778,-0.0325397588,-0.0223309211,0.00453961734,-0.00223622331,-0.999987185,-0.00536800595,-0.0882568955,-0.438800812,0.0199710988,0.454701841,0.326871991,0.658318758,-0.187147573,0.139110863,0.00634569395,0.0856181458,0.426918298,-0.0259499084,-0.445747554
0.116175555,-0.00614187866,-0.0013492076,0.000507707766,0.0159952398,-0.0313770324,-0.0417788476,0.00392319029,-0.00249451003,-0.999989212,-0.00471549993,-0.0879380554,-0.439077914,0.019440271,0.454730242,0.329484791,0.66915822,-0.173845068,0.139129847,0.00388430292,0.0854558572,0.426537544,-0.0269143973,-0.446497262
0.116188928,-0.00478051044,-0.00118377525,0.000568825402,0.0206424519,-0.0321285054,-0.0313846506,0.0032888907,-0.00286979415,-0.999990463,-0.00421633897,-0.0879220366,-0.439130038,0.0193048827,0.454935253,0.331561357,0.679171979,-0.160367727,0.139124766,0.00136784243,0.0850856751,0.426457584,-0.0273152478,-0.446757644
0.116198801,-0.00448218361,-0.000681284291,0.00021989955,0.0168945771,-0.0303511247,-0.0289611779,0.00264137378,-0.00331549533,-0.999991,-0.00359240104,-0.088015303,-0.439145148,0.0188846625,0.45556888,0.333364695,0.6883623,-0.146881536,0.139093965,-0.00132585503,0.0847991705,0.426085025,-0.0272376481,-0.448265076
0.116198108,-0.00578518724,-0.000112115849,-0.000124134313,0.0108670127,-0.0305409748,-0.048489891,0.00207887636,-0.00354283769,-0.999991536,-0.00309509994,-0.0880394503,-0.439326793,0.0186328888,0.455904841,0.33436954,0.696779251,-0.13305822,0.138879523,-0.00395919383,0.0843974799,0.425928473,-0.0276293755,-0.448775053
0.1161943,-0.00513827289,-0.000169758554,-0.000205067772,0.0118773263,-0.0313314646,-0.0302571487,0.00142663321,-0.00374653563,-0.999991953,-0.00266308151,-0.0880416334,-0.439390928,0.018527234,0.456721365,0.334700018,0.704525888,-0.118912436,0.138225332,-0.00661604526,0.0839883909,0.42587176,-0.0279433616,-0.448887646
0.116190173,-0.0052782339,-1.10692417e-05,-0.000347624242,0.010059421,-0.0265619829,-0.0190139841,0.000829871977,-0.00401565013,-0.999991596,-0.00196864363,-0.0880964547,-0.439622492,0.0183321517,0.457415164,0.334876209,0.711590946,-0.104716606,0.13688834,-0.00933266431,0.0837107971,0.425530016,-0.0279823579,-0.450450778
0.116180569,-0.00516716577,-5.15688334e-05,-0.000348325761,0.0098878853,-0.0243453998,-0.0254058987,0.000367400586,-0.00414864393,-0.999991298,-0.00132955599,-0.0880871713,-0.439998925,0.0183690712,0.457947493,0.334846973,0.718020022,-0.0901384652,0.134812921,-0.0118799498,0.0832935497,0.425467044,-0.0284897778,-0.450742692
0.116176307,-0.00453310693,-0.000203928983,-0.000277120766,0.0107591581,-0.0204505287,-0.0214302819,-0.000139900891,-0.00441063056,-0.999990284,-0.000624215987,-0.0880934224,-0.440208733,0.0182328727,0.459015578,0.334832549,0.723688722,-0.0753517151,0.132017031,-0.0145014497,0.0830122307,0.425186425,-0.0285833478,-0.451707572
0.116169423,-0.00514369039,-0.000100090605,-0.000424352504,0.00940197986,-0.0179218315,-0.0206212271,-0.00044680154,-0.00457909843,-0.99998939,3.23499989e-05,-0.0880665332,-0.440648556,0.0182099286,0.459676296,0.334556401,0.728457451,-0.0602322817,0.128520861,-0.0170905106,0.0826374441,0.425049037,-0.0289838351,-0.452135205
0.116159223,-0.00499001099,-0.000201561925,-0.000378115685,0.00519768894,-0.01019393,-0.00807507522,-0.000852958648,-0.00478705484,-0.999988198,0.000696973992,-0.0880438685,-0.44109717,0.0182095785,0.460353374,0.333932817,0.732463479,-0.0450081564,0.124408804,-0.0196423177,0.082296744,0.424880981,-0.0292971823,-0.452696264
0.11615409,-0.0048829033,-0.00024821586,-0.000219284469,0.00352897379,-0.00963141769,-0.00118021027,-0.000852958648,-0.00478705484,-0.999988198,0.00154549698,-0.0879578218,-0.441610396,0.0181490425,0.461187094,0.332963675,0.735623598,-0.0297431145,0.119782835,-0.0219501201,0.0820066333,0.424643219,-0.0294783767,-0.453330547
0.116150238,-0.0058365087,-7.28450614e-05,-0.000301246124,0.00847714394,-0.0376968943,0.00174565986,-0.00123795331,-0.00492819957,-0.999987066,0.00228908448,-0.0878300965,-0.442033023,0.0180712827,0.462430775,0.331414342,0.737965822,-0.0142702209,0.114762962,-0.0242005847,0.081755884,0.42447871,-0.0295417588,-0.453857481
0.116141737,-0.00557253463,-4.58834402e-05,-0.00017622592,0.00637579802,-0.0449294522,0.00747028459,-0.00236139703,-0.00512592029,-0.999984086,0.00315823406,-0.0877404064,-0.442809314,0.0180802513,0.463000506,0.329211801,0.73942697,0.00118653697,0.109401174,-0.0262599811,0.0814371631,0.424324065,-0.0295754503,-0.45438537
0.116142653,-0.00541975023,2.18279638e-05,-6.05834357e-05,-0.000157362985,-0.034117654,-0.0048746122,-0.0030366783,-0.00518263783,-0.99998194,0.00398629578,-0.0875482261,-0.443217993,0.0179423802,0.464383334,0.326714337,0.739997625,0.0168294385,0.103800833,-0.0283130482,0.081316486,0.424070269,-0.029275123,-0.45527184
0.116138659,-0.0057300902,0.000133253445,-0.000135616807,-0.00155222917,-0.0373808704,-0.00345688895,-0.00372493011,-0.00512090558,-0.999979973,0.00451751985,-0.0872870088,-0.443680048,0.0179494806,0.46565786,0.323631883,0.740070999,0.0326575302,0.0980037153,-0.0302604903,0.0810916051,0.424026042,-0.0293008573,-0.455229908
0.116136402,-0.00545967882,3.75057425e-05,-8.62827292e-05,-0.00042584553,-0.0428286195,0.0117061855,-0.00453116558,-0.0051204944,-0.999976635,0.00512933778,-0.087071538,-0.444078505,0.0178575423,0.46685645,0.320339918,0.74004972,0.0483555384,0.0920202732,-0.0321694613,0.0809852406,0.423771828,-0.0289239585,-0.456008524
0.116134226,-0.00578616187,0.000113151727,-0.000114947121,-0.0018982027,-0.042891711,0.0117271021,-0.00544030173,-0.00510179205,-0.999972165,0.00574731175,-0.0868318155,-0.444502831,0.0177665986,0.468163997,0.316645443,0.739792287,0.0639554188,0.0859052837,-0.0338510461,0.0808618739,0.423552692,-0.0285706762,-0.456602424
0.116130568,-0.00559597183,0.000219063644,-0.000100434481,-0.00360954064,-0.0377039351,0.0101034651,-0.0062491484,-0.00504223397,-0.999967754,0.00628389651,-0.0865755603,-0.44499588,0.017731376,0.469275773,0.312615693,0.73880583,0.0796267465,0.0797028542,-0.0354825146,0.0807365179,0.423368841,-0.0282293968,-0.456886202
0.116128854,-0.00432701735,0.000125751307,0.000189646424,-0.00354494643,-0.0336538777,0.0256807916,-0.00695054792,-0.00495490525,-0.999963582,0.00683394959,-0.086305514,-0.445527583,0.0176955573,0.470540792,0.308192015,0.736873567,0.0953227729,0.0734409243,-0.0368803889,0.0805758089,0.423238695,-0.0279730186,-0.4569453
0.116136976,-0.00359760877,-8.46661424e-05,0.000439233583,-0.00522289705,-0.0257778503,0.0352821052,-0.00760035357,-0.00489262771,-0.999959171,0.00750165572,-0.0860691518,-0.446104556,0.0174695626,0.471722245,0.303539574,0.733921409,0.110776767,0.067052573,-0.0380180702,0.0805826113,0.422927529,-0.0273109265,-0.457704037
0.116145313,-0.00364417373,-0.000320010819,0.000369644025,-0.00662594056,-0.0170978531,0.0242238846,-0.00798845105,-0.00473532872,-0.999956906,0.00801273715,-0.0857131779,-0.446971685,0.0172295794,0.472612977,0.298469424,0.729794502,0.126187667,0.0605540723,-0.0387762561,0.0806256905,0.422849506,-0.0271940604,-0.45778513
0.116150536,-0.00322053162,-0.000502933573,0.000257576554,-0.00537666213,-0.0155718178,0.0225348882,-0.00828900188,-0.00461972458,-0.999954998,0.00836774241,-0.0853312984,-0.447849393,0.0169654507,0.473637432,0.293013871,0.724540651,0.141539395,0.053929247,-0.0394404307,0.0806786641,0.422818929,-0.0270975735,-0.457787007
0.116154455,-0.00340156094,0.000479698967,-0.000217807115,-0.0134415999,-0.0178033095,0.0296323821,-0.00861540344,-0.00451282831,-0.999952674,0.00866463128,-0.0849538445,-0.448708683,0.0167106465,0.474738806,0.287184387,0.718269944,0.156700194,0.047139179,-0.039989315,0.080722332,0.422793329,-0.0268781651,-0.457788616
0.116140738,-0.00320934202,0.000696230447,2.79335345e-05,-0.015063893,-0.0228204392,0.0355669335,-0.0090063531,-0.00407184754,-0.999951124,0.0089049926,-0.0847683772,-0.449741304,0.016327681,0.475405365,0.280998439,0.710994363,0.171473846,0.0401427299,-0.0404439569,0.0807511359,0.4227404,-0.0266214665,-0.457786947
0.116154529,-0.00219194777,0.000700549106,0.00022437454,-0.0150233591,-0.0230704583,0.0298784077,-0.00953402277,-0.00389728509,-0.999946952,0.00912667718,-0.0844129249,-0.450338453,0.0163043998,0.476767987,0.27468428,0.70281148,0.186155707,0.033097662,-0.0407192111,0.0807960033,0.422738373,-0.0258110836,-0.457770616
0.116148986,-0.00295665232,0.00121930765,5.19781206e-05,-0.0196643509,-0.0238730479,0.0435231775,-0.00993404165,-0.00345961587,-0.999944687,0.00920010451,-0.0842297077,-0.450828046,0.01621392,0.478152782,0.268463641,0.693514466,0.20060131,0.0259892158,-0.0410044938,0.0808241591,0.422743529,-0.0250321068,-0.457733661
0.116155602,-0.00273508206,0.000362399529,0.000625901739,-0.012960461,-0.0278362017,0.0418402664,-0.0104945935,-0.0030931239,-0.999940157,0.00927076396,-0.0840232074,-0.451433927,0.016732201,0.478486091,0.261931896,0.683461666,0.214713037,0.0188798774,-0.0410823189,0.0808631554,0.422873944,-0.0240815077,-0.457679093
0.116172917,-0.00158509368,-0.000345057546,0.000650566653,-0.00755736046,-0.0236459468,0.0236987155,-0.0110527482,-0.00292416476,-0.999934614,0.00931369793,-0.0836132914,-0.451580018,0.0167726744,0.480067492,0.255814046,0.672446549,0.228861883,0.0118793957,-0.0411300547,0.0809405446,0.422923833,-0.0228091106,-0.457125127
0.116180882,-0.000505769392,0.00144334766,-0.00028248466,-0.0224598516,-0.0130013106,0.0143613685,-0.0114432173,-0.00278036925,-0.99993068,0.00932787266,-0.0832558945,-0.451945066,0.016854059,0.480859697,0.249886289,0.660517752,0.242601842,0.00488599809,-0.0411719345,0.0810070783,0.422967553,-0.0217978712,-0.456108183
0.116161548,-0.0012403162,0.00355403451,-0.000478818634,-0.0400368497,-0.00368362782,0.0376598053,-0.011574572,-0.0020195439,-0.999930978,0.00932840537,-0.0831184909,-0.452167124,0.0164380129,0.482028425,0.244570658,0.647645593,0.255835146,-0.00216414104,-0.0412586778,0.0810361803,0.423020333,-0.0207951274,-0.455412596
0.116161443,-0.00179792847,0.00255765254,0.000869531708,-0.0319390707,-0.00609420286,0.0542206913,-0.0115923537,-0.00116157799,-0.99993211,0.00933349319,-0.0830670446,-0.452604145,0.0176652074,0.481217742,0.239015535,0.634351313,0.268443048,-0.00918387156,-0.0412681513,0.0810762197,0.42368713,-0.0193592478,-0.454740316
0.116195612,0.00068681268,0.000648418674,0.00148759689,-0.0162972361,-0.00636488525,0.0214062687,-0.0118213585,-0.000717153598,-0.999929845,0.00932781119,-0.0826949179,-0.452681512,0.0181142762,0.482143492,0.233798608,0.620486498,0.281313092,-0.0159776695,-0.0412732959,0.0811551213,0.424323201,-0.0171302669,-0.453879625
0.116221286,0.00096968445,0.000165386664,0.00090677687,-0.0125662554,0.00298689026,0.0240638554,-0.0118475519,-0.000499665854,-0.999929667,0.00929320976,-0.082255885,-0.452738255,0.0181559194,0.483573556,0.229019314,0.605804086,0.294082999,-0.0226408876,-0.0412744507,0.0812677592,0.424713582,-0.0151728513,-0.452094764
0.116232343,0.00127556245,0.000660965918,0.000596858561,-0.0162770115,0.00941794552,0.0328831375,-0.0117022051,-0.000203248477,-0.999931514,0.00922604185,-0.0819749907,-0.453084081,0.0185060259,0.483641773,0.224411696,0.590553463,0.306145191,-0.0292964019,-0.0412576981,0.0813222975,0.424962103,-0.0136643359,-0.450477928
0.116245762,0.00216707843,0.0012141827,0.000564162619,-0.0204412285,0.014002963,0.0273394361,-0.011471265,0.000166772297,-0.999934196,0.0090976404,-0.0816355571,-0.453211904,0.0186367799,0.483929515,0.220219284,0.574853957,0.31779933,-0.0358441062,-0.0412360094,0.0813753754,0.425164938,-0.0121357543,-0.449082881
0.116255894,0.00249618827,0.000565460999,-0.000161764721,-0.0180490594,0.0197802633,0.0359263457,-0.011141941,0.000626870606,-0.999937713,0.00883041602,-0.0813392699,-0.453384221,0.018894488,0.483904898,0.216264546,0.558831215,0.32894057,-0.0422530957,-0.0411853865,0.0814226568,0.425455183,-0.0106189745,-0.447716922
0.11624039,0.00233694306,-0.000907235721,-0.000433721289,-0.01309497,0.0268287361,0.0136938663,-0.0106791267,0.000904492568,-0.999942541,0.00845975243,-0.0809392035,-0.453493506,0.0194658227,0.483740866,0.212632775,0.542545259,0.339619547,-0.0484456457,-0.0411114134,0.0818019211,0.425959349,-0.00868157949,-0.446329564
0.116239578,0.0025736182,0.000259214896,0.0005183061,-0.0211395938,0.0300313476,-0.00443501631,-0.0100686755,0.00115723629,-0.999948621,0.00789351016,-0.0802582875,-0.453725517,0.0197258461,0.483927071,0.209188193,0.526145756,0.350159675,-0.0543256477,-0.0410376228,0.082386151,0.426476479,-0.00764729781,-0.443436295
0.116262145,0.00360900932,0.00261832587,0.00101443031,-0.0333480574,0.0292635001,0.0148298023,-0.0094779199,0.00174788653,-0.999953568,0.00706126215,-0.0799452141,-0.453901231,0.0199686065,0.483823001,0.20607613,0.509765744,0.359845698,-0.0601042658,-0.0407677479,0.0825061351,0.426721156,-0.00667490112,-0.441768914
0.116281338,0.00423024083,0.00338815548,0.000926026434,-0.0381138064,0.0298887435,0.024816744,-0.0088969199,0.00249653729,-0.999957323,0.00619489094,-0.0797276869,-0.453988552,0.0203487538,0.483584821,0.203213528,0.493436635,0.368869811,-0.0656877011,-0.0401308462,0.0825398937,0.427207857,-0.00525002414,-0.440755278
0.116300352,0.00481999665,0.00250916067,0.000338258338,-0.0335800014,0.0341247283,0.0320817381,-0.00827999879,0.00328124408,-0.999960363,0.00543079386,-0.0794645548,-0.454009235,0.0207653716,0.483575195,0.200635701,0.477178931,0.377494752,-0.0709771067,-0.0391451158,0.0825668946,0.427965254,-0.00339158392,-0.439758301
0.116296135,0.00531225279,-0.00191937946,-0.00125628058,-0.0137549425,0.0431857929,0.0376668647,-0.00752774812,0.00385011313,-0.999964237,0.00471629668,-0.0790853277,-0.453947574,0.0215124059,0.48353824,0.198369876,0.46098277,0.385766834,-0.0759334937,-0.0378412232,0.0828905553,0.4290075,-0.000990507659,-0.438614637
0.116251998,0.00353043643,-0.00455322955,-0.00116754381,-0.00590830762,0.0501792133,-0.000576061779,-0.00654689549,0.00384263648,-0.999971211,0.00406474434,-0.0781051069,-0.453897297,0.0224599615,0.483430028,0.196403891,0.444828451,0.393793136,-0.0804876313,-0.0361141264,0.0841815025,0.430217355,0.00149604806,-0.437061578
0.116251059,0.0023453997,0.000216398941,0.00112771534,-0.0313761793,0.0415249467,-0.0184896532,-0.00552081317,0.00408800738,-0.999976397,0.0030328366,-0.0770823658,-0.454452872,0.0227589607,0.48314932,0.194162875,0.428916991,0.401265591,-0.0847937986,-0.0343734473,0.085405983,0.431121707,0.00182570901,-0.433250576
0.116297588,0.00403083768,0.00515003828,0.00204840698,-0.0545922369,0.0290179346,0.0183114521,-0.00488857459,0.00509305857,-0.999975085,0.00201014848,-0.0768269077,-0.454702169,0.0229488574,0.482901096,0.191985145,0.413173467,0.407301605,-0.0891174302,-0.032997869,0.0855852813,0.43131429,0.00200438453,-0.431579918
0.116332732,0.00442756433,0.00621303916,0.00119823229,-0.0607603006,0.0298298597,0.047724355,-0.00435559684,0.00627493532,-0.999970853,0.00124848704,-0.0767002925,-0.454627931,0.0233551506,0.482913136,0.190026879,0.397315532,0.412465155,-0.0932016447,-0.0313007459,0.0855789036,0.431729108,0.00312637002,-0.431296617
0.116344728,0.00487903878,0.00565753691,0.000534838648,-0.0556969829,0.03472808,0.0506530032,-0.00368277193,0.00753149763,-0.999964833,0.000572310993,-0.0766446143,-0.454445899,0.0246897731,0.482471257,0.188123614,0.38137579,0.417158604,-0.0968977511,-0.0292831436,0.0855731443,0.432675749,0.0047890991,-0.430995643
0.116353139,0.00631733658,0.00195345771,-0.000733140623,-0.0279161222,0.0409523845,0.0336443596,-0.00295175775,0.00851035397,-0.999959409,0.000104783132,-0.0765008554,-0.453828603,0.026062483,0.482765734,0.18651174,0.365458667,0.421682537,-0.10013368,-0.027195733,0.0856131017,0.433824152,0.00706203654,-0.430407614
0.116315484,0.00540532125,-0.0026265434,-0.00202533766,-0.00110042572,0.0513443016,0.00847526174,-0.00203355867,0.00865214411,-0.999960482,-0.000361371902,-0.0761270523,-0.452915668,0.0277241431,0.483088672,0.185132086,0.349560648,0.425955713,-0.102919944,-0.0246393569,0.0862474293,0.435129404,0.00970618241,-0.429388046
0.116273478,0.00434877118,-0.00300231599,-0.000885497779,-0.00411132118,0.0523072258,-0.0071709929,-0.000895052624,0.00855578203,-0.999962986,-0.00118846027,-0.0755424276,-0.452560842,0.0292469673,0.482785225,0.183603853,0.333778143,0.42950207,-0.10546644,-0.0216640122,0.0872076526,0.436223686,0.0106864991,-0.427203357
0.116281249,0.00469775777,0.00188315578,0.0013472198,-0.0356227532,0.0419837907,0.0140778674,5.61690649e-05,0.00881627202,-0.999961138,-0.00196262705,-0.0750314221,-0.452490181,0.029841274,0.482597083,0.181976601,0.318091333,0.431747824,-0.107965447,-0.0188500173,0.0879035667,0.436559796,0.0106939431,-0.426007837
0.11632669,0.00508889742,0.00431492412,0.000829808065,-0.0441483296,0.0321770422,0.0368217491,0.000789814396,0.00998017937,-0.999949872,-0.00257003331,-0.075001061,-0.452445447,0.0303551853,0.482137144,0.180063933,0.302368015,0.432571143,-0.110436194,-0.0166245438,0.0879566446,0.436620295,0.0106815761,-0.425548762
0.116312556,0.00488513056,0.00116387266,-0.00118680845,-0.015570539,0.0324235559,0.0157437678,0.00135807693,0.0105809709,-0.999943078,-0.00297095906,-0.0749797747,-0.451676399,0.0316069387,0.482048601,0.178003028,0.2864905,0.432933271,-0.112542905,-0.0141901653,0.0882419199,0.436952144,0.0118554812,-0.425439179
0.116278462,0.00431229128,-0.00144096324,-0.00141561253,0.00278574694,0.0373209491,-0.0200057011,0.0020930497,0.0106028114,-0.999941587,-0.00346111692,-0.0748844147,-0.450772852,0.033097934,0.482088417,0.175908431,0.270607084,0.433056921,-0.114325047,-0.0113904504,0.0887388438,0.437513769,0.0125331646,-0.424099922
0.116256185,0.00435351534,-0.00198329659,-0.000855388585,0.00304310815,0.0351408385,-0.016200522,0.00284240767,0.0104714185,-0.999941111,-0.00413685199,-0.0747053996,-0.450010866,0.0341633819,0.482117981,0.173865378,0.254902452,0.433051258,-0.11596559,-0.00850871857,0.0892681703,0.437817425,0.0126361409,-0.422961861
0.116244584,0.00412041787,-0.00117536436,-0.000401965663,-0.00484783901,0.030410599,0.00553054083,0.003491699,0.0104824193,-0.999938965,-0.00486926083,-0.0745833442,-0.449531317,0.0349051394,0.481797814,0.171743408,0.239420786,0.432755172,-0.117474183,-0.00568163628,0.0898119509,0.437899351,0.0126394471,-0.422630668
0.116240025,0.00393577339,-0.000266902731,-0.00014612831,-0.0101840785,0.0275080167,0.000982443453,0.00406114105,0.0106644602,-0.999934912,-0.00552525418,-0.0745450035,-0.44919017,0.0355698913,0.481391907,0.169508755,0.224142626,0.432129204,-0.118738949,-0.00300891907,0.0903161913,0.437936932,0.0126256207,-0.422538012
0.116238214,0.00335390843,-2.80976328e-05,-0.000726660131,-0.0204336252,0.0238080006,-0.0037851308,0.00459223706,0.0108898366,-0.999930143,-0.00605631899,-0.074468635,-0.448713809,0.0360760577,0.481323868,0.167297751,0.209091574,0.431212276,-0.119682476,-0.00051514199,0.0907889083,0.437999785,0.0125951478,-0.422204167
0.116210356,0.00262160948,0.000134276561,-0.000701002369,-0.0282779336,0.019869823,0.0044640447,0.00501184771,0.011482113,-0.999921501,-0.00674329093,-0.0740919784,-0.448533267,0.0364877768,0.48075363,0.16499497,0.194437772,0.429577202,-0.120353468,0.00190505199,0.0916210935,0.438019782,0.0124681881,-0.421826661
0.116209589,0.00288769137,0.000434943446,-8.74375619e-05,-0.0228067525,0.0198902786,0.000784971577,0.00538899237,0.0120198522,-0.999913216,-0.00721569685,-0.0737635493,-0.448150784,0.0372052528,0.480445653,0.162815005,0.180243313,0.427405924,-0.120652847,0.00413237186,0.0923776776,0.43803522,0.0123885553,-0.421538025
0.116206028,0.00194613577,0.00199907622,0.000276572217,-0.0279047079,0.022128664,-0.0142266443,0.00580756925,0.0123939663,-0.999906301,-0.0074498225,-0.0736224651,-0.447439104,0.0380758308,0.480395794,0.16091013,0.166495368,0.424658567,-0.12071903,0.0061791027,0.0929294452,0.438043505,0.0123661906,-0.421290219
0.116219208,0.000898532162,0.00588577753,0.00127221458,-0.0547367781,0.0179754179,-0.00996554643,0.00626682071,0.0131394891,-0.999894023,-0.00755782332,-0.0735905617,-0.447079808,0.0388386995,0.480345339,0.158996493,0.153396532,0.421108097,-0.120746471,0.00785331707,0.0932540298,0.438051432,0.0114819976,-0.41977635
0.116253592,0.00179646024,0.00840042811,0.00102154922,-0.0731097907,0.0116981985,0.0129285995,0.00652186386,0.0145855313,-0.999872327,-0.00760329794,-0.0736605227,-0.446424752,0.0400198773,0.48029691,0.157252878,0.140960962,0.416509211,-0.120759606,0.00906725693,0.0932081789,0.43803671,0.011140096,-0.41913566
0.116254695,0.00340075535,0.00746962987,0.000111990375,-0.0642877296,0.0112264659,0.0160181336,0.00674280664,0.0160600562,-0.999848306,-0.00763758318,-0.0737010539,-0.444940567,0.0423267297,0.480247736,0.155816719,0.129066557,0.411369771,-0.120749347,0.0102553973,0.0931498483,0.438033789,0.0113512892,-0.419065833
0.116252355,0.00550905149,0.00495796837,-0.000204174226,-0.0419096015,0.0154765686,-0.00122792809,0.00698097702,0.0171524901,-0.999828517,-0.00765964994,-0.0737187117,-0.442473233,0.0453868024,0.480270445,0.154782996,0.117818534,0.405988336,-0.120715469,0.0113884797,0.0930990279,0.438042313,0.0120037524,-0.41903457
0.116241589,0.00706782239,0.000648335088,-0.0019760658,-0.0060641272,0.0245861225,-0.0176766589,0.00736057386,0.017736664,-0.999815583,-0.007673705,-0.0737357289,-0.439396083,0.0484652556,0.480302811,0.154231295,0.107316658,0.400238633,-0.120536402,0.0124344239,0.0931058824,0.438040555,0.0128352772,-0.418990552
0.116170786,0.00553563423,-0.00275604962,-0.00373289222,0.0181796886,0.0341734774,-0.0339144468,0.00795176905,0.0174004808,-0.999816954,-0.00768485293,-0.0737359971,-0.436372489,0.0513913631,0.480243921,0.1539803,0.0976992995,0.393995941,-0.119874232,0.013790071,0.0935494825,0.438026309,0.0135953166,-0.418801606
0.116092458,0.00336486544,-0.00194890483,-0.00231938972,0.00844532624,0.0361112766,-0.0339629129,0.00870389957,0.0170206688,-0.999817252,-0.00770623889,-0.0737382397,-0.43450284,0.0534663238,0.479530752,0.153579012,0.0892137587,0.386866242,-0.118656032,0.0155461207,0.0941680074,0.437983185,0.0129067712,-0.417452782
0.116078183,0.00380160846,0.00214897841,0.000838216511,-0.00123930012,0.0169147924,-0.0112396479,0.00937281642,0.0170742851,-0.999810278,-0.00770907989,-0.0738730505,-0.433571517,0.0543800965,0.478621364,0.153216496,0.0818420425,0.378615558,-0.116887718,0.0172416344,0.0945350155,0.437560737,0.0115569718,-0.417000234
0.116123088,0.00487996824,0.0038662306,0.00103842898,-0.0237350687,0.0215732493,0.00226476835,0.00937283691,0.0170742869,-0.999810278,-0.00769167067,-0.074275367,-0.432725579,0.0548571423,0.478180379,0.152907014,0.0754236802,0.369611114,-0.114645883,0.0184705034,0.0943068415,0.436903864,0.0106859189,-0.416960776
0.116115242,0.00517061865,0.000661345082,-0.00144811324,-0.0181018803,0.0342437178,0.00399771938,0.010237202,0.0180225819,-0.999785185,-0.00767243281,-0.0746104419,-0.431196302,0.0562079176,0.477965713,0.152722299,0.0698305741,0.360609293,-0.111892737,0.0196271613,0.0943210796,0.436582685,0.0107882172,-0.4169662
0.116062582,0.00399087369,-0.00206340081,-0.00244057784,0.012714074,0.026198145,-0.0120606711,0.010745177,0.0177964382,-0.999783874,-0.00764783379,-0.0747680441,-0.429521173,0.0579517074,0.477479458,0.15265967,0.0652072653,0.35155341,-0.108697392,0.0208497681,0.0948013887,0.436304986,0.0108297486,-0.416959822
0.116017394,0.00300492416,-0.00256943097,-0.00168117066,0.0133244973,0.0217913296,-0.0216218568,0.0112763923,0.0175195225,-0.99978292,-0.00762660196,-0.0748456791,-0.428215414,0.0592320152,0.476767063,0.152606294,0.0617623292,0.342212766,-0.10510619,0.0221869741,0.0954419002,0.436038226,0.0100037986,-0.416373938
0.115995795,0.00314299506,-0.00231434195,-0.000853063597,0.00624975841,0.00826277025,-0.00784196239,0.011601503,0.0172732435,-0.999783516,-0.00758733181,-0.0749406889,-0.427170902,0.0598704182,0.476052403,0.152576968,0.0594551004,0.33234635,-0.101162009,0.0234879125,0.0960609019,0.435364902,0.00901133567,-0.416271776
0.115983419,0.0032330614,-0.00191869331,-0.000619195052,0.00536609767,0.00423218403,1.38821706e-05,0.011601503,0.0172732435,-0.999783516,-0.00752349803,-0.0751094446,-0.426299781,0.0601379648,0.475300372,0.152559757,0.0581439212,0.322080672,-0.0969220251,0.0246836245,0.0966316611,0.434354901,0.0079755364,-0.416266114
0.115970857,0.00242671417,-0.000767297868,-1.0790628e-05,0.0148524418,0.0115870032,-0.00336194457,0.0117706731,0.0170586612,-0.999785185,-0.00741878338,-0.075403586,-0.42549935,0.0602679104,0.474478573,0.152552858,0.0577253513,0.311549455,-0.0924447253,0.025715705,0.0971346349,0.433148175,0.00697010756,-0.416268736
0.115982369,0.00235931389,0.0030268582,0.00177563715,0.00223690807,0.0105122719,-0.00703349849,0.0120625906,0.0166808367,-0.999788105,-0.00722585246,-0.075922586,-0.424809277,0.0604707897,0.473881096,0.15254645,0.0576884635,0.300898969,-0.0878030136,0.0265260711,0.0973343477,0.432103455,0.00535446219,-0.415388286
0.11603871,0.00381301157,0.00626399741,0.00206188532,-0.0130536007,0.006209841,-0.000607465801,0.0121863559,0.0169725232,-0.999781668,-0.00689374981,-0.0770016164,-0.423755527,0.0608430952,0.473618239,0.152564988,0.0577159524,0.289791077,-0.0831231773,0.0270636976,0.0965682939,0.431088805,0.00428230595,-0.41519779
0.116058715,0.00486620795,0.00334919151,-0.000767406134,0.00811295863,0.00930285454,0.00824707188,0.0123105487,0.0172030851,-0.999776244,-0.00648442889,-0.0782567412,-0.42194131,0.0621611699,0.47343725,0.152599767,0.0579304621,0.278561503,-0.0783508569,0.0275473334,0.0956245586,0.430403262,0.00428145798,-0.415207386
0.11600332,0.00373622589,-0.00150217989,-0.00283541507,0.0307194106,0.0153033752,-0.010674349,0.0125642577,0.0166439936,-0.999782562,-0.00592111703,-0.079095453,-0.419530153,0.0644141659,0.473319381,0.152809873,0.0587721467,0.267471224,-0.0734015927,0.0279713161,0.0955920443,0.429997742,0.00481337216,-0.415113062
0.115944445,0.00196970673,-0.00279729906,-0.00223963428,0.0277186371,0.015925495,-0.0238032155,0.012916035,0.0159802269,-0.99978888,-0.00542590022,-0.079565309,-0.417614222,0.0662963763,0.472958744,0.153150901,0.0608141273,0.256116688,-0.068296805,0.0285584647,0.0960596278,0.429773301,0.00427630916,-0.414249629
0.115914524,0.00210333243,0.000945567328,0.000711831904,0.00439238828,0.0125276903,-0.0124592306,0.0131857581,0.0155478241,-0.999792159,-0.00490060402,-0.0800005198,-0.416481256,0.0671175942,0.472232461,0.153880134,0.0642003343,0.243988618,-0.0629779324,0.0291089937,0.0966020375,0.428981513,0.00298836594,-0.413702905
0.115971215,0.00345354993,0.00570199778,0.00253665377,-0.0155211668,0.00780391321,0.00360270287,0.0134092271,0.0158108138,-0.999785066,-0.00424730219,-0.0809110999,-0.415635884,0.0672622472,0.471758217,0.155121446,0.0687600598,0.231214851,-0.0575231127,0.0294260047,0.096141912,0.42778185,0.00135118002,-0.413418233
0.116010509,0.00481106434,0.00405787583,4.63823244e-06,0.00194173201,0.00629925169,0.0292268991,0.0135001503,0.0161665678,-0.999778152,-0.00357001694,-0.0821274966,-0.414305717,0.0678175762,0.47149837,0.156770051,0.0743624493,0.218281403,-0.0519444048,0.029775722,0.0952251852,0.42676577,0.00107023201,-0.413434714
0.115966178,0.00417401455,-0.00124762463,-0.00255474774,0.0302753095,0.0123285335,0.0255603809,0.0136799701,0.0157172289,-0.99978286,-0.00276258308,-0.0830900297,-0.412445784,0.0694603398,0.471292943,0.158861011,0.0810001269,0.205566347,-0.0461934246,0.0299988389,0.0950897634,0.426078647,0.00159168697,-0.413592219
0.115906842,0.00103953609,-0.00284164608,-0.0015919212,0.0331642032,0.0189401899,-0.0207449049,0.0140097858,0.0149421953,-0.999790192,-0.00200803997,-0.083585389,-0.410938084,0.0709100664,0.470850289,0.161321774,0.0888470784,0.192817345,-0.0402590334,0.0302123353,0.0956232399,0.425598234,0.00130913302,-0.413138628
0.115903631,0.000393008377,0.00113051664,0.00124000746,0.0127840033,0.0122868456,-0.0242554508,0.0144258067,0.0144030666,-0.999792218,-0.00135471195,-0.084143579,-0.410340965,0.0714446232,0.470351577,0.163980469,0.0979618877,0.179558769,-0.0341045409,0.0304398146,0.0959692374,0.424990952,-0.000748416991,-0.411092788
0.115955554,0.00299518229,0.00509679643,0.00210601371,-0.00557127642,0.000448381761,0.0190942921,0.0144869993,0.0144447284,-0.999790728,-0.000575745013,-0.0852483138,-0.4096753,0.0715152696,0.470222831,0.167086616,0.108085483,0.165249348,-0.0278449077,0.0306753796,0.0952835828,0.423799068,-0.00207615807,-0.410678148
0.115983173,0.00488742627,0.00441265292,0.000485788449,0.000577511324,0.00274624955,0.0426124446,0.0144548621,0.0146145457,-0.999788702,0.000149852,-0.0864925459,-0.408602238,0.0718649253,0.469957083,0.170556158,0.118874021,0.150700584,-0.0214884095,0.0310427081,0.0943625495,0.422640949,-0.002214988,-0.410954177
0.115969576,0.00546767795,-0.000931817922,-0.00196621404,0.0287422761,0.0118216239,0.0494652055,0.0146218333,0.0143969748,-0.999789417,0.000863439986,-0.0875049978,-0.407090634,0.0729817227,0.46966821,0.174429923,0.130262807,0.136341006,-0.0150321368,0.0312706754,0.0938805491,0.42174691,-0.00169978198,-0.411251843
0.11590188,0.00136215554,-0.00374898431,-0.00215422292,0.0386999995,0.0212240703,-0.00970006362,0.0149559584,0.0134361517,-0.999797881,0.00169390405,-0.0879308358,-0.405693412,0.0742068216,0.469218522,0.178554893,0.142416537,0.122099571,-0.00837203767,0.0313320346,0.0944992006,0.421015888,-0.001355435,-0.411296904
0.115884624,-0.000611498021,4.07389598e-05,0.000605861074,0.015968116,0.015356482,-0.032118693,0.0154671818,0.0128559871,-0.999797702,0.00215902296,-0.0883889645,-0.405409366,0.0745531023,0.468259901,0.182339266,0.155597955,0.107623003,-0.00154568604,0.0314766318,0.0950200185,0.420405954,-0.00384876505,-0.40813747
0.115926467,0.00281384424,0.00357264816,0.00191570807,-0.00151701248,0.00147229224,0.02081131,0.015553128,0.0128168408,-0.999796867,0.00279517798,-0.0892880782,-0.404976279,0.0745309293,0.46787855,0.186464384,0.169563606,0.0918420404,0.0053528538,0.0316104181,0.0945561454,0.419202209,-0.00525573222,-0.407674402
0.115957655,0.0044499822,0.00322176632,0.000834705308,0.00207647611,0.00307377125,0.035623759,0.0155368745,0.0129035935,-0.999796033,0.00347243831,-0.0902676284,-0.404153556,0.0745643377,0.467708915,0.190777317,0.183893681,0.0757187232,0.0123018418,0.0318293758,0.0938683227,0.418085605,-0.00541309593,-0.408407301
0.11595542,0.00248641707,0.000345533161,-0.000584415102,0.0189082418,0.00956480578,0.00365304598,0.0156945325,0.0127116265,-0.999796033,0.00408071093,-0.0910795853,-0.403190553,0.0749223158,0.467347383,0.195099011,0.198464543,0.0598390028,0.0192651078,0.031982597,0.0935241878,0.417328209,-0.00518579781,-0.408957273
0.115932547,0.00085698429,-0.000214019179,-0.00011489258,0.0196549855,0.00982580613,-0.0136868451,0.0159216132,0.0121451123,-0.99979949,0.00446339883,-0.0916299671,-0.402534485,0.0753031746,0.466789305,0.198983684,0.213447958,0.0442677885,0.0262781829,0.0320958532,0.0936954692,0.417151749,-0.00574090984,-0.407683581
0.115950383,0.00180333958,0.00159367523,0.000926068577,0.00588483503,0.00888307672,0.00617767265,0.0160807185,0.0119342096,-0.99979949,0.00492327707,-0.0923072994,-0.402113914,0.0753295869,0.466229916,0.202959701,0.228859395,0.0279568825,0.0332713127,0.0321378596,0.0934122056,0.416713923,-0.00619550887,-0.407443315
0.115967661,0.000948543078,0.00168778712,0.000606374233,0.00312099815,0.00477716792,-0.00043250696,0.0162798017,0.0119057158,-0.999796569,0.0054805032,-0.0929731131,-0.401698768,0.0753321573,0.465760678,0.206911474,0.244523644,0.0112234103,0.0403128229,0.0322446525,0.0930703357,0.416325599,-0.00642100116,-0.407749802
0.115973212,-0.000167240956,0.000914925069,0.000267045514,0.00250114175,-0.000125980048,-0.00656157406,0.0162715204,0.011809838,-0.999797881,0.00594047597,-0.0934788212,-0.401337206,0.0753486603,0.465423644,0.210320085,0.260504752,-0.00556747522,0.0474130735,0.0324016362,0.0929222852,0.416239351,-0.00686524808,-0.40758431
0.115978017,-0.00024352051,0.000392270827,0.000188276637,0.00915560313,-0.000281181769,0.00377746276,0.0162715204,0.011809838,-0.999797881,0.00649068644,-0.093949236,-0.401081085,0.0753500462,0.465136051,0.21362552,0.276610732,-0.0226094648,0.0545410179,0.0325506143,0.0927734748,0.416134745,-0.00718092127,-0.407949984
0.115980715,-0.000753279019,-5.95562451e-05,8.878675e-05,0.00915560313,-0.000281183078,0.00377755472,0.0162620097,0.0114412103,-0.999802291,0.00708580483,-0.0943784043,-0.400951445,0.0753343254,0.464906335,0.216730475,0.292792231,-0.0398352779,0.0616904125,0.0327180475,0.0926612467,0.416085213,-0.00757581927,-0.408378124
0.115982085,-0.00104001712,-0.000327666319,5.73945144e-05,0.00649463339,-0.00126997347,0.00121992535,0.0162620097,0.0114412038,-0.999802291,0.00768770743,-0.0947819576,-0.400895953,0.0752932131,0.464773387,0.219575569,0.308980852,-0.0571905598,0.0688164979,0.0328732468,0.0925706103,0.41607371,-0.00804476254,-0.408845991
0.115983836,-0.00121865212,-0.00050885597,5.50308687e-05,0.020722352,-0.0063425675,-0.000412080117,0.0162118599,0.0111808749,-0.999806046,0.00828625634,-0.0951625034,-0.400859684,0.0751947761,0.464699328,0.222190022,0.325071067,-0.0746227205,0.0758443996,0.0329970643,0.0924909487,0.416065603,-0.00852580741,-0.409442693
0.115985304,-0.00131921563,-0.000677386532,9.98608157e-05,0.0218877047,-0.0092931902,-0.00517415814,0.0160083771,0.0106129786,-0.999815524,0.00884526875,-0.0955227166,-0.400833935,0.0749961734,0.464636952,0.224497855,0.341013074,-0.0920731425,0.0827018395,0.0330998711,0.0924249738,0.416064173,-0.00908679422,-0.410058528
0.115988962,-0.00146158668,-0.000840818626,0.000136032089,0.0161319058,-0.00964214932,-0.0119031128,0.0158380214,0.0103088655,-0.999821424,0.00936552696,-0.0958553553,-0.400820494,0.0746310577,0.464554071,0.226536259,0.356736213,-0.109515868,0.0893115252,0.0331660882,0.092366837,0.416059434,-0.00960165821,-0.410791397
0.115992017,-0.00156712602,-0.00103088119,0.00019642913,0.0171306469,-0.0125446366,-0.0165228732,0.0156179834,0.00997546501,-0.999828279,0.0098170694,-0.096162267,-0.400819153,0.074132517,0.464414299,0.228234068,0.372222602,-0.126904503,0.09562397,0.0332113616,0.092330128,0.416067004,-0.0102224741,-0.411375433
0.115998209,-0.0016370411,-0.00122829969,0.000261323527,0.0182279274,-0.0154908104,-0.0197575334,0.0153298015,0.00963389967,-0.999836087,0.0102168638,-0.096435383,-0.400826305,0.0734368488,0.464206696,0.229659572,0.387452692,-0.144303635,0.101591639,0.0332410596,0.0922988951,0.416066676,-0.0107515771,-0.412229389
0.116003945,-0.00171957759,-0.00139119697,0.000298340601,0.0190797094,-0.0172193311,-0.0220272858,0.0149907833,0.00925849937,-0.99984479,0.0105505688,-0.096687153,-0.400845647,0.0726192743,0.463915974,0.230785877,0.402413189,-0.161693886,0.107190765,0.0332663059,0.0922797471,0.41607368,-0.0113695487,-0.413032025
0.116011687,-0.00185338128,-0.00152675586,0.000303018314,0.0198255144,-0.0182515122,-0.0244177766,0.0146329189,0.00888400991,-0.999853492,0.0108916154,-0.0969103053,-0.400882185,0.0716740936,0.463512063,0.231708467,0.41710785,-0.179219335,0.112415306,0.0332927331,0.0922620296,0.416072011,-0.0119371731,-0.41400978
0.116017692,-0.00169521454,-0.00162854348,0.000435387279,0.0196218584,-0.0202471334,-0.0228049587,0.014252197,0.00848006178,-0.999862492,0.0112057906,-0.0971125662,-0.400945276,0.070651345,0.463046491,0.232362002,0.431563824,-0.19682005,0.117284194,0.0333191156,0.0922594666,0.416089684,-0.0126265241,-0.414823979
0.116030619,-0.00208710064,-0.00156860217,0.000330080598,0.0187217928,-0.0212478898,-0.0234000366,0.0138154645,0.00811247528,-0.999871671,0.0114894761,-0.0972676277,-0.40104866,0.0694163367,0.462575078,0.232873142,0.445777655,-0.214517236,0.121772677,0.0333305411,0.0922433734,0.416095465,-0.0130864186,-0.416368008
0.116032556,-0.00277956505,-0.0015875384,0.000145509926,0.019024035,-0.0206478015,-0.025609402,0.0133950114,0.00774414884,-0.999880314,0.0116310911,-0.0974294022,-0.401357055,0.0682186559,0.461927444,0.233076438,0.459724605,-0.231999874,0.125860944,0.033337798,0.0922439843,0.416190624,-0.0138906408,-0.417310447
0.116038419,-0.00197925977,-0.00158857566,0.000468738406,0.0157999918,-0.0192851722,-0.0102591431,0.0129816486,0.00736537203,-0.999888599,0.0117598549,-0.0975511521,-0.401804268,0.0669446141,0.461387098,0.233199999,0.473415345,-0.249296501,0.129546508,0.0333418772,0.0922439247,0.416295767,-0.0145728989,-0.418366641
0.116052799,-0.00244849059,-0.00230251066,0.00021238545,0.0202562045,-0.0147998733,-0.0163447168,0.0126204574,0.00711766537,-0.999895036,0.0118971402,-0.0976094902,-0.402433962,0.0654146895,0.460784435,0.233314171,0.486790478,-0.266431928,0.132817805,0.0333428979,0.0923140123,0.416318148,-0.0149730826,-0.420355737
0.116048805,-0.00257344125,-0.00242901267,-4.89373087e-05,0.0240113121,-0.0134761948,-0.0145217171,0.0123853274,0.00656316383,-0.999901772,0.0119599933,-0.097654067,-0.40322566,0.0641358569,0.460383743,0.233332455,0.499924153,-0.282957137,0.135743469,0.0333709233,0.0925312266,0.416754454,-0.0158857908,-0.421122342
0.116052754,-0.0022733449,-0.00184493954,-0.000333530479,0.0261880737,-0.0119176758,-0.0118643641,0.0120772375,0.00616477476,-0.99990809,0.0120159974,-0.0977331772,-0.403959483,0.0628397912,0.460024208,0.233361229,0.512718558,-0.299361348,0.13824828,0.0333670266,0.0923586711,0.416908175,-0.0162114818,-0.423120826
0.116037019,-0.00298141176,-0.00127528515,-0.000669189147,0.030066438,-0.00833937339,-0.0274152346,0.0119060501,0.00552098267,-0.999913871,0.0120521383,-0.0979412943,-0.404438525,0.0621660426,0.459848672,0.233346894,0.525179565,-0.315203041,0.140417337,0.0333619006,0.0919978917,0.417652488,-0.0165949259,-0.424010068
0.11602769,-0.0024904937,-0.000448905921,-8.54894097e-05,0.0245499425,-0.0101181464,-0.0225813165,0.0117375571,0.00497527886,-0.999918759,0.0120812524,-0.0983237028,-0.404924154,0.0615136512,0.459627271,0.23333773,0.537334085,-0.330750644,0.142184913,0.0333504975,0.0914233029,0.418433011,-0.0168507528,-0.424957275
0.116034858,-0.00268306979,-0.000386433559,0.00020769237,0.0198434796,-0.0102451565,-0.0273509715,0.0114967562,0.00454962905,-0.999923587,0.0121136429,-0.0986301228,-0.405361772,0.0606574081,0.459495157,0.233338267,0.549170434,-0.346165329,0.143532827,0.033328969,0.0908189416,0.419082344,-0.0169544555,-0.426416427
0.116037302,-0.00335692032,-0.000325887086,2.63761322e-05,0.0157034621,-0.00875063892,-0.0333769396,0.0113229752,0.00419420702,-0.999927104,0.0121352701,-0.0987836421,-0.405901104,0.0598977767,0.45939362,0.233302027,0.560607135,-0.361074686,0.144427806,0.0333103798,0.0904629529,0.420043975,-0.0172277,-0.427431256
0.116037488,-0.00318442332,-5.52719284e-05,0.000136236311,0.0110504748,-0.0108340988,-0.0248319227,0.0111410329,0.00393665349,-0.999930203,0.0121536655,-0.0988530964,-0.406516403,0.0591320284,0.459330946,0.233199239,0.571572006,-0.375372797,0.144855648,0.0332827792,0.0901422948,0.421002984,-0.0175207611,-0.428658813
0.116044179,-0.00358465128,-0.000175934227,0.000250719226,0.0110037252,-0.0119975228,-0.0267635044,0.0108857602,0.0037635793,-0.99993366,0.012172644,-0.0988859981,-0.407218009,0.0582099147,0.459304303,0.233141184,0.582096577,-0.389174759,0.144961238,0.0332447141,0.089752093,0.421852976,-0.0176497288,-0.430381626
0.116049103,-0.00424979953,-0.000367665431,0.000138574789,0.0130719552,-0.0123456614,-0.0332691334,0.0106572267,0.0035080642,-0.999937057,0.0121796783,-0.0988966078,-0.407962143,0.0573928878,0.459348738,0.233026206,0.592087984,-0.402103513,0.144986466,0.0331784673,0.0894982964,0.422991097,-0.0178930275,-0.431644917
0.116051584,-0.00405695336,-0.00033491163,0.000289827032,0.0125230905,-0.0163597316,-0.0269989446,0.0103873471,0.00325495051,-0.999940753,0.0121819498,-0.098895587,-0.408752561,0.0565360747,0.459414452,0.232835457,0.601482928,-0.414164245,0.144986972,0.0330852531,0.0892058909,0.42406106,-0.018168645,-0.433042526
0.116062425,-0.00458061462,-0.000706767489,0.000411972578,0.0155705195,-0.0201243013,-0.0319961905,0.00999946706,0.00301840669,-0.999945462,0.0121813556,-0.0988860205,-0.409550935,0.0554684661,0.459515721,0.232612297,0.610323489,-0.425508946,0.144962624,0.0328904912,0.0888202041,0.424951464,-0.0182880498,-0.434878826
0.11606998,-0.00502244057,-0.000757430447,0.000218306406,0.00954822451,-0.0104606124,-0.0206926782,0.00957867503,0.00264470675,-0.999950647,0.0121689411,-0.0988528207,-0.410365552,0.0545172542,0.459776253,0.232162595,0.618536234,-0.435841829,0.144879475,0.0326272286,0.0885639489,0.426055729,-0.0186091512,-0.436170936
0.116073161,-0.00538883964,-0.000263905036,8.25437601e-05,0.011730439,-0.0263073742,-0.0321963131,0.00957866199,0.00264469557,-0.999950647,0.0121457633,-0.0988145992,-0.411225319,0.0533413291,0.459906012,0.231628239,0.626075268,-0.44528991,0.144373864,0.0322070867,0.0882098451,0.426911533,-0.0188114736,-0.437844694
0.116075374,-0.00563170435,-0.000392542628,0.000236134947,0.0167132858,-0.0401926711,-0.0502222143,0.00852324348,0.0021870553,-0.999961257,0.0121129323,-0.0987452939,-0.412139118,0.0523153171,0.4599998,0.230864108,0.633016467,-0.453710228,0.143182382,0.0315874964,0.0878559798,0.427916676,-0.0190250091,-0.439469427
0.116084561,-0.00562478928,-0.000621315325,0.000477930153,0.00783098023,-0.0296865664,-0.0393488705,0.00796640385,0.00199357606,-0.999966264,0.0120699815,-0.0985457078,-0.412893564,0.0512866974,0.460294515,0.230116889,0.639262974,-0.46107623,0.141193882,0.030874053,0.0876337066,0.428804964,-0.0191808101,-0.441250324
0.116096333,-0.006279225,-0.000628586626,0.000181880343,0.00446769083,-0.0317935869,-0.0423006527,0.00733285677,0.00188609189,-0.99997133,0.0120066479,-0.0982675478,-0.413740486,0.0501299687,0.460492045,0.229192793,0.644897342,-0.467377603,0.138381943,0.0300120674,0.0874863714,0.429759622,-0.019357292,-0.442904651
0.116093725,-0.00601519272,-0.000577461033,0.00067806372,-0.000648185727,-0.0358486399,-0.0350130387,0.00669156946,0.00182711566,-0.99997592,0.011906473,-0.0978497043,-0.414654493,0.0489994884,0.460615188,0.228185236,0.649841547,-0.472671926,0.134788349,0.0291355178,0.0874480978,0.430720627,-0.0195603967,-0.444387227
0.116125107,-0.00630061328,-0.000926284411,0.000553774647,-0.00130257744,-0.0375223979,-0.0352494083,0.00589623675,0.00192143919,-0.999980748,0.0117574306,-0.0973727182,-0.415751308,0.0472997166,0.460800707,0.227191553,0.654246271,-0.477114439,0.13051565,0.0282285195,0.0875218585,0.4313218,-0.0197138693,-0.446498096
0.116117433,-0.0065773204,-0.00120145909,2.35871667e-05,-4.53240391e-05,-0.0359383598,-0.038493745,0.00518794684,0.00188732927,-0.999984741,0.0114651863,-0.0967337936,-0.41684705,0.0461079031,0.461105019,0.226111993,0.657894075,-0.480350703,0.125665247,0.0273061953,0.0876574144,0.432285309,-0.0198720843,-0.447757274
0.116127506,-0.00581121538,-0.000906775298,0.000260509143,-0.00281329267,-0.0345736593,-0.0340580232,0.00445584953,0.00193129061,-0.999988198,0.0110267298,-0.0961170718,-0.417941451,0.044884067,0.46163553,0.225167707,0.66095227,-0.482522577,0.120324805,0.0261474885,0.0876799226,0.433021843,-0.0198806264,-0.449445248
0.116128959,-0.00618651696,-0.00105007947,-0.000275785598,-0.00170865224,-0.0309817288,-0.0432045609,0.00380232604,0.00200618361,-0.999990761,0.01044909,-0.0954573676,-0.418965399,0.0438866802,0.462303281,0.224381492,0.663357437,-0.48357442,0.114572786,0.0248670392,0.0876470208,0.433711976,-0.019827066,-0.451154679
0.1161175,-0.0062030605,-0.00103726471,0.000574411126,-0.00264844578,-0.0336135216,-0.0490637012,0.00321312528,0.00200599874,-0.999992847,0.00970646925,-0.0947462395,-0.420009732,0.0432085767,0.463125736,0.223558158,0.665185273,-0.483748287,0.108492777,0.0235708021,0.0877177119,0.434714347,-0.0198704302,-0.451991975
0.116152816,-0.00518498383,-0.000822447299,0.00109381427,-0.00553408125,-0.0361690223,-0.0383495502,0.00245381636,0.00211855979,-0.999994755,0.00885682926,-0.0940992981,-0.421264023,0.041742377,0.464052737,0.22290206,0.666646659,-0.48374477,0.102118842,0.0222511292,0.0878663734,0.435350627,-0.0198981836,-0.453520834
0.116161831,-0.00500098662,-0.000788476609,0.000131543769,-0.00545357633,-0.0310638715,-0.0337547697,0.00176310737,0.00223129801,-0.999995947,0.00795610808,-0.0933727175,-0.422495276,0.0404122807,0.464873075,0.222509131,0.667485416,-0.483417183,0.095423609,0.0209410973,0.087882638,0.435990751,-0.0195156801,-0.455083996
0.1161585,-0.00533275865,-0.00054659025,-0.000112216279,-0.00565158017,-0.0277603511,-0.0391989499,0.00120818638,0.00233910303,-0.999996543,0.00696260715,-0.0926355645,-0.423659533,0.0395335592,0.465659052,0.222285107,0.667762518,-0.482271731,0.0884524137,0.019527182,0.0878056511,0.436860323,-0.0189328399,-0.456036001
0.116157651,-0.0057139392,-0.000512650295,0.000568355201,-0.00816229824,-0.0311981216,-0.0481755361,0.000648976129,0.00245914166,-0.999996781,0.00587330386,-0.0919392109,-0.424768209,0.0387900956,0.466494381,0.222209662,0.667811453,-0.480040848,0.0812486559,0.0180045161,0.087657012,0.43781811,-0.0182299856,-0.456693411
0.116181433,-0.00543098338,-0.000635364733,0.00156764523,-0.0100379419,-0.039752312,-0.0487204343,-4.45040241e-05,0.00266668457,-0.999996424,0.00469672121,-0.0911360309,-0.426031411,0.037581332,0.467409611,0.222153053,0.667824209,-0.47660625,0.0738529339,0.016431842,0.0878203511,0.438665926,-0.0178045835,-0.457332581
0.116220415,-0.00570326066,-0.00104185613,0.00072084181,-0.00437167287,-0.045325838,-0.045404911,-0.00094623433,0.00286058662,-0.99999547,0.00344201294,-0.0903739184,-0.427417219,0.0356674865,0.468258291,0.222134665,0.667810082,-0.472042829,0.0662790611,0.014959557,0.0880221799,0.439090282,-0.0174996033,-0.458734423
0.11621017,-0.00701480452,-0.00146430614,0.000178782066,0.00218958524,-0.0461657792,-0.0576149002,-0.00186263281,0.00283974945,-0.999994218,0.00214914,-0.0895703882,-0.428686082,0.0342986882,0.468939722,0.222084299,0.667759657,-0.466206253,0.0585852638,0.0135325426,0.0880420431,0.439934611,-0.0167597607,-0.459235996
0.11622721,-0.00655005965,-0.00113960425,0.00130227988,0.000761418312,-0.049602706,-0.0585052036,-0.00279949396,0.002768395,-0.999992251,0.000739754003,-0.0888826773,-0.430089295,0.0327081159,0.4695687,0.222047925,0.667598844,-0.459173083,0.0508648828,0.0118899988,0.0881073922,0.440791517,-0.0164919831,-0.45958972
0.116261654,-0.00517469738,-0.00081555394,0.00157912669,-0.00234345021,-0.0508892983,-0.0444915518,-0.00385327078,0.0028032444,-0.999988675,-0.000663507148,-0.0882281587,-0.431502551,0.0305702146,0.470115811,0.222056195,0.66693759,-0.451341391,0.0431033261,0.0102609247,0.0881446227,0.441227376,-0.016097907,-0.460946113
0.116289668,-0.00539149716,-0.00043458771,0.00104466861,-0.00615231227,-0.0444402806,-0.0298055168,-0.00484000472,0.00285566295,-0.999984205,-0.0020298399,-0.0875443444,-0.432893723,0.0284410231,0.470574617,0.222067609,0.66550535,-0.44263351,0.0353406481,0.00874249265,0.0881799906,0.441645056,-0.015489392,-0.462296277
0.116302446,-0.00538742403,-0.000258412474,0.000829031924,-0.00784611143,-0.0386280343,-0.0282787327,-0.00563427852,0.00304381503,-0.999979496,-0.00344135589,-0.0870117247,-0.434507191,0.0268984605,0.470446974,0.22206676,0.663234651,-0.433048546,0.0275994148,0.00731140282,0.088205725,0.442295671,-0.0148828933,-0.463325322
0.116321646,-0.00472081918,-0.000444203761,0.000863427878,-0.0064115487,-0.0346260332,-0.0353007913,-0.00638861675,0.00316260592,-0.999974608,-0.00473003415,-0.0863079727,-0.435874313,0.0252807457,0.470977366,0.222075894,0.660094917,-0.422481149,0.0199792739,0.00580596505,0.0882328898,0.443002284,-0.0139914118,-0.464065343
0.116335832,-0.00486470992,-0.000265049399,0.000644635758,-0.0081294952,-0.0290836953,-0.0288095884,-0.00702377222,0.00329139503,-0.9999699,-0.00603234302,-0.0856598616,-0.437289357,0.0238307044,0.471455008,0.222078189,0.65607059,-0.411189705,0.0124540133,0.00427485909,0.0882502645,0.443734646,-0.0130915036,-0.46453014
0.116346098,-0.00446370151,-0.000296876853,0.000680917699,-0.0079389438,-0.0264394935,-0.0300310403,-0.00755575532,0.00347961695,-0.999965429,-0.00724075967,-0.0850160047,-0.438781291,0.0226504486,0.47178483,0.222083673,0.651220977,-0.399376065,0.00504429592,0.00284862448,0.0882614106,0.44451493,-0.0122492947,-0.464786857
0.11636176,-0.00539629208,-0.000378174358,0.000335091783,-0.00700713834,-0.0246661752,-0.0355535857,-0.00808557402,0.00359958736,-0.99996084,-0.00837513153,-0.0842675418,-0.44008106,0.0212862864,0.472555131,0.222091913,0.645567715,-0.386948586,-0.00221922924,0.00136515324,0.0882711634,0.445225596,-0.0112841688,-0.464954585
0.116357811,-0.00565513782,-0.000447389582,0.000340972154,-0.00623638975,-0.0257127862,-0.0375912972,-0.0085473191,0.00374815753,-0.999956429,-0.00954536535,-0.0836451426,-0.441737056,0.0203066617,0.472684085,0.221962959,0.639226675,-0.374034405,-0.00940018706,-0.00017746292,0.0882708505,0.446268648,-0.0106868427,-0.464597881
0.116373532,-0.00467658229,-0.000317717553,0.000566350704,-0.00730031217,-0.0271675531,-0.0300934631,-0.0091195628,0.00383613794,-0.999951065,-0.0106231244,-0.082887508,-0.443032503,0.0189152583,0.473406106,0.221962988,0.632193685,-0.360722303,-0.0164809562,-0.00174452923,0.0882659927,0.446981549,-0.00986567233,-0.464835554
0.116378807,-0.00442296593,-0.000182711068,0.000375514821,-0.00845769234,-0.0261807013,-0.0235347524,-0.00963850133,0.00402924372,-0.999945402,-0.011738833,-0.0822916254,-0.444422126,0.0178209096,0.473494023,0.221964315,0.62449342,-0.347172737,-0.023508342,-0.00318128802,0.0882360116,0.447622955,-0.00921203382,-0.465204805
0.116386876,-0.00389702409,-0.00033688391,0.000358069927,-0.00731112529,-0.0255703144,-0.0233042631,-0.0101706395,0.00416513812,-0.99993962,-0.0127850454,-0.0816022754,-0.445595086,0.0165903624,0.473808676,0.221972719,0.616189003,-0.333250433,-0.0304160062,-0.00458695414,0.0882077515,0.448120832,-0.00851714332,-0.465500802
0.116391599,-0.00388033106,-0.000414134207,0.000473439315,-0.00499872817,-0.0240888353,-0.0176125579,-0.0106650284,0.0043122964,-0.999933839,-0.0137335472,-0.0809032768,-0.44674316,0.0155019918,0.473979503,0.221988082,0.60739398,-0.319102824,-0.0371954255,-0.00584665686,0.0881723091,0.448521018,-0.00793759804,-0.465634465
0.116404228,-0.00386005011,-0.000252092548,0.00111541408,0.0028425646,-0.0247459915,-0.0139710167,-0.0111372545,0.00435753493,-0.999928474,-0.0146061312,-0.0803545117,-0.447750628,0.0145755121,0.474065602,0.221994191,0.598220468,-0.304665238,-0.0438327417,-0.00709895883,0.0880699158,0.448946774,-0.00724975998,-0.465693533
0.116434537,-0.0011041743,0.000167878927,0.000974029885,0.00447391113,-0.00101389689,0.00439692428,-0.0116571086,0.00419242354,-0.999923289,-0.0153581947,-0.0803048834,-0.448378205,0.0142408703,0.474414378,0.222010717,0.588769495,-0.289952099,-0.0503133424,-0.00829897821,0.0876599401,0.449638039,-0.00602839515,-0.465736806
0.116442643,0.00539450673,0.00130355044,-0.000144075966,-0.00116782449,0.0533130579,0.0207813643,-0.0111770714,0.00418070145,-0.999928772,-0.0155014573,-0.0804192796,-0.448052615,0.0155295376,0.474319309,0.222469047,0.57423991,-0.270515352,-0.0531536862,-0.0084418226,0.0875041038,0.449841112,-0.00505257817,-0.464270741
0.116430968,0.0109090516,0.00330832019,-0.00110836758,-0.00900429953,0.0991841331,0.0124667678,-0.00952127948,0.00424840162,-0.999945641,-0.0153370183,-0.0809469,-0.446697414,0.0180284306,0.474223316,0.222736776,0.552658796,-0.243693903,-0.0517034456,-0.00801153854,0.0871439949,0.44949165,-0.00467169797,-0.461840242
0.116401903,0.0132487379,0.00471213227,-0.00207928405,-0.0265574567,0.119204253,0.00700132875,-0.00720776757,0.00454631774,-0.999963701,-0.0152518013,-0.081635572,-0.444703311,0.0214137174,0.474173933,0.222482264,0.526554704,-0.2117448,-0.0475674272,-0.00762999384,0.086641632,0.44896993,-0.00468569295,-0.458825052
0.116350763,0.0136466995,0.00507052522,-0.0025553396,-0.0411926769,0.119030721,0.0164865162,-0.00475183874,0.00531255594,-0.999974608,-0.0152270412,-0.0818813965,-0.442614049,0.0249382444,0.473934174,0.221758202,0.499094963,-0.178169176,-0.0422401689,-0.00726824813,0.0864813179,0.448150963,-0.00512114819,-0.456161588
0.116301209,0.0129790278,0.00481268298,-0.00232242257,-0.0424761698,0.108434901,0.0280227344,-0.00244305795,0.00619627349,-0.999977827,-0.0152174719,-0.0819409117,-0.440502733,0.0285135563,0.473528355,0.220891163,0.472877204,-0.145490676,-0.0366927646,-0.00680122618,0.0864591599,0.447182,-0.00565706706,-0.454000831
0.116257943,0.0117033795,0.00419664057,-0.00198554876,-0.0377067104,0.0919595584,0.0359776095,-0.000407402695,0.00701392768,-0.999975324,-0.0152108893,-0.0819749236,-0.438449979,0.0319308378,0.473001003,0.220325768,0.449600726,-0.115271196,-0.0314415134,-0.00622221781,0.0864562839,0.446155816,-0.00613366719,-0.452207714
0.116220802,0.00996769033,0.00236760336,-0.00236496399,-0.0229462218,0.0685302466,0.0477899238,0.00124542625,0.00770473853,-0.999969542,-0.0152013414,-0.0820018426,-0.436557204,0.0349455439,0.47239241,0.22019124,0.43014273,-0.0883706659,-0.0266997498,-0.00555690983,0.0864595771,0.445050389,-0.00653187186,-0.450629503
0.116162121,0.00807563774,-0.00325092371,-0.00394997792,0.0135711674,0.0436015837,0.0661093518,0.0023486549,0.00792885851,-0.999965787,-0.0151772201,-0.0819878876,-0.434831113,0.0375684127,0.471822262,0.2201792,0.414677769,-0.0650839731,-0.0224839244,-0.00489926711,0.0867465734,0.443785697,-0.00673084101,-0.449346066
0.116063081,0.00397653226,-0.00607618736,-0.00300568342,0.0310574584,0.029447617,0.027337512,0.00301030371,0.00715550408,-0.99996984,-0.0150943017,-0.0815880001,-0.433602571,0.0395061038,0.471397191,0.220353052,0.402991533,-0.0452386737,-0.0186821856,-0.00448827306,0.0879444554,0.442163318,-0.00715526612,-0.448026806
0.116043158,0.00341668772,-0.00199460262,0.000192840569,0.00723853428,0.0140126674,0.0241582152,0.00353562855,0.00668439362,-0.99997139,-0.0150651354,-0.0813523605,-0.43337813,0.0399364829,0.470927536,0.220644459,0.394932926,-0.0287541598,-0.0153931817,-0.00424106885,0.088647455,0.440068662,-0.010277166,-0.444483697
0.116070844,0.00602497905,0.00163321826,0.00109598844,-0.0165305734,0.00316373887,0.0682460293,0.00357687939,0.00686199917,-0.999970078,-0.0150137963,-0.0814694241,-0.43301785,0.0397704914,0.470678717,0.221907973,0.389784306,-0.0162153132,-0.0128043015,-0.00392863667,0.0887990445,0.43723011,-0.0120208599,-0.444523007
0.116085686,0.00458399579,0.00241659069,0.000383486331,-0.0219560638,0.00519002229,0.0542965382,0.00368078356,0.00733565819,-0.999966323,-0.0149775809,-0.0815202817,-0.432580799,0.0397558808,0.470363498,0.223614424,0.386678278,-0.00613997085,-0.0106728058,-0.00326060643,0.0888161808,0.435119361,-0.0127712861,-0.444458634
0.116084799,0.00247967057,0.00192059763,-9.45669744e-05,-0.0169275161,0.00441769045,0.0415631756,0.00380012719,0.00773209101,-0.999962866,-0.0149407182,-0.0815393999,-0.432260513,0.0400402881,0.470008075,0.225300476,0.385251194,0.00214129197,-0.00886679534,-0.00252337405,0.0888075605,0.433980256,-0.0130247083,-0.443393677
0.116080932,0.00184280018,0.00126736576,-0.00019302078,-0.01172153,0.00509972591,0.0432774872,0.00387047348,0.00800635293,-0.999960482,-0.0148412036,-0.0815548897,-0.432056904,0.0405135192,0.469826341,0.227028534,0.384981602,0.00863016397,-0.00739077106,-0.00182070106,0.0887867138,0.433217436,-0.0130792614,-0.442498118
0.116076387,0.00187467493,0.00078518386,-0.000220922084,-0.00776543096,0.00861062203,0.0432886519,0.00401805202,0.00819440838,-0.999958336,-0.0146639282,-0.0815672204,-0.431948721,0.0410322249,0.469759881,0.228803307,0.384959698,0.0135914562,-0.00620796019,-0.00115414499,0.0887646154,0.43262279,-0.0130832382,-0.441981673
0.116071537,0.00134873239,0.000316459249,-0.000357877871,-0.00297747762,0.00510228705,0.020837035,0.00422909856,0.00831004698,-0.999956548,-0.0144371018,-0.0815782696,-0.431892216,0.0414974988,0.46971339,0.230514914,0.384966731,0.0173390582,-0.00526876003,-0.00055062602,0.0887423828,0.432139784,-0.0130822221,-0.441564381
0.11606174,0.00105247647,2.09963014e-06,-0.00030604779,-0.000146055114,0.00699051283,0.0268841852,0.00422909856,0.00831004698,-0.999956548,-0.0142127657,-0.0815909877,-0.431851685,0.0419241861,0.469674051,0.231962234,0.384983361,0.0201487727,-0.0045395419,-5.77762785e-06,0.0887326822,0.431799263,-0.0131989261,-0.44056958
0.116059117,0.00147364545,-5.4319742e-05,-8.41362853e-05,-0.000146054459,0.00699050911,0.0268847235,0.0045175245,0.00831123069,-0.999955237,-0.0139712831,-0.0816017166,-0.431811661,0.0421331264,0.469638914,0.233298004,0.385000974,0.0220428109,-0.0040467754,0.000440529373,0.0887103379,0.431362599,-0.0132216653,-0.440108329
0.116058126,0.00145607395,-0.000793474319,-0.000584913651,-7.80175469e-05,0.00216019689,0.0154706594,0.00451752776,0.00831123069,-0.999955237,-0.0137411496,-0.0816096365,-0.431774467,0.0422295295,0.469602197,0.234540239,0.385017753,0.0232666992,-0.00375386188,0.000858332263,0.0886863396,0.43090263,-0.0132259903,-0.43996343
0.116035722,0.000936689437,-0.00125439547,-0.000582623761,0.00953097362,0.0069231349,0.0348496921,0.00460915221,0.00831167307,-0.99995482,-0.0135062141,-0.0815963373,-0.43172124,0.0424558856,0.469564557,0.235610843,0.3850348,0.0241046101,-0.00357043464,0.00121357816,0.0888485909,0.430542052,-0.0131584201,-0.439552784
0.116035067,0.000973067596,-0.000217834066,0.000195183995,0.00685159024,0.00674814079,0.0278615765,0.00480610086,0.00792358071,-0.999957085,-0.013391111,-0.0816022158,-0.431687713,0.0425633043,0.469528735,0.236527145,0.385055691,0.0246074069,-0.00348546309,0.00135420996,0.0889054313,0.430168271,-0.0133775184,-0.438798428
0.116043411,0.00140243315,0.00066715799,0.000315652724,-0.00624642801,0.00425915467,0.0183276553,0.00488797855,0.00803227164,-0.999955773,-0.013315958,-0.0816163421,-0.431654543,0.042591054,0.469494373,0.237413272,0.385076672,0.0247341134,-0.00343635306,0.001512271,0.0888870507,0.429770261,-0.0134359151,-0.438590199
0.116047204,0.000778332993,0.000542870315,-1.60885684e-05,-0.00406478066,0.00325018633,0.0123639917,0.00498221396,0.00816952903,-0.999954224,-0.0132358549,-0.0816253498,-0.43162331,0.0426339582,0.469460011,0.238187179,0.385097831,0.0247846283,-0.00338904909,0.00174040301,0.0888597295,0.429421604,-0.0134435995,-0.438527524
0.116042435,0.000479087175,0.000260708126,-0.000104986662,-0.0014668355,0.00184991187,0.0102710314,0.00502182683,0.00819241721,-0.999953806,-0.0131690316,-0.081634827,-0.431596637,0.0427546203,0.469427973,0.238666743,0.385124654,0.0248723868,-0.00334098306,0.00198181998,0.0888442546,0.429207802,-0.0135769136,-0.437795907
0.116042823,0.00104651356,0.000187120168,1.57755912e-05,-0.00143412838,0.00286764349,0.0162684172,0.0050596199,0.00822571944,-0.999953389,-0.0130909914,-0.0816419274,-0.431566477,0.0428099036,0.469396979,0.239151448,0.385148525,0.0249174424,-0.00329572707,0.0021670321,0.0888159424,0.428930491,-0.0135835577,-0.437660098
0.116042793,0.000752115739,-8.84017209e-06,-0.000142057368,0.000757297443,0.00366667053,0.0105877621,0.005141987,0.00824649539,-0.999952793,-0.0130139263,-0.0816471949,-0.43153736,0.0428604484,0.46936506,0.23962082,0.38517195,0.0249594897,-0.00325118401,0.00234260107,0.0887876749,0.428643703,-0.0135775348,-0.437618375
0.116036989,0.000516698579,-0.000121275916,-0.000154957481,0.00178367749,0.00284869317,0.00762233837,0.00520981336,0.0081931185,-0.999952853,-0.0129549038,-0.0816542357,-0.43151173,0.0429629721,0.469335258,0.239916012,0.385201186,0.0250317082,-0.00320648891,0.00251339306,0.0887718424,0.428450793,-0.0137057966,-0.437030256
0.116036527,0.000984690967,-1.83896973e-05,-7.82511324e-06,0.000344732136,0.0035627489,0.0125210593,0.00525831245,0.0081733549,-0.999952793,-0.0128990421,-0.0816610754,-0.431482852,0.0430146903,0.469308287,0.24020496,0.385228693,0.0250725672,-0.00316478289,0.00262309192,0.0887451768,0.428217649,-0.0137279453,-0.436872602
0.116036475,0.00093014579,-2.60747183e-05,-0.000118357391,0.000840996741,0.00523295719,0.0092101749,0.00535648549,0.00817668624,-0.999952197,-0.0128457276,-0.0816663131,-0.43145439,0.0430593044,0.46928063,0.240514353,0.385254711,0.0251098592,-0.00312349992,0.00272283005,0.088717863,0.427960187,-0.0137243252,-0.43683821
0.116031602,0.000649351859,-9.77824166e-05,-0.000149614963,0.00160853693,0.00442740135,0.00607439596,0.00547058554,0.00813779049,-0.999951899,-0.0127965482,-0.0816721395,-0.431428879,0.0431477912,0.469253331,0.240731522,0.385285825,0.0251675788,-0.00308172498,0.00283151306,0.088700816,0.427773148,-0.0138341226,-0.436399341
0.11603038,0.000901941443,-2.53808794e-05,-2.42715814e-05,0.000524843112,0.00409783935,0.00987257622,0.00553552108,0.00811087247,-0.99995178,-0.0127448328,-0.0816784576,-0.431401283,0.0432049893,0.469229192,0.240903258,0.385317802,0.0252058282,-0.00304304203,0.00290814089,0.0886761397,0.427582145,-0.0138784349,-0.436194748
0.11603044,0.000753262604,-4.20106808e-05,-0.00012499532,0.00108782249,0.00494832778,0.00649232604,0.00563777797,0.00811461266,-0.999951184,-0.012693271,-0.0816832632,-0.431373924,0.0432483442,0.469204158,0.241100088,0.385346562,0.0252397656,-0.00300473394,0.00297287898,0.0886493698,0.427353173,-0.0138754901,-0.436164111
0.116025224,0.000570450968,-7.96810782e-05,-0.000133909285,0.00147878972,0.00421621976,0.00475273514,0.00573558267,0.00806600787,-0.999951005,-0.012645686,-0.081689395,-0.431349158,0.0433383696,0.469180048,0.241218671,0.385381103,0.0252929088,-0.00296563003,0.00305375201,0.0886338651,0.427208364,-0.0140093202,-0.435672045
0.116024978,0.000988037209,2.98848609e-05,2.25409599e-06,8.51524146e-06,0.00453976588,0.0101350006,0.00580805261,0.00805434026,-0.999950707,-0.0125957802,-0.0816953182,-0.43132183,0.0433853269,0.469157487,0.241341174,0.38541317,0.0253263116,-0.00292890309,0.00310889003,0.0886081383,0.427023441,-0.0140279057,-0.43557018
0.116025075,0.000683982566,-3.93553382e-05,-0.000123492689,0.00111116923,0.00479068514,0.0053362227,0.00592048746,0.00806335639,-0.999949992,-0.012545947,-0.0816998109,-0.431294978,0.0434268266,0.469133943,0.241478994,0.385443628,0.0253591761,-0.00289230491,0.00315995188,0.088581793,0.426806509,-0.0140183009,-0.435557336
0.11601989,0.000534609193,-7.16770955e-05,-0.000122914033,0.00137415773,0.00202883896,-0.000495355285,0.00600142544,0.00800860114,-0.999949932,-0.0124995504,-0.0817062408,-0.431270391,0.0435136184,0.469112873,0.241541713,0.385481,0.0254075732,-0.00285534817,0.00323495572,0.0885668099,0.426690787,-0.0141629074,-0.43506223
0.116020054,0.000868570234,1.62734341e-05,-5.76173006e-05,0.000376696582,0.00480584661,0.00795263797,0.00600142777,0.00800859928,-0.999949932,-0.0124504073,-0.0817116648,-0.431243569,0.0435550883,0.469091594,0.241630062,0.385513663,0.0254388973,-0.00282041985,0.00328555331,0.0885409415,0.426505893,-0.0141646843,-0.435017109
0.116017371,0.000614797114,-4.25415892e-05,-0.000119471195,0.00120160414,0.00665900018,0.0088726785,0.00619628699,0.0079914555,-0.999948859,-0.012402527,-0.0817164257,-0.431218535,0.043618504,0.469069093,0.241712257,0.385548502,0.0254762154,-0.00278503704,0.00334739801,0.0885217041,0.426326007,-0.0142255686,-0.434790194
0.116015136,0.000678980025,-2.18245532e-05,-4.43470853e-05,0.000714856142,0.0040825922,0.00582200149,0.00627066707,0.00795822218,-0.99994868,-0.0123578832,-0.0817224309,-0.431190908,0.0436805338,0.469048649,0.241764843,0.38558507,0.0255120173,-0.00275169197,0.00340320403,0.0885004923,0.426225394,-0.0143012339,-0.434537232
0.116015434,0.000634448719,-2.91241558e-05,-0.000102372069,0.000972814392,0.0042610243,0.00512956269,0.00636125309,0.00796132442,-0.999948084,-0.0123096211,-0.0817278624,-0.43116504,0.0437197797,0.469026864,0.241841421,0.385618567,0.0255400259,-0.002719254,0.0034510491,0.0884746984,0.426046729,-0.0142926751,-0.434526116
0.116010889,0.000503730786,-5.96554855e-05,-0.000111971698,0.00108899269,0.00203555333,0.000226967997,0.00644277968,0.00791796856,-0.999947906,-0.0122639285,-0.0817334503,-0.431141287,0.0437946394,0.469006777,0.24188973,0.385660678,0.0255767256,-0.0026858591,0.00351831806,0.088459976,0.425923586,-0.0144176027,-0.434120685
0.116010845,0.000902418513,4.34674294e-05,1.04428855e-05,0.000174496556,0.00147236325,0.00409787102,0.00644277968,0.00791796856,-0.999947906,-0.0122159906,-0.0817388371,-0.431115359,0.0438353717,0.468987226,0.241954744,0.385697305,0.0256032199,-0.00265429891,0.00356796337,0.0884358361,0.425756842,-0.0144273303,-0.434059292
0.116011061,0.000608120929,-2.20664278e-05,-0.000106121617,-0.000137413212,0.0038337654,0.00973964762,0.00650290912,0.00790994056,-0.999947548,-0.0121680377,-0.0817429572,-0.431089669,0.0438719802,0.46896711,0.242026985,0.385731876,0.0256313831,-0.00262255198,0.00361490762,0.0884111077,0.425554633,-0.0144091351,-0.434070319
0.116006449,0.000457238784,-5.57650746e-05,-0.000106767271,0.00091757084,0.00397923589,0.00501012057,0.00659912918,0.00792109221,-0.999946833,-0.0121236891,-0.0817485675,-0.431066185,0.0439429916,0.468949169,0.242064595,0.385781199,0.025665056,-0.00259037386,0.00367951323,0.0883968696,0.425454706,-0.0145432577,-0.433644801
0.116006687,0.000607153284,-1.14998957e-05,-8.13581646e-05,0.00195926544,0.00515201874,0.00507944357,0.00666361954,0.00787183363,-0.999946833,-0.0120765185,-0.0817534402,-0.431040972,0.043979425,0.468930423,0.242122427,0.385818332,0.0256911088,-0.00255998387,0.00372574851,0.0883725733,0.425288439,-0.0145368241,-0.43362534
0.116003036,0.000448879582,-4.90623534e-05,-0.000105182189,0.00113323994,0.0044886549,0.00880494341,0.00680660782,0.00784123223,-0.999946117,-0.0120315421,-0.0817581862,-0.431017756,0.0440409631,0.468911111,0.242164448,0.38586545,0.0257215183,-0.00252881693,0.00378553802,0.0883573219,0.42515263,-0.0146314641,-0.433316201
0.116002373,0.000704616716,1.68011575e-05,-3.79940138e-06,0.000126216779,0.00275241048,0.00840717275,0.006845959,0.00782439485,-0.999945939,-0.0119847516,-0.0817632377,-0.43099317,0.0440828353,0.468892962,0.242215067,0.385907948,0.0257435124,-0.00249981694,0.00383568299,0.088335596,0.425009549,-0.0146588311,-0.433209926
0.116002686,0.000470334489,-2.4855226e-05,-9.6597083e-05,0.000909749651,0.00284943823,0.00451685861,0.00691939518,0.00783388037,-0.999945402,-0.0119378222,-0.0817671716,-0.430968493,0.0441165231,0.468874782,0.242277846,0.385944396,0.0257681217,-0.00247065397,0.00388081907,0.0883119926,0.424822181,-0.0146388691,-0.43322736
0.115998387,7.87055706e-06,-0.000130965433,-0.000215926062,0.000909469498,0.00284968084,0.00451676315,0.0069612544,0.00778682809,-0.999945462,-0.0118947793,-0.0817723796,-0.430945367,0.0441766605,0.468858868,0.242313415,0.38599956,0.0257976633,-0.0024408251,0.00393936783,0.0882984921,0.424731433,-0.0147665553,-0.432832778
