0.119627774,0,0,0,0,0,0,0,0,-1,0,-0.0873000026,-0.457899988,-0.00490000006,0.453000009,0.349099994,0.349099994,0,0,0,0.0873000026,0.457899988,0.00490000006,-0.453000009
0.119627774,0,0,0,0,0,0,0,0,-1,0,-0.0873000026,-0.457899988,-0.00490000006,0.453000009,0.349099994,0.349099994,0,0,0,0.0873000026,0.457899988,0.00490000006,-0.453000009
0.119627774,0,0,0,0,0,0,0,0,-1,0,-0.0873000026,-0.457899988,-0.00490000006,0.453000009,0.349099994,0.349099994,0,0,0,0.0873000026,0.457899988,0.00490000006,-0.453000009
0.119627774,0,0,0,0,0,0,0,0,-1,0,-0.0873000026,-0.457899988,-0.00490000006,0.453000009,0.349099994,0.349099994,0,0,0,0.0873000026,0.457899988,0.00490000006,-0.453000009
0.119627774,0,0,0,0,0,0,0,0,-1,0,-0.0873000026,-0.457899988,-0.00490000006,0.453000009,0.349099994,0.349099994,0,0,0,0.0873000026,0.457899988,0.00490000006,-0.453000009
0.119627774,0,0,0,0,0,0,0,0,-1,0,-0.0873000026,-0.457899988,-0.00490000006,0.453000009,0.349099994,0.349099994,0,0,0,0.0873000026,0.457899988,0.00490000006,-0.453000009
0.119627774,0,0,0,0,0,0,0,0,-1,0,-0.0873000026,-0.457899988,-0.00490000006,0.453000009,0.349099994,0.349099994,0,0,0,0.0873000026,0.457899988,0.00490000006,-0.453000009
0.119627774,0,0,0,0,0,0,0,0,-1,0,-0.0873000026,-0.457899988,-0.00490000006,0.453000009,0.349099994,0.349099994,0,0,0,0.0873000026,0.457899988,0.00490000006,-0.453000009
0.119627774,0,0,0,0,0,0,0,0,-1,0,-0.0873000026,-0.457899988,-0.00490000006,0.453000009,0.349099994,0.349099994,0,0,0,0.0873000026,0.457899988,0.00490000006,-0.453000009
0.119627774,0,0,0,0,0,0,0,0,-1,0,-0.0873000026,-0.457899988,-0.00490000006,0.453000009,0.349099994,0.349099994,0,0,0,0.0873000026,0.457899988,0.00490000006,-0.453000009
0.119627774,0,0,0,0,0,0,0,0,-1,0,-0.0873000026,-0.457899988,-0.00490000006,0.453000009,0.349099994,0.349099994,0,0,0,0.0873000026,0.457899988,0.00490000006,-0.453000009
0.119627774,0,0,0,0,0,0,0,0,-1,0,-0.0873000026,-0.457899988,-0.00490000006,0.453000009,0.349099994,0.349099994,0,0,0,0.0873000026,0.457899988,0.00490000006,-0.453000009
0.119627774,0,0,0,0,0,0,0,0,-1,0,-0.0873000026,-0.457899988,-0.00490000006,0.453000009,0.349099994,0.349099994,0,0,0,0.0873000026,0.457899988,0.00490000006,-0.453000009
0.119627774,0,0,0,0,0,0,0,0,-1,0,-0.0873000026,-0.457899988,-0.00490000006,0.453000009,0.349099994,0.349099994,0,0,0,0.0873000026,0.457899988,0.00490000006,-0.453000009
0.119627774,0,0,0,0,0,0,0,0,-1,0,-0.0873000026,-0.457899988,-0.00490000006,0.453000009,0.349099994,0.349099994,0,0,0,0.0873000026,0.457899988,0.00490000006,-0.453000009
0.119627774,0,0,0,0,0,0,0,0,-1,0,-0.0873000026,-0.457899988,-0.00490000006,0.453000009,0.349099994,0.349099994,0,0,0,0.0873000026,0.457899988,0.00490000006,-0.453000009
0.119627774,0,0,0,0,0,0,0,0,-1,0,-0.0873000026,-0.457899988,-0.00490000006,0.453000009,0.349099994,0.349099994,0,0,0,0.0873000026,0.457899988,0.00490000006,-0.453000009
0.119627774,0,0,0,0,0,0,0,0,-1,0,-0.0873000026,-0.457899988,-0.00490000006,0.453000009,0.349099994,0.349099994,0,0,0,0.0873000026,0.457899988,0.00490000006,-0.453000009
0.119627774,0,0,0,0,0,0,0,0,-1,0,-0.0873000026,-0.457899988,-0.00490000006,0.453000009,0.349099994,0.349099994,0,0,0,0.0873000026,0.457899988,0.00490000006,-0.453000009
0.119627774,0,0,0,0,0,0,0,0,-1,0,-0.0873000026,-0.457899988,-0.00490000006,0.453000009,0.349099994,0.349099994,0,0,0,0.0873000026,0.457899988,0.00490000006,-0.453000009
0.119627774,0,0,0,0,0,0,0,0,-1,0,-0.0873000026,-0.457899988,-0.00490000006,0.453000009,0.349099994,0.349099994,0,0,0,0.0873000026,0.457899988,0.00490000006,-0.453000009
0.119627774,0,0,0,0,0,0,0,0,-1,0,-0.0873000026,-0.457899988,-0.00490000006,0.453000009,0.349099994,0.349099994,0,0,0,0.0873000026,0.457899988,0.00490000006,-0.453000009
0.119627774,0,0,0,0,0,0,0,0,-1,0,-0.0873000026,-0.457899988,-0.00490000006,0.453000009,0.349099994,0.349099994,0,0,0,0.0873000026,0.457899988,0.00490000006,-0.453000009
0.119627774,0,0,0,0,0,0,0,0,-1,0,-0.0873000026,-0.457899988,-0.00490000006,0.453000009,0.349099994,0.349099994,0,0,0,0.0873000026,0.457899988,0.00490000006,-0.453000009
0.119627774,0,0,0,0,0,0,0,0,-1,0,-0.0873000026,-0.457899988,-0.00490000006,0.453000009,0.349099994,0.349099994,0,0,0,0.0873000026,0.457899988,0.00490000006,-0.453000009
0.119627774,0,0,0,0,0,0,0,0,-1,0,-0.0873000026,-0.457899988,-0.00490000006,0.453000009,0.349099994,0.349099994,0,0,0,0.0873000026,0.457899988,0.00490000006,-0.453000009
0.119627774,0,0,0,0,0,0,0,0,-1,0,-0.0873000026,-0.457899988,-0.00490000006,0.453000009,0.349099994,0.349099994,0,0,0,0.0873000026,0.457899988,0.00490000006,-0.453000009
0.119627774,0,0,8.02800059e-05,0,0,0,0,0,-1,0,-0.0873000026,-0.457899988,-0.00490000006,0.453000009,0.349099994,0.349099994,0,0,0,0.0873000026,0.457899988,0.00490000006,-0.453000009
0.119630985,0,0,0.000693276525,0,0,0,0,0,-1,0,-0.0874321312,-0.457899988,-0.00490000006,0.453000009,0.349388272,0.349532425,0.000432419183,0.000768744561,0,0.087167874,0.457899988,0.00490000006,-0.453000009
0.119655505,0,0,0.0017605722,0,0,0,0,0,-1,0,-0.0884429663,-0.457899988,-0.00490000006,0.453000009,0.351593733,0.352840602,0.00374063477,0.00665001804,0,0.0861570239,0.457899988,0.00490000006,-0.453000009
0.119701408,0,0,0.00274386257,0,0,0,0,0,-1,0,-0.0903466493,-0.457899988,-0.00490000006,0.453000009,0.355747223,0.359070837,0.00997083355,0.0177259278,0,0.0842533559,0.457899988,0.00490000006,-0.453000009
0.119765259,0,0,0.00355374068,0,0,0,0,0,-1,0,-0.0930199921,-0.457899988,-0.00490000006,0.453000009,0.361580014,0.367819965,0.0187199824,0.0332799703,0,0.0815800056,0.457899988,0.00490000006,-0.453000009
0.119843557,0,0,0.00418908894,0,0,0,0,0,-1,0,-0.096339874,-0.457899988,-0.00490000006,0.453000009,0.368823349,0.378685057,0.0295850299,0.0525956117,0,0.0782601312,0.457899988,0.00490000006,-0.453000009
0.119932823,0,0,0.00465307385,0,0,0,0,0,-1,0,-0.100183137,-0.457899988,-0.00490000006,0.453000009,0.37720865,0.391262978,0.0421629846,0.0749564171,0,0.0744168684,0.457899988,0.00490000006,-0.453000009
0.12002968,0,0,0.00495109707,0,0,0,0,0,-1,0,-0.104426645,-0.457899988,-0.00490000006,0.453000009,0.386467218,0.405150831,0.0560508445,0.0996459499,0,0.070173353,0.457899988,0.00490000006,-0.453000009
0.120130867,0,0,0.00509191304,0,0,0,0,0,-1,0,-0.108947232,-0.457899988,-0.00490000006,0.453000009,0.396330327,0.419945478,0.0708454773,0.12594752,0,0.0656527728,0.457899988,0.00490000006,-0.453000009
0.120233357,0,0,0.00508595258,0,0,0,0,0,-1,0,-0.113621734,-0.457899988,-0.00490000006,0.453000009,0.406529248,0.435243845,0.0861438438,0.153144613,0,0.0609782711,0.457899988,0.00490000006,-0.453000009
0.120334305,0,0,0.00494401902,0,0,0,0,0,-1,0,-0.118327051,-0.457899988,-0.00490000006,0.453000009,0.416795403,0.450643092,0.101543091,0.180521056,0,0.0562729463,0.457899988,0.00490000006,-0.453000009
0.120431118,0,0,0.00467784703,0,0,0,0,0,-1,0,-0.122939996,-0.457899988,-0.00490000006,0.453000009,0.426860005,0.465739995,0.116640002,0.207359999,0,0.0516600013,0.457899988,0.00490000006,-0.453000009
0.120521419,0,0,0.00429805368,0,0,0,0,0,-1,0,-0.127337441,-0.457899988,-0.00490000006,0.453000009,0.436454415,0.480131596,0.131031603,0.23294507,0,0.0472625643,0.457899988,0.00490000006,-0.453000009
0.12060304,0,0,0.00381432474,0,0,0,0,0,-1,0,-0.131396189,-0.457899988,-0.00490000006,0.453000009,0.445309877,0.493414819,0.144314826,0.25655967,0,0.0432038046,0.457899988,0.00490000006,-0.453000009
0.120673992,0,0,0.00323392451,0,0,0,0,0,-1,0,-0.134993166,-0.457899988,-0.00490000006,0.453000009,0.453157812,0.505186737,0.156086713,0.277487487,0,0.039606832,0.457899988,0.00490000006,-0.453000009
0.120732397,0,0,0.00256169587,0,0,0,0,0,-1,0,-0.138005197,-0.457899988,-0.00490000006,0.453000009,0.459729463,0.515044212,0.165944234,0.295011938,0,0.0365948267,0.457899988,0.00490000006,-0.453000009
0.12077646,0,0,0.00179857016,0,0,0,0,0,-1,0,-0.14030908,-0.457899988,-0.00490000006,0.453000009,0.464756221,0.522584319,0.173484281,0.308416516,0,0.0342909098,0.457899988,0.00490000006,-0.453000009
0.12080434,0,0,0.000941008329,0,0,0,0,0,-1,0,-0.141781747,-0.457899988,-0.00490000006,0.453000009,0.467969239,0.527403831,0.178303882,0.316984653,0,0.0328182541,0.457899988,0.00490000006,-0.453000009
0.1208141,0,0,0.000244006515,0,0,0,0,0,-1,0,-0.142299995,-0.457899988,-0.00490000006,0.453000009,0.469099998,0.529100001,0.180000007,0.319999993,0,0.0323000029,0.457899988,0.00490000006,-0.453000009
0.1208141,0,0,0,0,0,0,0,0,-1,0,-0.142299995,-0.457899988,-0.00490000006,0.453000009,0.469099998,0.529100001,0.180000007,0.319999993,0,0.0322999991,0.457899988,0.00490000006,-0.453000009
0.1208141,0,0,0,0,0,0,0,0,-1,0,-0.142299995,-0.457899988,-0.00490000006,0.453000009,0.469099998,0.529100001,0.180000007,0.319999993,0,0.0322999991,0.457899988,0.00490000006,-0.453000009
0.1208141,0,0,0,0,0,0,0,0,-1,0,-0.142299995,-0.457899988,-0.00490000006,0.453000009,0.469099998,0.529100001,0.180000007,0.319999993,0,0.0322999991,0.457899988,0.00490000006,-0.453000009
0.1208141,0,0,0,0,0,0,0,0,-1,0,-0.142299995,-0.457899988,-0.00490000006,0.453000009,0.469099998,0.529100001,0.180000007,0.319999993,0,0.0322999991,0.457899988,0.00490000006,-0.453000009
0.1208141,0,0,0,0,0,0,0,0,-1,0,-0.142299995,-0.457899988,-0.00490000006,0.453000009,0.469099998,0.529100001,0.180000007,0.319999993,0,0.0322999991,0.457899988,0.00490000006,-0.453000009
0.1208141,0,0,0,0,0,0,0,0,-1,0,-0.142299995,-0.457899988,-0.00490000006,0.453000009,0.469099998,0.529100001,0.180000007,0.319999993,0,0.0322999991,0.457899988,0.00490000006,-0.453000009
0.1208141,0,0,0,0,0,0,0,0,-1,0,-0.142299995,-0.457899988,-0.00490000006,0.453000009,0.469099998,0.529100001,0.180000007,0.319999993,0,0.0322999991,0.457899988,0.00490000006,-0.453000009
0.1208141,0,0,0,0,0,0,0,0,-1,0,-0.142299995,-0.457899988,-0.00490000006,0.453000009,0.469099998,0.529100001,0.180000007,0.319999993,0,0.0322999991,0.457899988,0.00490000006,-0.453000009
0.1208141,0,0,0,0,0,0,0,0,-1,0,-0.142299995,-0.457899988,-0.00490000006,0.453000009,0.469099998,0.529100001,0.180000007,0.319999993,0,0.0322999991,0.457899988,0.00490000006,-0.453000009
0.1208141,0,0,0,0,0,0,0,0,-1,0,-0.142299995,-0.457899988,-0.00490000006,0.453000009,0.469099998,0.529100001,0.180000007,0.319999993,0,0.0322999991,0.457899988,0.00490000006,-0.453000009
0.1208141,0,0,0,0,0,0,0,0,-1,0,-0.142299995,-0.457899988,-0.00490000006,0.453000009,0.469099998,0.529100001,0.180000007,0.319999993,0,0.0322999991,0.457899988,0.00490000006,-0.453000009
0.1208141,0,0,0,0,0,0,0,0,-1,0,-0.142299995,-0.457899988,-0.00490000006,0.453000009,0.469099998,0.529100001,0.180000007,0.319999993,0,0.0322999991,0.457899988,0.00490000006,-0.453000009
0.1208141,0,0,0,0,0,0,0,0,-1,0,-0.142299995,-0.457899988,-0.00490000006,0.453000009,0.469099998,0.529100001,0.180000007,0.319999993,0,0.0322999991,0.457899988,0.00490000006,-0.453000009
0.1208141,0,0,0,0,0,0,0,0,-1,0,-0.142299995,-0.457899988,-0.00490000006,0.453000009,0.469099998,0.529100001,0.180000007,0.319999993,0,0.0322999991,0.457899988,0.00490000006,-0.453000009
0.1208141,0,0,0,0,0,0,0,0,-1,0,-0.142299995,-0.457899988,-0.00490000006,0.453000009,0.469099998,0.529100001,0.180000007,0.319999993,0,0.0322999991,0.457899988,0.00490000006,-0.453000009
0.1208141,0,0,0,0,0,0,0,0,-1,0,-0.142299995,-0.457899988,-0.00490000006,0.453000009,0.469099998,0.529100001,0.180000007,0.319999993,0,0.0322999991,0.457899988,0.00490000006,-0.453000009
0.1208141,0,0,0,0,0,0,0,0,-1,0,-0.142299995,-0.457899988,-0.00490000006,0.453000009,0.469099998,0.529100001,0.180000007,0.319999993,0,0.0322999991,0.457899988,0.00490000006,-0.453000009
0.1208141,0,0,0,0,0,0,0,0,-1,0,-0.142299995,-0.457899988,-0.00490000006,0.453000009,0.469099998,0.529100001,0.180000007,0.319999993,0,0.0322999991,0.457899988,0.00490000006,-0.453000009
0.1208141,0,0,0,0,0,0,0,0,-1,0,-0.142299995,-0.457899988,-0.00490000006,0.453000009,0.469099998,0.529100001,0.180000007,0.319999993,0,0.0322999991,0.457899988,0.00490000006,-0.453000009
0.1208141,0,0,0,0,0,0,0,0,-1,0,-0.142299995,-0.457899988,-0.00490000006,0.453000009,0.469099998,0.529100001,0.180000007,0.319999993,0,0.0322999991,0.457899988,0.00490000006,-0.453000009
0.1208141,0,0,0,0,0,0,0,0,-1,0,-0.142299995,-0.457899988,-0.00490000006,0.453000009,0.469099998,0.529100001,0.180000007,0.319999993,0,0.0322999991,0.457899988,0.00490000006,-0.453000009
0.1208141,0,0,0,0,0,0,0,0,-1,0,-0.142299995,-0.457899988,-0.00490000006,0.453000009,0.469099998,0.529100001,0.180000007,0.319999993,0,0.0322999991,0.457899988,0.00490000006,-0.453000009
0.1208141,0,0,0,0,0,0,0,0,-1,0,-0.142299995,-0.457899988,-0.00490000006,0.453000009,0.469099998,0.529100001,0.180000007,0.319999993,0,0.0322999991,0.457899988,0.00490000006,-0.453000009
0.1208141,0,0,0,0,0,0,0,0,-1,0,-0.142299995,-0.457899988,-0.00490000006,0.453000009,0.469099998,0.529100001,0.180000007,0.319999993,0,0.0322999991,0.457899988,0.00490000006,-0.453000009
0.1208141,0,0,0,0,0,0,0,0,-1,0,-0.142299995,-0.457899988,-0.00490000006,0.453000009,0.469099998,0.529100001,0.180000007,0.319999993,0,0.0322999991,0.457899988,0.00490000006,-0.453000009
0.1208141,0,0,0,0,0,0,0,0,-1,0,-0.142299995,-0.457899988,-0.00490000006,0.453000009,0.469099998,0.529100001,0.180000007,0.319999993,0,0.0322999991,0.457899988,0.00490000006,-0.453000009
0.1208141,0,0,0,0,0,0,0,0,-1,0,-0.142299995,-0.457899988,-0.00490000006,0.453000009,0.469099998,0.529100001,0.180000007,0.319999993,0,0.0322999991,0.457899988,0.00490000006,-0.453000009
0.1208141,0,0,0,0,0,0,0,0,-1,0,-0.142299995,-0.457899988,-0.00490000006,0.453000009,0.469099998,0.529100001,0.180000007,0.319999993,0,0.0322999991,0.457899988,0.00490000006,-0.453000009
0.1208141,0,0,0,0,0,0,0,0,-1,0,-0.142299995,-0.457899988,-0.00490000006,0.453000009,0.469099998,0.529100001,0.180000007,0.319999993,0,0.0322999991,0.457899988,0.00490000006,-0.453000009
0.1208141,0,0,0,0,0,0,0,0,-1,0,-0.142299995,-0.457899988,-0.00490000006,0.453000009,0.469099998,0.529100001,0.180000007,0.319999993,0,0.0322999991,0.457899988,0.00490000006,-0.453000009
0.1208141,0,0,0,0,0,0,0,0,-1,0,-0.142299995,-0.457899988,-0.00490000006,0.453000009,0.469099998,0.529100001,0.180000007,0.319999993,0,0.0322999991,0.457899988,0.00490000006,-0.453000009
0.1208141,0,0,0,0,0,0,0,0,-1,0,-0.142299995,-0.457899988,-0.00490000006,0.453000009,0.469099998,0.529100001,0.180000007,0.319999993,0,0.0322999991,0.457899988,0.00490000006,-0.453000009
0.1208141,0,0,0,0,0,0,0,0,-1,0,-0.142299995,-0.457899988,-0.00490000006,0.453000009,0.469099998,0.529100001,0.180000007,0.319999993,0,0.0322999991,0.457899988,0.00490000006,-0.453000009
0.1208141,0,0,0,0,0,0,0,0,-1,0,-0.142299995,-0.457899988,-0.00490000006,0.453000009,0.469099998,0.529100001,0.180000007,0.319999993,0,0.0322999991,0.457899988,0.00490000006,-0.453000009
0.1208141,0,0,0,0,0,0,0,0,-1,0,-0.142299995,-0.457899988,-0.00490000006,0.453000009,0.469099998,0.529100001,0.180000007,0.319999993,0,0.0322999991,0.457899988,0.00490000006,-0.453000009
0.1208141,0,0,0,0,0,0,0,0,-1,0,-0.142299995,-0.457899988,-0.00490000006,0.453000009,0.469099998,0.529100001,0.180000007,0.319999993,0,0.0322999991,0.457899988,0.00490000006,-0.453000009
0.1208141,0,0,0,0,0,0,0,0,-1,0,-0.142299995,-0.457899988,-0.00490000006,0.453000009,0.469099998,0.529100001,0.180000007,0.319999993,0,0.0322999991,0.457899988,0.00490000006,-0.453000009
0.1208141,0,0,0,0,0,0,0,0,-1,0,-0.142299995,-0.457899988,-0.00490000006,0.453000009,0.469099998,0.529100001,0.180000007,0.319999993,0,0.0322999991,0.457899988,0.00490000006,-0.453000009
0.1208141,0,0,0,0,0,0,0,0,-1,0,-0.142299995,-0.457899988,-0.00490000006,0.453000009,0.469099998,0.529100001,0.180000007,0.319999993,0,0.0322999991,0.457899988,0.00490000006,-0.453000009
0.1208141,0,0,0,0,0,0,0,0,-1,0,-0.142299995,-0.457899988,-0.00490000006,0.453000009,0.469099998,0.529100001,0.180000007,0.319999993,0,0.0322999991,0.457899988,0.00490000006,-0.453000009
0.1208141,0,0,0,0,0,0,0,0,-1,0,-0.142299995,-0.457899988,-0.00490000006,0.453000009,0.469099998,0.529100001,0.180000007,0.319999993,0,0.0322999991,0.457899988,0.00490000006,-0.453000009
0.1208141,0,0,0,0,0,0,0,0,-1,0,-0.142299995,-0.457899988,-0.00490000006,0.453000009,0.469099998,0.529100001,0.180000007,0.319999993,0,0.0322999991,0.457899988,0.00490000006,-0.453000009
0.1208141,0,0,0,0,0,0,0,0,-1,0,-0.142299995,-0.457899988,-0.00490000006,0.453000009,0.469099998,0.529100001,0.180000007,0.319999993,0,0.0322999991,0.457899988,0.00490000006,-0.453000009
0.1208141,0,0,0,0,0,0,0,0,-1,0,-0.142299995,-0.457899988,-0.00490000006,0.453000009,0.469099998,0.529100001,0.180000007,0.319999993,0,0.0322999991,0.457899988,0.00490000006,-0.453000009
0.1208141,0,0,0,0,0,0,0,0,-1,0,-0.142299995,-0.457899988,-0.00490000006,0.453000009,0.469099998,0.529100001,0.180000007,0.319999993,0,0.0322999991,0.457899988,0.00490000006,-0.453000009
0.1208141,0,0,0,0,0,0,0,0,-1,0,-0.142299995,-0.457899988,-0.00490000006,0.453000009,0.469099998,0.529100001,0.180000007,0.319999993,0,0.0322999991,0.457899988,0.00490000006,-0.453000009
0.1208141,0,0,0,0,0,0,0,0,-1,0,-0.142299995,-0.457899988,-0.00490000006,0.453000009,0.469099998,0.529100001,0.180000007,0.319999993,0,0.0322999991,0.457899988,0.00490000006,-0.453000009
0.1208141,0,0,0,0,0,0,0,0,-1,0,-0.142299995,-0.457899988,-0.00490000006,0.453000009,0.469099998,0.529100001,0.180000007,0.319999993,0,0.0322999991,0.457899988,0.00490000006,-0.453000009
0.1208141,0,0,0,0,0,0,0,0,-1,0,-0.142299995,-0.457899988,-0.00490000006,0.453000009,0.469099998,0.529100001,0.180000007,0.319999993,0,0.0322999991,0.457899988,0.00490000006,-0.453000009
0.1208141,0,0,-0.000244006515,0,0,0,0,0,-1,0,-0.142299995,-0.457899988,-0.00490000006,0.453000009,0.469099998,0.529100001,0.180000007,0.319999993,0,0.0322999991,0.457899988,0.00490000006,-0.453000009
0.12080434,0,0,-0.000941008329,0,0,0,0,0,-1,0,-0.141781747,-0.457899988,-0.00490000006,0.453000009,0.467969269,0.527403891,0.178303927,0.316984743,0,0.0328182466,0.457899988,0.00490000006,-0.453000009
0.12077646,0,0,-0.00179857016,0,0,0,0,0,-1,0,-0.14030911,-0.457899988,-0.00490000006,0.453000009,0.46475625,0.522584379,0.17348434,0.308416605,0,0.0342908911,0.457899988,0.00490000006,-0.453000009
0.120732397,0,0,-0.00256169587,0,0,0,0,0,-1,0,-0.138005212,-0.457899988,-0.00490000006,0.453000009,0.459729522,0.515044332,0.165944323,0.295012087,0,0.0365947932,0.457899988,0.00490000006,-0.453000009
0.120673992,0,0,-0.00323392451,0,0,0,0,0,-1,0,-0.13499321,-0.457899988,-0.00490000006,0.453000009,0.453157902,0.505186796,0.156086832,0.277487725,0,0.0396067984,0.457899988,0.00490000006,-0.453000009
0.12060304,0,0,-0.00381432474,0,0,0,0,0,-1,0,-0.131396204,-0.457899988,-0.00490000006,0.453000009,0.445309907,0.493414879,0.14431487,0.256559759,0,0.0432037897,0.457899988,0.00490000006,-0.453000009
0.120521419,0,0,-0.00429805368,0,0,0,0,0,-1,0,-0.127337471,-0.457899988,-0.00490000006,0.453000009,0.436454475,0.480131686,0.131031707,0.232945248,0,0.0472625308,0.457899988,0.00490000006,-0.453000009
0.120431118,0,0,-0.00467784703,0,0,0,0,0,-1,0,-0.122939996,-0.457899988,-0.00490000006,0.453000009,0.426860005,0.465739995,0.116640002,0.207359999,0,0.0516600013,0.457899988,0.00490000006,-0.453000009
0.120334305,0,0,-0.00494401902,0,0,0,0,0,-1,0,-0.118327089,-0.457899988,-0.00490000006,0.453000009,0.416795462,0.450643212,0.101543203,0.180521265,0,0.0562729128,0.457899988,0.00490000006,-0.453000009
0.120233357,0,0,-0.00508595258,0,0,0,0,0,-1,0,-0.113621786,-0.457899988,-0.00490000006,0.453000009,0.406529367,0.435244024,0.0861440226,0.153144926,0,0.0609782152,0.457899988,0.00490000006,-0.453000009
0.120130867,0,0,-0.00509191304,0,0,0,0,0,-1,0,-0.108947262,-0.457899988,-0.00490000006,0.453000009,0.396330416,0.419945568,0.070845589,0.125947729,0,0.0656527355,0.457899988,0.00490000006,-0.453000009
0.12002968,0,0,-0.00495109707,0,0,0,0,0,-1,0,-0.104426712,-0.457899988,-0.00490000006,0.453000009,0.386467367,0.405151069,0.056051068,0.0996463522,0,0.0701732785,0.457899988,0.00490000006,-0.453000009
0.119932823,0.00301075401,1.89747097e-05,-0.00461414456,0,0,0,0,0,-1,0,-0.100183181,-0.457899988,-0.00490000006,0.453000009,0.37720874,0.391263157,0.0421631411,0.0749566853,0,0.0744168237,0.457899988,0.00490000006,-0.453000009
0.119845115,0.0215264261,-0.00926947501,-0.00383518636,0,0,0,0,0,-1,-0.000156465612,-0.0963674709,-0.457880169,-0.00495393854,0.452761978,0.368817419,0.378683418,0.0296235178,0.0525250174,8.34187231e-05,0.0782989785,0.457728177,0.00472916802,-0.452794015
0.119779415,0.0563094467,-0.0388758741,-0.00367797911,0,0,0,0,0,-1,-0.00290627498,-0.0929679647,-0.457331479,-0.00586943002,0.44960469,0.3619937,0.368100196,0.0193697792,0.0317327194,0.00130201096,0.0820792243,0.454251051,0.000789022015,-0.450306296
0.119697995,0.0811607242,-0.0772819966,-0.00583492219,0,0,0,0,0,-1,-0.0124661904,-0.0879546627,-0.454422116,-0.00869353395,0.442398399,0.359434545,0.361584961,0.0118901664,0.0103621362,0.00462258607,0.0859676972,0.440934718,-0.0154589126,-0.445385903
0.119546019,0.0822180212,-0.104988053,-0.0116951764,0,0,0,0,0,-1,-0.0309435148,-0.0783275664,-0.447611928,-0.0153426426,0.430293262,0.362359524,0.361512125,0.00464127399,-0.0133978417,0.00968134683,0.0908755586,0.41460824,-0.0488325804,-0.43922475
0.119230188,0.0754574165,-0.109469205,-0.0225493684,0,0,0,0,0,-1,-0.0557047352,-0.0621287338,-0.436261863,-0.0252801981,0.411138058,0.368719876,0.369855314,-0.00763586443,-0.0383223109,0.0159912612,0.0984260589,0.379865944,-0.0927646458,-0.432899684
0.118644044,0.0813129693,-0.0838971362,-0.0358106568,0,0,0,0,0,-1,-0.0800530761,-0.0422111303,-0.418949753,-0.0307999868,0.388308138,0.375665903,0.385872573,-0.0289500114,-0.0591715127,0.0241559297,0.108475439,0.346617997,-0.129144698,-0.428003162
0.117797762,0.100188263,-0.036007002,-0.0346569344,0,0,0,0,0,-1,-0.0987256691,-0.0284774825,-0.393163502,-0.0166138094,0.371802956,0.379688889,0.401556075,-0.0571570322,-0.0716885403,0.0344995745,0.116829365,0.323120922,-0.137284309,-0.424245596
0.117257766,0.111681104,0.020480644,0.000984221697,0,0,0,0,0,-1,-0.111820117,-0.0299875066,-0.36162737,0.0302306954,0.369278818,0.378383547,0.409242898,-0.0777629316,-0.069562979,0.0464079715,0.117288001,0.31172961,-0.10964302,-0.411100507
0.117837131,0.107389502,0.0765781403,0.0238345936,0,0,0,0,0,-1,-0.118703224,-0.0436714627,-0.33579722,0.103710778,0.381420016,0.370694607,0.406394631,-0.0786864311,-0.0514319725,0.0581454411,0.105520494,0.312363833,-0.0578965619,-0.374416679
0.11821115,0.0986408219,0.125617832,0.00615324825,0,0,0,0,0,-1,-0.116364561,-0.0597968027,-0.326495171,0.178990304,0.403616369,0.359379768,0.396879822,-0.0612496696,-0.0227645021,0.0668456703,0.0818445981,0.321429968,0.000107793465,-0.321633011
0.118083261,0.0991708636,0.162300915,-0.0195737928,0,0,0,0,0,-1,-0.108484425,-0.0712820217,-0.331834972,0.237233385,0.426974744,0.348248452,0.388743877,-0.0365430601,0.00783730298,0.0721741915,0.0508893318,0.326684117,0.0499996282,-0.26887849
0.117428198,0.110848621,0.182868123,-0.0420182943,0,0,0,0,0,-1,-0.0967030153,-0.0793005154,-0.349711359,0.260784835,0.446560532,0.339348227,0.384533077,-0.0109021477,0.0355550535,0.0726898462,0.0186084453,0.321349204,0.0861857086,-0.233959287
0.116402529,0.121830076,0.180413872,-0.0411972404,0,0,0,0,0,-1,-0.0847709924,-0.0913334712,-0.375268042,0.238121748,0.456536114,0.332594782,0.382243842,0.0128553296,0.0557509996,0.068305932,-0.00560027733,0.301215291,0.100381494,-0.223132238
0.115780309,0.13238433,0.151513919,0.0247716904,0,0,0,0,0,-1,-0.0781820938,-0.106384411,-0.394671589,0.186069548,0.456290096,0.329300374,0.379650772,0.0322836041,0.0655808747,0.0614298023,-0.0122996569,0.272506684,0.0855983868,-0.229912579
0.117393397,0.148270741,0.107989922,0.0730114058,0,0,0,0,0,-1,-0.0788004771,-0.117535986,-0.400703222,0.129397795,0.448286474,0.330188155,0.37675941,0.0436483435,0.0655029565,0.0564795285,5.38089989e-05,0.245677948,0.0436923206,-0.24925983
0.118700765,0.160232753,0.0610138774,0.0547464937,0,0,0,0,0,-1,-0.0848981291,-0.122790866,-0.399177909,0.0724545196,0.43337065,0.332419544,0.374028891,0.0446153283,0.0570417233,0.0550534241,0.0234905202,0.226521388,-0.0203549806,-0.276626438
0.119583257,0.156935915,0.0118263066,0.0320734456,0,0,0,0,0,-1,-0.0953186229,-0.120378353,-0.393678665,0.0190989356,0.409733176,0.335143864,0.371790439,0.0351237543,0.0427967831,0.0558065996,0.048272267,0.218913764,-0.09681575,-0.309053272
0.119983703,0.142844766,-0.037839964,0.00910013914,0,0,0,0,0,-1,-0.108915053,-0.110103957,-0.385941476,-0.0248726383,0.373284787,0.338062793,0.370207071,0.0169483665,0.0259236228,0.0571579821,0.0678821132,0.224255532,-0.173486829,-0.34481898
0.119947262,0.130671829,-0.0847846046,-0.0124469399,0,0,0,0,0,-1,-0.124578513,-0.0918399245,-0.375968546,-0.060473334,0.330046594,0.341419846,0.369443983,-0.00694708945,0.00828770921,0.057748463,0.0790891871,0.242453352,-0.239105433,-0.382151634
0.119485825,0.122246608,-0.125885323,-0.0327000394,0,0,0,0,0,-1,-0.140544429,-0.0665847138,-0.362787098,-0.0890152529,0.290188938,0.346194416,0.369806707,-0.0340672359,-0.00940554403,0.0565017983,0.0825250447,0.273388028,-0.283130378,-0.418325663
0.118639261,0.114589185,-0.155207723,-0.0470070168,0,0,0,0,0,-1,-0.15327239,-0.0378777981,-0.346290618,-0.108313851,0.259202331,0.352593333,0.371204764,-0.0625958219,-0.026451746,0.0528082363,0.0820712969,0.314828992,-0.296837002,-0.44843632
0.117605545,0.106526166,-0.167435005,-0.0502331182,0,0,0,0,0,-1,-0.158340827,-0.014649271,-0.324503005,-0.113755986,0.240352854,0.359629065,0.372436672,-0.0907626301,-0.0408445001,0.047416769,0.0838821828,0.360393584,-0.275289565,-0.464175969
0.116629936,0.099055931,-0.160016939,-0.0253342092,0,0,0,0,0,-1,-0.155005664,-0.00657380186,-0.293857425,-0.098163262,0.233425677,0.364540577,0.370479822,-0.115649901,-0.0499415994,0.0417844541,0.0944460183,0.401351184,-0.219236419,-0.4589746
0.116592176,0.0988173336,-0.131396517,0.0382201746,0,0,0,0,0,-1,-0.149788812,-0.0152053768,-0.258074731,-0.0603398569,0.240284279,0.366828263,0.364595145,-0.132370114,-0.054940179,0.0363888368,0.107193857,0.426553994,-0.151325598,-0.442517698
0.118158743,0.108196959,-0.0904625505,0.0693013892,0,0,0,0,0,-1,-0.14800176,-0.0345050804,-0.226694703,-0.0051252353,0.263177454,0.366291672,0.357244074,-0.136816412,-0.0573594309,0.0309780389,0.113524817,0.433742076,-0.0910995901,-0.425067008
0.119364232,0.121260062,-0.0500871688,0.0512516126,0,0,0,0,0,-1,-0.148678944,-0.0555307716,-0.20719786,0.0630088821,0.29668811,0.362909943,0.350513369,-0.126740798,-0.0552177168,0.0263228249,0.115018316,0.430381089,-0.0350089595,-0.403369546
0.120208807,0.12875554,-0.0104643051,0.0309187919,0,0,0,0,0,-1,-0.149874344,-0.0723854825,-0.202915788,0.13624616,0.333695531,0.359812051,0.346436113,-0.102054134,-0.0475139469,0.0239795335,0.112407774,0.420210838,0.0176663026,-0.374830663
0.120600984,0.125574976,0.0335737355,0.00786818564,0,0,0,0,0,-1,-0.150494263,-0.0836297646,-0.212946936,0.205086753,0.369473666,0.357786715,0.346411347,-0.066291891,-0.0348992646,0.0243897606,0.105135918,0.405896425,0.0614798665,-0.337179124
0.120523535,0.118849985,0.0823229104,-0.0164685771,0,0,0,0,0,-1,-0.148720816,-0.0892423391,-0.235830098,0.261052251,0.40076828,0.35561353,0.350374639,-0.0258325264,-0.0182822645,0.0271811262,0.0910292566,0.389642566,0.0942721516,-0.2943905
0.11994224,0.114699639,0.129723623,-0.0416215509,0,0,0,0,0,-1,-0.142367288,-0.0905762613,-0.270365775,0.293695152,0.425059259,0.353452504,0.356762826,0.0125452541,0.000807231001,0.030478349,0.0677448139,0.370536089,0.117452219,-0.257731199
0.118858673,0.112476572,0.162900284,-0.06050542,0,0,0,0,0,-1,-0.131700233,-0.0906773359,-0.313614547,0.292051822,0.439771265,0.352419108,0.362560987,0.0445251502,0.0193224233,0.0312990434,0.0385930799,0.346329719,0.128916889,-0.232347161
0.117522024,0.110357627,0.173937961,-0.0651348382,0,0,0,0,0,-1,-0.119553916,-0.0952798501,-0.359899014,0.251737773,0.442045391,0.352376074,0.364859581,0.0688217878,0.0334143937,0.0293797962,0.0152025139,0.31454739,0.12384557,-0.219492093
0.116253279,0.109606609,0.161220461,0.00438001007,0,0,0,0,0,-1,-0.109564476,-0.10779655,-0.400519043,0.183129549,0.429876417,0.352972269,0.362298071,0.0856006742,0.0398441926,0.0274885558,0.00716192508,0.275326222,0.0960006714,-0.219153836
0.117697224,0.115184858,0.126001164,0.0700168312,0,0,0,0,0,-1,-0.104228102,-0.120811783,-0.422931284,0.1159641,0.41270709,0.356583506,0.357218206,0.0937704369,0.0407493152,0.0288886279,0.0154432189,0.237726107,0.0498071387,-0.230700821
0.119053952,0.124879926,0.0805627108,0.0590138137,0,0,0,0,0,-1,-0.102573738,-0.128009915,-0.427551031,0.0621770769,0.399060816,0.360386461,0.353359789,0.0910681859,0.0386317335,0.0346625708,0.0340298191,0.210567728,-0.00782821979,-0.252714366
0.120057777,0.133464664,0.03467023,0.0386849046,0,0,0,0,0,-1,-0.102072164,-0.127989933,-0.425101489,0.0113086747,0.387922227,0.360680133,0.351977646,0.0753263235,0.0320060253,0.0423772447,0.0544528142,0.199125692,-0.0758094788,-0.283810884
0.120601349,0.13288036,-0.0120557612,0.0141065568,0,0,0,0,0,-1,-0.0986078978,-0.118347637,-0.420761526,-0.0333921015,0.379166186,0.359888881,0.352750182,0.0453079008,0.0212880597,0.0473103672,0.07155177,0.21688132,-0.138018742,-0.327160329
0.120622039,0.118327141,-0.0597403608,-0.00808648765,0,0,0,0,0,-1,-0.0922388211,-0.101817362,-0.417740464,-0.0603895672,0.367382348,0.360763073,0.357235014,0.00936937425,0.00718361884,0.047446005,0.0819801092,0.258166164,-0.174423486,-0.372447789
0.120277889,0.0994954258,-0.104793705,-0.020645,0,0,0,0,0,-1,-0.0818736851,-0.0826364085,-0.417789072,-0.0680545196,0.35872668,0.364275932,0.366393209,-0.0224256963,-0.0111828148,0.0416904166,0.0867499635,0.311938792,-0.175395772,-0.4105331
0.119796239,0.0842364505,-0.141094446,-0.0220324844,0,0,0,0,0,-1,-0.0666693151,-0.066557616,-0.421214014,-0.0609745122,0.364205629,0.369802564,0.378334463,-0.0431893468,-0.0322457217,0.0314669088,0.0891998783,0.366854638,-0.143479407,-0.436477274
0.11939659,0.0738007948,-0.161506146,-0.0151753426,0,0,0,0,0,-1,-0.0470919609,-0.0590264648,-0.427840024,-0.0443395674,0.384426147,0.376784265,0.391226918,-0.0514209867,-0.0540629849,0.0200485643,0.0928057954,0.412235558,-0.0927282646,-0.449054301
0.119189225,0.0691635534,-0.163910493,0.00906847417,0,0,0,0,0,-1,-0.026456479,-0.0607258305,-0.436725855,-0.0249107759,0.412104249,0.384793311,0.4039433,-0.0499237254,-0.0756644309,0.0103177354,0.0987848863,0.441058874,-0.0423355065,-0.451816291
0.119759329,0.0513281673,-0.11956539,0.0226968899,0,0,0,0,0,-1,-0.0101043591,-0.0651541129,-0.447205096,-0.0102990987,0.43707642,0.39420414,0.417439312,-0.0446595252,-0.0982275903,0.00362938992,0.104445487,0.453981817,-0.00886918046,-0.45181638
0.120097101,0.0171745196,-0.0390390232,0.0117588788,0,0,0,0,0,-1,-0.00119843194,-0.0655118525,-0.456448376,-0.00534698693,0.451122761,0.405607522,0.433942914,-0.0437635332,-0.12358775,0.000409158005,0.108589239,0.457556814,0.00356306089,-0.452788234
0.120229684,0,0,0.00606719404,0,0,0,0,0,-1,0,-0.0611476973,-0.457899988,-0.00490000006,0.453000009,0.418839484,0.453709215,-0.0523046069,-0.152555108,0,0.1134523,0.457899988,0.00490000006,-0.453000009
0.120339788,0,0,0.00542160124,0,0,0,0,0,-1,0,-0.0560147129,-0.457899988,-0.00490000006,0.453000009,0.432527423,0.474241138,-0.0625705719,-0.182497501,0,0.118585281,0.457899988,0.00490000006,-0.453000009
0.120446548,0,0,0.0051882118,0,0,0,0,0,-1,0,-0.0509152338,-0.457899988,-0.00490000006,0.453000009,0.446126044,0.494639069,-0.0727695227,-0.212244451,0,0.123684764,0.457899988,0.00490000006,-0.453000009
0.120547317,0,0,0.00482834876,0,0,0,0,0,-1,0,-0.0459836945,-0.457899988,-0.00490000006,0.453000009,0.459276825,0.514365256,-0.0826326236,-0.241011798,0,0.128616303,0.457899988,0.00490000006,-0.453000009
0.120639682,0,0,0.00435393304,0,0,0,0,0,-1,0,-0.0413543433,-0.457899988,-0.00490000006,0.453000009,0.471621752,0.532882631,-0.0918913111,-0.268016338,0,0.133245662,0.457899988,0.00490000006,-0.453000009
0.120721474,0,0,0.00377558172,0,0,0,0,0,-1,0,-0.0371617526,-0.457899988,-0.00490000006,0.453000009,0.482801974,0.549652934,-0.100276493,-0.292473078,0,0.137438238,0.457899988,0.00490000006,-0.453000009
0.120790705,0,0,0.00310037285,0,0,0,0,0,-1,0,-0.0335400552,-0.457899988,-0.00490000006,0.453000009,0.492459863,0.564139843,-0.107519887,-0.313599676,0,0.14105995,0.457899988,0.00490000006,-0.453000009
0.120845489,0,0,0.0023316592,0,0,0,0,0,-1,0,-0.0306236595,-0.457899988,-0.00490000006,0.453000009,0.500236928,0.575805366,-0.113352679,-0.330612004,0,0.143976346,0.457899988,0.00490000006,-0.453000009
0.120883971,0,0,0.0014686957,0,0,0,0,0,-1,0,-0.0285469126,-0.457899988,-0.00490000006,0.453000009,0.505774915,0.584112287,-0.117506169,-0.34272635,0,0.146053076,0.457899988,0.00490000006,-0.453000009
0.120904237,0,0,0.000572577119,0,0,0,0,0,-1,0,-0.0274441391,-0.457899988,-0.00490000006,0.453000009,0.50871563,0.588523448,-0.119711719,-0.349159181,0,0.147155866,0.457899988,0.00490000006,-0.453000009
0.120906875,0,0,6.59376383e-05,0,0,0,0,0,-1,0,-0.0273000002,-0.457899988,-0.00490000006,0.453000009,0.50910002,0.589100003,-0.119999997,-0.349999994,0,0.147300005,0.457899988,0.00490000006,-0.453000009
0.120906875,0,0,0,0,0,0,0,0,-1,0,-0.0273000002,-0.457899988,-0.00490000006,0.453000009,0.50910002,0.589100003,-0.119999997,-0.349999994,0,0.147300005,0.457899988,0.00490000006,-0.453000009
0.120906875,0,0,0,0,0,0,0,0,-1,0,-0.0273000002,-0.457899988,-0.00490000006,0.453000009,0.50910002,0.589100003,-0.119999997,-0.349999994,0,0.147300005,0.457899988,0.00490000006,-0.453000009
0.120906875,0,0,0,0,0,0,0,0,-1,0,-0.0273000002,-0.457899988,-0.00490000006,0.453000009,0.50910002,0.589100003,-0.119999997,-0.349999994,0,0.147300005,0.457899988,0.00490000006,-0.453000009
0.120906875,0,0,0,0,0,0,0,0,-1,0,-0.0273000002,-0.457899988,-0.00490000006,0.453000009,0.50910002,0.589100003,-0.119999997,-0.349999994,0,0.147300005,0.457899988,0.00490000006,-0.453000009
0.120906875,0,0,0,0,0,0,0,0,-1,0,-0.0273000002,-0.457899988,-0.00490000006,0.453000009,0.50910002,0.589100003,-0.119999997,-0.349999994,0,0.147300005,0.457899988,0.00490000006,-0.453000009
0.120906875,0,0,0,0,0,0,0,0,-1,0,-0.0273000002,-0.457899988,-0.00490000006,0.453000009,0.50910002,0.589100003,-0.119999997,-0.349999994,0,0.147300005,0.457899988,0.00490000006,-0.453000009
0.120906875,0,0,0,0,0,0,0,0,-1,0,-0.0273000002,-0.457899988,-0.00490000006,0.453000009,0.50910002,0.589100003,-0.119999997,-0.349999994,0,0.147300005,0.457899988,0.00490000006,-0.453000009
0.120906875,0,0,0,0,0,0,0,0,-1,0,-0.0273000002,-0.457899988,-0.00490000006,0.453000009,0.50910002,0.589100003,-0.119999997,-0.349999994,0,0.147300005,0.457899988,0.00490000006,-0.453000009
0.120906875,0,0,0,0,0,0,0,0,-1,0,-0.0273000002,-0.457899988,-0.00490000006,0.453000009,0.50910002,0.589100003,-0.119999997,-0.349999994,0,0.147300005,0.457899988,0.00490000006,-0.453000009
0.120906875,0,0,0,0,0,0,0,0,-1,0,-0.0273000002,-0.457899988,-0.00490000006,0.453000009,0.50910002,0.589100003,-0.119999997,-0.349999994,0,0.147300005,0.457899988,0.00490000006,-0.453000009
0.120906875,0,0,0,0,0,0,0,0,-1,0,-0.0273000002,-0.457899988,-0.00490000006,0.453000009,0.50910002,0.589100003,-0.119999997,-0.349999994,0,0.147300005,0.457899988,0.00490000006,-0.453000009
0.120906875,0,0,0,0,0,0,0,0,-1,0,-0.0273000002,-0.457899988,-0.00490000006,0.453000009,0.50910002,0.589100003,-0.119999997,-0.349999994,0,0.147300005,0.457899988,0.00490000006,-0.453000009
0.120906875,0,0,0,0,0,0,0,0,-1,0,-0.0273000002,-0.457899988,-0.00490000006,0.453000009,0.50910002,0.589100003,-0.119999997,-0.349999994,0,0.147300005,0.457899988,0.00490000006,-0.453000009
0.120906875,0,0,0,0,0,0,0,0,-1,0,-0.0273000002,-0.457899988,-0.00490000006,0.453000009,0.50910002,0.589100003,-0.119999997,-0.349999994,0,0.147300005,0.457899988,0.00490000006,-0.453000009
0.120906875,0,0,0,0,0,0,0,0,-1,0,-0.0273000002,-0.457899988,-0.00490000006,0.453000009,0.50910002,0.589100003,-0.119999997,-0.349999994,0,0.147300005,0.457899988,0.00490000006,-0.453000009
0.120906875,0,0,0,0,0,0,0,0,-1,0,-0.0273000002,-0.457899988,-0.00490000006,0.453000009,0.50910002,0.589100003,-0.119999997,-0.349999994,0,0.147300005,0.457899988,0.00490000006,-0.453000009
0.120906875,0,0,0,0,0,0,0,0,-1,0,-0.0273000002,-0.457899988,-0.00490000006,0.453000009,0.50910002,0.589100003,-0.119999997,-0.349999994,0,0.147300005,0.457899988,0.00490000006,-0.453000009
0.120906875,0,0,0,0,0,0,0,0,-1,0,-0.0273000002,-0.457899988,-0.00490000006,0.453000009,0.50910002,0.589100003,-0.119999997,-0.349999994,0,0.147300005,0.457899988,0.00490000006,-0.453000009
0.120906875,0,0,0,0,0,0,0,0,-1,0,-0.0273000002,-0.457899988,-0.00490000006,0.453000009,0.50910002,0.589100003,-0.119999997,-0.349999994,0,0.147300005,0.457899988,0.00490000006,-0.453000009
0.120906875,0,0,0,0,0,0,0,0,-1,0,-0.0273000002,-0.457899988,-0.00490000006,0.453000009,0.50910002,0.589100003,-0.119999997,-0.349999994,0,0.147300005,0.457899988,0.00490000006,-0.453000009
0.120906875,0,0,0,0,0,0,0,0,-1,0,-0.0273000002,-0.457899988,-0.00490000006,0.453000009,0.50910002,0.589100003,-0.119999997,-0.349999994,0,0.147300005,0.457899988,0.00490000006,-0.453000009
0.120906875,0,0,0,0,0,0,0,0,-1,0,-0.0273000002,-0.457899988,-0.00490000006,0.453000009,0.50910002,0.589100003,-0.119999997,-0.349999994,0,0.147300005,0.457899988,0.00490000006,-0.453000009
0.120906875,0,0,0,0,0,0,0,0,-1,0,-0.0273000002,-0.457899988,-0.00490000006,0.453000009,0.50910002,0.589100003,-0.119999997,-0.349999994,0,0.147300005,0.457899988,0.00490000006,-0.453000009
0.120906875,0,0,0,0,0,0,0,0,-1,0,-0.0273000002,-0.457899988,-0.00490000006,0.453000009,0.50910002,0.589100003,-0.119999997,-0.349999994,0,0.147300005,0.457899988,0.00490000006,-0.453000009
0.120906875,0,0,0,0,0,0,0,0,-1,0,-0.0273000002,-0.457899988,-0.00490000006,0.453000009,0.50910002,0.589100003,-0.119999997,-0.349999994,0,0.147300005,0.457899988,0.00490000006,-0.453000009
0.120906875,0,0,0,0,0,0,0,0,-1,0,-0.0273000002,-0.457899988,-0.00490000006,0.453000009,0.50910002,0.589100003,-0.119999997,-0.349999994,0,0.147300005,0.457899988,0.00490000006,-0.453000009
0.120906875,0,0,0,0,0,0,0,0,-1,0,-0.0273000002,-0.457899988,-0.00490000006,0.453000009,0.50910002,0.589100003,-0.119999997,-0.349999994,0,0.147300005,0.457899988,0.00490000006,-0.453000009
0.120906875,0,0,0,0,0,0,0,0,-1,0,-0.0273000002,-0.457899988,-0.00490000006,0.453000009,0.50910002,0.589100003,-0.119999997,-0.349999994,0,0.147300005,0.457899988,0.00490000006,-0.453000009
0.120906875,0,0,0,0,0,0,0,0,-1,0,-0.0273000002,-0.457899988,-0.00490000006,0.453000009,0.50910002,0.589100003,-0.119999997,-0.349999994,0,0.147300005,0.457899988,0.00490000006,-0.453000009
0.120906875,0,0,0,0,0,0,0,0,-1,0,-0.0273000002,-0.457899988,-0.00490000006,0.453000009,0.50910002,0.589100003,-0.119999997,-0.349999994,0,0.147300005,0.457899988,0.00490000006,-0.453000009
0.120906875,0,0,0,0,0,0,0,0,-1,0,-0.0273000002,-0.457899988,-0.00490000006,0.453000009,0.50910002,0.589100003,-0.119999997,-0.349999994,0,0.147300005,0.457899988,0.00490000006,-0.453000009
0.120906875,0,0,0,0,0,0,0,0,-1,0,-0.0273000002,-0.457899988,-0.00490000006,0.453000009,0.50910002,0.589100003,-0.119999997,-0.349999994,0,0.147300005,0.457899988,0.00490000006,-0.453000009
0.120906875,0,0,0,0,0,0,0,0,-1,0,-0.0273000002,-0.457899988,-0.00490000006,0.453000009,0.50910002,0.589100003,-0.119999997,-0.349999994,0,0.147300005,0.457899988,0.00490000006,-0.453000009
0.120906875,0,0,0,0,0,0,0,0,-1,0,-0.0273000002,-0.457899988,-0.00490000006,0.453000009,0.50910002,0.589100003,-0.119999997,-0.349999994,0,0.147300005,0.457899988,0.00490000006,-0.453000009
0.120906875,0,0,0,0,0,0,0,0,-1,0,-0.0273000002,-0.457899988,-0.00490000006,0.453000009,0.50910002,0.589100003,-0.119999997,-0.349999994,0,0.147300005,0.457899988,0.00490000006,-0.453000009
0.120906875,0,0,0,0,0,0,0,0,-1,0,-0.0273000002,-0.457899988,-0.00490000006,0.453000009,0.50910002,0.589100003,-0.119999997,-0.349999994,0,0.147300005,0.457899988,0.00490000006,-0.453000009
0.120906875,0,0,0,0,0,0,0,0,-1,0,-0.0273000002,-0.457899988,-0.00490000006,0.453000009,0.50910002,0.589100003,-0.119999997,-0.349999994,0,0.147300005,0.457899988,0.00490000006,-0.453000009
0.120906875,0,0,0,0,0,0,0,0,-1,0,-0.0273000002,-0.457899988,-0.00490000006,0.453000009,0.50910002,0.589100003,-0.119999997,-0.349999994,0,0.147300005,0.457899988,0.00490000006,-0.453000009
0.120906875,0,0,0,0,0,0,0,0,-1,0,-0.0273000002,-0.457899988,-0.00490000006,0.453000009,0.50910002,0.589100003,-0.119999997,-0.349999994,0,0.147300005,0.457899988,0.00490000006,-0.453000009
0.120906875,0,0,0,0,0,0,0,0,-1,0,-0.0273000002,-0.457899988,-0.00490000006,0.453000009,0.50910002,0.589100003,-0.119999997,-0.349999994,0,0.147300005,0.457899988,0.00490000006,-0.453000009
0.120906875,0,0,0,0,0,0,0,0,-1,0,-0.0273000002,-0.457899988,-0.00490000006,0.453000009,0.50910002,0.589100003,-0.119999997,-0.349999994,0,0.147300005,0.457899988,0.00490000006,-0.453000009
0.120906875,0,0,0,0,0,0,0,0,-1,0,-0.0273000002,-0.457899988,-0.00490000006,0.453000009,0.50910002,0.589100003,-0.119999997,-0.349999994,0,0.147300005,0.457899988,0.00490000006,-0.453000009
0.120906875,0,0,0,0,0,0,0,0,-1,0,-0.0273000002,-0.457899988,-0.00490000006,0.453000009,0.50910002,0.589100003,-0.119999997,-0.349999994,0,0.147300005,0.457899988,0.00490000006,-0.453000009
0.120906875,0,0,0,0,0,0,0,0,-1,0,-0.0273000002,-0.457899988,-0.00490000006,0.453000009,0.50910002,0.589100003,-0.119999997,-0.349999994,0,0.147300005,0.457899988,0.00490000006,-0.453000009
0.120906875,0,0,0,0,0,0,0,0,-1,0,-0.0273000002,-0.457899988,-0.00490000006,0.453000009,0.50910002,0.589100003,-0.119999997,-0.349999994,0,0.147300005,0.457899988,0.00490000006,-0.453000009
0.120906875,0,0,0,0,0,0,0,0,-1,0,-0.0273000002,-0.457899988,-0.00490000006,0.453000009,0.50910002,0.589100003,-0.119999997,-0.349999994,0,0.147300005,0.457899988,0.00490000006,-0.453000009
0.120906875,0,0,0,0,0,0,0,0,-1,0,-0.0273000002,-0.457899988,-0.00490000006,0.453000009,0.50910002,0.589100003,-0.119999997,-0.349999994,0,0.147300005,0.457899988,0.00490000006,-0.453000009
0.120906875,0,0,0,0,0,0,0,0,-1,0,-0.0273000002,-0.457899988,-0.00490000006,0.453000009,0.50910002,0.589100003,-0.119999997,-0.349999994,0,0.147300005,0.457899988,0.00490000006,-0.453000009
0.120906875,0,0,-6.59376383e-05,0,0,0,0,0,-1,0,-0.0273000002,-0.457899988,-0.00490000006,0.453000009,0.50910002,0.589100003,-0.119999997,-0.349999994,0,0.147300005,0.457899988,0.00490000006,-0.453000009
0.120904237,0,0,-0.000572390854,0,0,0,0,0,-1,0,-0.0274441335,-0.457899988,-0.00490000006,0.453000009,0.508715689,0.588523507,-0.119711734,-0.349159181,0,0.147155881,0.457899988,0.00490000006,-0.453000009
0.120883979,0,0,-0.00146850944,0,0,0,0,0,-1,0,-0.0285468642,-0.457899988,-0.00490000006,0.453000009,0.505775034,0.584112525,-0.117506266,-0.342726648,0,0.146053135,0.457899988,0.00490000006,-0.453000009
0.120845497,0,0,-0.00233184546,0,0,0,0,0,-1,0,-0.0306235831,-0.457899988,-0.00490000006,0.453000009,0.500237107,0.575805724,-0.113352835,-0.330612421,0,0.143976435,0.457899988,0.00490000006,-0.453000009
0.120790705,0,0,-0.00310037285,0,0,0,0,0,-1,0,-0.0335399546,-0.457899988,-0.00490000006,0.453000009,0.492460132,0.564140201,-0.107520089,-0.313600242,0,0.141060039,0.457899988,0.00490000006,-0.453000009
0.120721482,0,0,-0.00377558172,0,0,0,0,0,-1,0,-0.0371615812,-0.457899988,-0.00490000006,0.453000009,0.482802451,0.549653709,-0.100276835,-0.292474121,0,0.137438431,0.457899988,0.00490000006,-0.453000009
0.120639682,0,0,-0.0043541193,0,0,0,0,0,-1,0,-0.0413542129,-0.457899988,-0.00490000006,0.453000009,0.47162208,0.532883108,-0.0918915719,-0.268017083,0,0.133245781,0.457899988,0.00490000006,-0.453000009
0.120547317,0,0,-0.00482816249,0,0,0,0,0,-1,0,-0.0459836163,-0.457899988,-0.00490000006,0.453000009,0.459277034,0.514365554,-0.0826327726,-0.241012245,0,0.128616378,0.457899988,0.00490000006,-0.453000009
0.120446555,0,0,-0.0051882118,0,0,0,0,0,-1,0,-0.0509150811,-0.457899988,-0.00490000006,0.453000009,0.446126461,0.494639665,-0.0727698281,-0.212245345,0,0.123684913,0.457899988,0.00490000006,-0.453000009
0.120339788,0,0,-0.0054217875,0,0,0,0,0,-1,0,-0.0560146347,-0.457899988,-0.00490000006,0.453000009,0.432527632,0.474241465,-0.0625707284,-0.182497963,0,0.118585363,0.457899988,0.00490000006,-0.453000009
0.120229684,0,0,-0.00546630472,0.00284910202,0,0.00129849999,0,0,-1,0,-0.0611476973,-0.457899988,-0.00490000006,0.453000009,0.418839484,0.453709215,-0.0523046069,-0.152555108,0,0.1134523,0.457899988,0.00490000006,-0.453000009
0.120121136,-4.76642077e-12,-5.66930112e-07,-0.00497885002,0.0303298291,2.30697424e-05,0.0332295522,-9.56726476e-10,-0.000113855996,-1,5.1938001e-05,-0.066293858,-0.457899988,-0.00489846105,0.453000009,0.405420005,0.433580011,-0.0422400013,-0.123199999,5.1938001e-05,0.10830614,0.457899988,0.00489846105,-0.453000009
0.12003053,-3.08646576e-12,-4.8787374e-06,-0.00402126182,0.0912700817,0.000317980302,0.143170133,-3.53674423e-10,-0.00121326349,-0.999999285,0.00132921152,-0.072190389,-0.457899988,-0.00478266366,0.453000009,0.392627686,0.414391488,-0.0326457433,-0.0952167511,0.00132921152,0.102409609,0.457899988,0.00478266366,-0.453000009
0.119960286,-2.63377861e-12,-1.2145073e-05,-0.00322626485,0.167048588,0.00163985067,0.335431784,-8.16349599e-10,-0.0037644112,-0.999992907,0.00577867869,-0.0791693106,-0.457899988,-0.00406171335,0.453000009,0.380820304,0.396680444,-0.0237902217,-0.0693881512,0.00577867869,0.0954306945,0.457899988,0.00406171335,-0.453000009
0.119901478,-2.45426466e-12,-2.3724906e-05,-0.00300491182,0.243196234,0.00517807668,0.576816499,-8.16725521e-10,-0.0078951288,-0.999968827,0.0147465374,-0.0872241333,-0.457899988,-0.00196822011,0.453000009,0.370356202,0.380984306,-0.0159421563,-0.0464979596,0.0147465374,0.0873758718,0.457899988,0.00196822011,-0.453000009
0.119840086,1.13559457e-11,-4.70557388e-05,-0.00348748569,0.308293104,0.0119840596,0.830628872,-5.95681338e-10,-0.0134916455,-0.999908984,0.0288523622,-0.0961068049,-0.457899988,0.00226648408,0.453000009,0.361593992,0.367841005,-0.00937049557,-0.0273306128,0.0288523622,0.0784931928,0.457899988,-0.00226648408,-0.453000009
0.119761966,-1.09230465e-10,-9.21763494e-05,-0.0045565879,0.352644742,0.0222032256,1.06090593,1.54709323e-09,-0.0202251114,-0.999795437,0.0479755811,-0.105354555,-0.457899988,0.00914459396,0.453000009,0.354891807,0.357787728,-0.00434386684,-0.0126696117,0.0479755811,0.0692454427,0.457899988,-0.00914459396,-0.453000009
0.119657785,-1.7161858e-10,-0.000161832708,-0.00586267747,0.368885279,0.0346036777,1.23509741,1.84942728e-09,-0.0275932234,-0.999619246,0.0712986067,-0.114331342,-0.457899988,0.0186970681,0.453000009,0.350607693,0.351361543,-0.00113077799,-0.00329810195,0.0712986067,0.0602686666,0.457899988,-0.0186970681,-0.453000009
0.11952737,5.22438273e-11,-0.000253600796,-0.00724684121,0.352551311,0.0465782471,1.32654107,9.59859081e-10,-0.0349733233,-0.999388218,0.0973997712,-0.122280449,-0.457899988,0.0303812791,0.453000009,0.349100024,0.349100024,-1.7253555e-08,-5.03228605e-08,0.0973997712,0.0523195527,0.457899988,-0.0303812791,-0.453000009
0.119367734,-1.6047326e-10,-0.000355711381,-0.00852591917,0.302368701,0.0547312498,1.31652987,1.49791668e-09,-0.0416849703,-0.999130785,0.124393761,-0.128997043,-0.457899988,0.0431035534,0.453000009,0.349099994,0.349099994,0,0,0.124393761,0.0456029475,0.457899988,-0.0431035534,-0.453000009
0.119186036,4.62160726e-11,-0.000417963951,-0.00887237024,0.220391557,0.055939775,1.19579685,1.28319988e-09,-0.0470563322,-0.998892248,0.150107071,-0.13437371,-0.457899988,0.055363398,0.453000009,0.349099994,0.349099994,0,0,0.150107071,0.0402262844,0.457899988,-0.055363398,-0.453000009
0.119012445,1.57295184e-11,-0.000387112261,-0.00765724061,0.111931562,0.0484853089,0.965368986,-5.51355295e-10,-0.0504905954,-0.99872452,0.172278255,-0.137812063,-0.457899988,0.0654951409,0.453000009,0.349099994,0.349099994,0,0,0.172278255,0.0367879383,0.457899988,-0.0654951409,-0.453000009
0.118879355,5.17102923e-11,-0.000257557171,-0.00499176839,-0.0148083689,0.032912869,0.636800766,-1.09301757e-09,-0.0515278354,-0.998671532,0.188770652,-0.138850659,-0.457899988,0.0719638541,0.453000009,0.349099994,0.349099994,0,0,0.188770652,0.035749346,0.457899988,-0.0719638541,-0.453000009
0.118812509,-1.0147392e-10,-7.0200731e-05,-0.00140510336,-0.149184644,0.0122325858,0.231739715,9.59262114e-10,-0.0498988666,-0.998754263,0.19778429,-0.137219593,-0.457899988,0.0736606419,0.453000009,0.349099994,0.349099994,0,0,0.19778429,0.037380401,0.457899988,-0.0736606419,-0.453000009
0.118823081,-7.16754503e-11,0.000103751699,0.00227453234,-0.278775901,-0.00869265478,-0.219054714,1.12745679e-09,-0.045567546,-0.99896127,0.198053181,-0.13288334,-0.457899988,0.0701403543,0.453000009,0.349099994,0.349099994,0,0,0.198053181,0.0417166688,0.457899988,-0.0701403543,-0.453000009
0.118903585,1.78748044e-10,0.000197935879,0.00510297623,-0.387637049,-0.0240647346,-0.662663698,-7.36273709e-10,-0.0387589931,-0.999248564,0.189015403,-0.126068696,-0.457899988,0.0617514364,0.453000009,0.349099994,0.349099994,0,0,0.189015403,0.048531305,0.457899988,-0.0617514364,-0.453000009
0.119027354,-1.68446881e-10,0.000185873214,0.00617783424,-0.45350498,-0.0285091195,-0.979342341,1.53392143e-09,-0.0300736558,-0.99954766,0.171528623,-0.11737819,-0.457899988,0.0498104729,0.453000009,0.349099994,0.349099994,0,0,0.171528623,0.0572218113,0.457899988,-0.0498104729,-0.453000009
0.11915081,9.41206488e-11,0.000114543545,0.00555154961,-0.483291745,-0.0232511535,-1.16358316,3.78021436e-09,-0.0206283294,-0.999787211,0.149824142,-0.107929789,-0.457899988,0.03684083,0.453000009,0.349099994,0.349099994,0,0,0.149824142,0.0666702092,0.457899988,-0.03684083,-0.453000009
0.119249463,2.25679517e-10,4.15195173e-05,0.00386271696,-0.499777108,-0.0134055503,-1.30793047,1.53169066e-09,-0.01074793,-0.999942243,0.124974623,-0.0980481356,-0.457899988,0.0241429731,0.453000009,0.349099994,0.349099994,0,0,0.124974623,0.0765518695,0.457899988,-0.0241429731,-0.453000009
0.119305328,-5.07569022e-11,6.19683033e-06,0.00966805685,-0.505753756,-0.000394117873,-1.42471743,1.86444638e-09,-0.00064105558,-0.999999821,0.0975025594,-0.087941058,-0.457899988,0.0127778612,0.453000009,0.349099994,0.349099994,0,0,0.0975025594,0.0866589472,0.457899988,-0.0127778612,-0.453000009
0.119636185,-1.59112667e-10,-0.000145880113,0.0153884832,-0.501122236,0.0146825453,-1.51145208,1.51110913e-09,0.0094793383,-0.999955058,0.0679841936,-0.0778205246,-0.457899988,0.00369437365,0.453000009,0.349099994,0.349099994,0,0,0.0679841936,0.0967794806,0.457899988,-0.00369437365,-0.453000009
0.119920895,-1.19942098e-10,-0.000237723347,0.0122516649,-0.485973775,0.0305788871,-1.56633413,5.04117104e-09,0.0193996988,-0.999811828,0.037039496,-0.0678990856,-0.457899988,-0.00234884769,0.453000009,0.349099994,0.349099994,0,0,0.037039496,0.106700912,0.457899988,0.00234884769,-0.453000009
0.120126344,-3.68729075e-11,-0.00023549897,0.00814212859,-0.460640579,0.0459653586,-1.5882318,3.91884658e-09,0.0289113093,-0.999581993,0.00531699229,-0.0583846644,-0.457899988,-0.00484737381,0.453000009,0.349099994,0.349099994,0,0,0.00531699229,0.116215333,0.457899988,0.00484737381,-0.453000009
0.120246716,7.23465829e-13,-0.000146137216,0.00386185199,-0.425608784,0.0595437624,-1.57664526,-1.87202517e-10,0.0378141627,-0.999284804,-0.0265180692,-0.0494768247,-0.457899988,-0.00359238195,0.453000009,0.349099994,0.349099994,0,0,-0.0265180692,0.125123173,0.457899988,0.00359238195,-0.453000009
0.120280929,-5.34748357e-11,1.60641903e-05,-0.000349435693,-0.381647348,0.0701879486,-1.53191352,9.18037035e-10,0.0459206477,-0.998945117,-0.0577951446,-0.0413632058,-0.457899988,0.00131129019,0.453000009,0.349099994,0.349099994,0,0,-0.0577951446,0.133236796,0.457899988,-0.00131129019,-0.453000009
0.120232724,3.92314826e-12,0.00022573919,-0.00424828846,-0.329676777,0.0770147741,-1.45508575,9.22164678e-10,0.0530616492,-0.998591244,-0.0878602043,-0.0342134237,-0.457899988,0.00945428573,0.453000009,0.349099994,0.349099994,0,0,-0.0878602043,0.140386581,0.457899988,-0.00945428573,-0.453000009
0.120110758,5.38786203e-11,0.000449096697,-0.0075872438,-0.270790488,0.0794483051,-1.34776318,-7.16099402e-12,0.0590876602,-0.998252809,-0.11608085,-0.0281779021,-0.457899988,0.0201563798,0.453000009,0.349099994,0.349099994,0,0,-0.11608085,0.146422103,0.457899988,-0.0201563798,-0.453000009
0.119928703,2.70131223e-10,0.000647998997,-0.0101243667,-0.206221744,0.07728526,-1.2123096,6.62366328e-10,0.063873224,-0.997958004,-0.141864896,-0.0233832616,-0.457899988,0.0325237475,0.453000009,0.349099994,0.349099994,0,0,-0.141864896,0.15121673,0.457899988,-0.0325237475,-0.453000009
0.119704954,2.36069107e-12,0.000786092365,-0.0116506182,-0.137325212,0.0707144588,-1.05158508,-1.43212997e-09,0.06731911,-0.997731507,-0.164672002,-0.019929966,-0.457899988,0.0455239527,0.453000009,0.349099994,0.349099994,0,0,-0.164672002,0.154670045,0.457899988,-0.0455239527,-0.453000009
0.119461618,-1.0298986e-10,0.000836023304,-0.0120254559,-0.0655552894,0.0602805987,-0.868914545,9.50670653e-10,0.0693537369,-0.997592151,-0.184023425,-0.0178905427,-0.457899988,0.0580714047,0.453000009,0.349099994,0.349099994,0,0,-0.184023425,0.156709462,0.457899988,-0.0580714047,-0.453000009
0.119222775,1.31528025e-10,0.000786351738,-0.0112165129,0.00758913253,0.0468562134,-0.668120563,-5.02532682e-10,0.0699349716,-0.99755156,-0.199512124,-0.0173078962,-0.457899988,0.0691177323,0.453000009,0.349099994,0.349099994,0,0,-0.199512124,0.157292098,0.457899988,-0.0691177323,-0.453000009
0.119011857,5.0980168e-11,0.000645465509,-0.00932537299,0.0805723146,0.0315575004,-0.45338273,2.41662967e-10,0.0690508634,-0.997613132,-0.21081391,-0.018194152,-0.457899988,0.0777410269,0.453000009,0.349099994,0.349099994,0,0,-0.21081391,0.156405851,0.457899988,-0.0777410269,-0.453000009
0.118848868,8.16059893e-12,0.000440840609,-0.00659263879,0.151863009,0.0156682171,-0.229114786,1.23507682e-09,0.066719614,-0.99777174,-0.217691407,-0.0205307845,-0.457899988,0.083221063,0.453000009,0.349099994,0.349099994,0,0,-0.217691407,0.154069215,0.457899988,-0.083221063,-0.453000009
0.118747562,-9.95995092e-11,0.000213078631,-0.00337603246,0.219968379,0.000505370321,3.0403784e-05,5.97605854e-10,0.0629896298,-0.998014152,-0.219999969,-0.0242686458,-0.457899988,0.0850999728,0.453000009,0.349099994,0.349099994,0,0,-0.219999969,0.150331363,0.457899988,-0.0850999728,-0.453000009
0.118713558,-1.13603078e-10,5.87071918e-06,-0.000101157711,0.283457309,-0.0126552815,0.229286864,6.38393283e-10,0.0579380691,-0.998320162,-0.217691407,-0.0293294713,-0.457899988,0.083221063,0.453000009,0.349099994,0.349099994,0,0,-0.217691407,0.145270526,0.457899988,-0.083221063,-0.453000009
0.118743509,-1.00477675e-10,-0.00014482667,0.00279916427,0.340993434,-0.0227266289,0.453902036,1.08284914e-09,0.0516703054,-0.9986642,-0.210814297,-0.035606686,-0.457899988,0.0777413249,0.453000009,0.349099994,0.349099994,0,0,-0.210814297,0.138993323,0.457899988,-0.0777413249,-0.453000009
0.118825674,3.24731603e-10,-0.00021972839,0.00495330384,0.39138779,-0.0288651306,0.669136286,-8.53031867e-10,0.0443162993,-0.999017537,-0.199512362,-0.0429691784,-0.457899988,0.0691179037,0.453000009,0.349099994,0.349099994,0,0,-0.199512362,0.131630823,0.457899988,-0.0691179037,-0.453000009
0.118941836,-1.66963957e-10,-0.000220058457,0.00610364787,0.433555186,-0.0305452161,0.870427668,-5.65776037e-10,0.0360303372,-0.999350667,-0.184023425,-0.0512618609,-0.457899988,0.0580714047,0.453000009,0.349099994,0.349099994,0,0,-0.184023425,0.123338141,0.457899988,-0.0580714047,-0.453000009
0.119069979,-1.73373371e-10,-0.00016568946,0.00613760157,0.466645896,-0.0276321452,1.05356073,3.37173978e-09,0.0269861165,-0.999635816,-0.164672956,-0.0603106059,-0.457899988,0.0455245338,0.453000009,0.349099994,0.349099994,0,0,-0.164672956,0.114289396,0.457899988,-0.0455245338,-0.453000009
0.11918743,-1.33096973e-12,-8.84284309e-05,0.00508928206,0.489930928,-0.0203741174,1.21457553,2.61484584e-10,0.0173728,-0.999849081,-0.141865283,-0.069926329,-0.457899988,0.0325239338,0.453000009,0.349099994,0.349099994,0,0,-0.141865283,0.104673669,0.457899988,-0.0325239338,-0.453000009
0.119273581,-1.37853562e-10,-4.06772779e-05,0.0055013583,0.502935648,-0.00937200524,1.35002649,4.03920186e-09,0.00739383837,-0.999972641,-0.11608164,-0.0799060911,-0.457899988,0.0201567579,0.453000009,0.349099994,0.349099994,0,0,-0.11608164,0.0946939066,0.457899988,-0.0201567579,-0.453000009
0.11940749,-7.26638125e-11,3.19208484e-05,0.0116439098,0.505397499,0.00445949333,1.4570986,4.20176649e-09,-0.0027413296,-0.999996245,-0.0878610611,-0.0900413319,-0.457899988,0.00945461169,0.453000009,0.349099994,0.349099994,0,0,-0.0878610611,0.0845586732,0.457899988,-0.00945461169,-0.453000009
0.119739339,-9.65564087e-11,0.000189426239,0.0147757092,0.497241706,0.019958267,1.53337181,9.27443844e-10,-0.0128189949,-0.999917805,-0.0577956215,-0.100119345,-0.457899988,0.00131136505,0.453000009,0.349099994,0.349099994,0,0,-0.0577956215,0.0744806528,0.457899988,-0.00131136505,-0.453000009
0.119998567,-7.98627692e-11,0.000247039454,0.0109156584,0.478635401,0.0358320661,1.57730722,5.05272046e-09,-0.0226257797,-0.999743998,-0.0265190247,-0.109927706,-0.457899988,-0.00359223224,0.453000009,0.349099994,0.349099994,0,0,-0.0265190247,0.0646722913,0.457899988,0.00359223224,-0.453000009
0.120176077,-4.19757736e-11,0.000214929853,0.00672238972,0.449992895,0.050747484,1.58806193,5.50501555e-09,-0.0319560505,-0.999489248,0.00531505281,-0.119261488,-0.457899988,-0.00484741153,0.453000009,0.349099994,0.349099994,0,0,0.00531505281,0.0553385168,0.457899988,0.00484741153,-0.453000009
0.1202676,-2.42659143e-10,9.9114266e-05,0.00243842416,0.411903709,0.063465938,1.56537008,4.09278655e-09,-0.0406133123,-0.999174953,0.0370375849,-0.127924472,-0.457899988,-0.00234910822,0.453000009,0.349099994,0.349099994,0,0,0.0370375849,0.0466755219,0.457899988,0.00234910822,-0.453000009
0.120273694,-2.89968854e-10,-8.22015572e-05,-0.00169580977,0.36516124,0.0729231089,1.50982738,3.2919798e-09,-0.0484159477,-0.998827279,0.0679828003,-0.135734886,-0.457899988,0.00369405071,0.453000009,0.349099994,0.349099994,0,0,0.0679828003,0.0388651192,0.457899988,-0.00369405071,-0.453000009
0.120199688,4.89649293e-11,-0.000300521002,-0.00543583836,0.310762912,0.078334406,1.42261267,6.67479683e-10,-0.0552009158,-0.998475254,0.0975021422,-0.142528981,-0.457899988,0.0127776871,0.453000009,0.349099994,0.349099994,0,0,0.0975021422,0.0320710242,0.457899988,-0.0127776871,-0.453000009
0.120055929,-3.41897777e-12,-0.00052001304,-0.00853333808,0.249832645,0.0792347491,1.30561852,-3.99919375e-10,-0.06082616,-0.998148382,0.124974243,-0.148163736,-0.457899988,0.0241427794,0.453000009,0.349099994,0.349099994,0,0,0.124974243,0.0264362693,0.457899988,-0.0241427794,-0.453000009
0.119857721,2.17559956e-10,-0.000702395046,-0.0107541652,0.183667302,0.0755645558,1.16139436,-1.17493704e-09,-0.0651749,-0.997873843,0.149823487,-0.152521133,-0.457899988,0.0368404351,0.453000009,0.349099994,0.349099994,0,0,0.149823487,0.0220788736,0.457899988,-0.0368404351,-0.453000009
0.119624846,-4.57369351e-11,-0.000813483493,-0.0119077042,0.113652758,0.0676302537,0.992944777,-5.02319963e-10,-0.0681568533,-0.997674644,0.171528354,-0.15550971,-0.457899988,0.0498102903,0.453000009,0.349099994,0.349099994,0,0,0.171528354,0.0190902855,0.457899988,-0.0498102903,-0.453000009
0.119380303,4.68409252e-12,-0.000830542878,-0.0118852397,0.0412508696,0.056086015,0.803788364,-2.39982978e-10,-0.0697102025,-0.997567296,0.189633325,-0.157066777,-0.457899988,0.0619692542,0.453000009,0.349099994,0.349099994,0,0,0.189633325,0.0175332297,0.457899988,-0.0619692542,-0.453000009
0.119148277,-5.83211396e-11,-0.000748512684,-0.0106970919,-0.0320129246,0.0419053175,0.597880185,-1.22874877e-10,-0.0698027983,-0.997560799,0.203757986,-0.157159612,-0.457899988,0.0723016411,0.453000009,0.349099994,0.349099994,0,0,0.203757986,0.0174403843,0.457899988,-0.0723016411,-0.453000009
0.118951373,-1.89647811e-11,-0.000582519628,-0.00849233381,-0.104598135,0.0262643006,0.379462481,1.11340137e-09,-0.0684327856,-0.997655749,0.213607207,-0.155786306,-0.457899988,0.0799455196,0.453000009,0.349099994,0.349099994,0,0,0.213607207,0.0188136939,0.457899988,-0.0799455196,-0.453000009
0.118807785,-1.57350841e-10,-0.000365273358,-0.00555377128,-0.174987435,0.0104674995,0.153038308,1.11609555e-10,-0.0656284541,-0.9978441,0.218972966,-0.152975664,-0.457899988,0.0842616558,0.453000009,0.349099994,0.349099994,0,0,0.218972966,0.0216243397,0.457899988,-0.0842616558,-0.453000009
0.118728742,-2.12825077e-10,-0.000139682452,-0.00226887641,-0.241711572,-0.0041632303,-0.0766792074,1.00968212e-09,-0.06144806,-0.998110294,0.219743058,-0.148786783,-0.457899988,0.0848899037,0.453000009,0.349099994,0.349099994,0,0,0.219743058,0.025813207,0.457899988,-0.0848899037,-0.453000009
0.118716858,5.25970109e-13,5.19771384e-05,0.000927072659,-0.303357393,-0.0164046362,-0.304912597,-5.66455494e-10,-0.0559779592,-0.998431981,0.215901434,-0.143307239,-0.457899988,0.0817778558,0.453000009,0.349099994,0.349099994,0,0,0.215901434,0.0312927626,0.457899988,-0.0817778558,-0.453000009
0.118765883,2.56238845e-12,0.000178577146,0.0036154571,-0.358642578,-0.0252457317,-0.526916504,-7.07868542e-10,-0.0493325479,-0.998782396,0.207528859,-0.136652574,-0.457899988,0.0751855448,0.453000009,0.349099994,0.349099994,0,0,0.207528859,0.03794742,0.457899988,-0.0751855448,-0.453000009
0.118861653,-1.76717807e-10,0.000227482844,0.00545709487,-0.406415343,-0.0299281497,-0.738006175,-6.51603882e-10,-0.0416496992,-0.999132276,0.194800332,-0.128961742,-0.457899988,0.065662913,0.453000009,0.349099994,0.349099994,0,0,0.194800332,0.0456382595,0.457899988,-0.065662913,-0.453000009
0.118984357,2.23367297e-10,0.000206604644,0.00624016719,-0.445631564,-0.0300787985,-0.933690012,9.26590416e-10,-0.0330907069,-0.999452353,0.177983746,-0.120396748,-0.457899988,0.0540057644,0.453000009,0.349099994,0.349099994,0,0,0.177983746,0.0542032532,0.457899988,-0.0540057644,-0.453000009
0.119111396,-3.90984245e-10,0.000140735909,0.00590290781,-0.475520402,-0.0256737396,-1.10986853,2.54337063e-09,-0.023835171,-0.999715924,0.157432407,-0.111137427,-0.457899988,0.0411877595,0.453000009,0.349099994,0.349099994,0,0,0.157432407,0.0634625703,0.457899988,-0.0411877595,-0.453000009
0.11922054,-1.06123575e-10,6.36843033e-05,0.00452354411,-0.495430946,-0.0170822702,-1.26272273,-1.32740693e-10,-0.0140768019,-0.999900937,0.133575752,-0.101377264,-0.457899988,0.0282781683,0.453000009,0.349099994,0.349099994,0,0,0.133575752,0.073222734,0.457899988,-0.0282781683,-0.453000009
0.119292356,-1.92893909e-10,3.06541406e-05,0.00762132322,-0.504931271,-0.00502216117,-1.38899124,4.6755102e-09,-0.00402224297,-0.999991894,0.106917165,-0.0913222507,-0.457899988,0.016356552,0.453000009,0.349099994,0.349099994,0,0,0.106917165,0.083277747,0.457899988,-0.016356552,-0.453000009
0.119525395,-1.13308189e-10,-8.28946722e-05,0.0135503039,-0.503859341,0.00950384978,-1.48603249,5.14998932e-09,0.00611743657,-0.999981284,0.0780139565,-0.0811825246,-0.457899988,0.00641731918,0.453000009,0.349099994,0.349099994,0,0,0.0780139565,0.0934174731,0.457899988,-0.00641731918,-0.453000009
0.119834378,-1.13867388e-11,-0.000218431902,0.0135415317,-0.492183387,0.0252715852,-1.55167663,8.40765901e-10,0.016128419,-0.999869943,0.0474725217,-0.0711708814,-0.457899988,-0.000709345972,0.453000009,0.349099994,0.349099994,0,0,0.0474725217,0.103429116,0.457899988,0.000709345972,-0.453000009
0.120067127,2.07018749e-10,-0.000246270996,0.00954269152,-0.470177501,0.0409736484,-1.58460653,4.25564561e-09,0.0257987939,-0.999667168,0.0159366187,-0.0614983477,-0.457899988,-0.00442767423,0.453000009,0.349099994,0.349099994,0,0,0.0159366187,0.113101654,0.457899988,0.00442767423,-0.453000009
0.120216213,-2.6120342e-10,-0.000184956516,0.00529245567,-0.43830511,0.0552870296,-1.58419836,5.36329559e-09,0.0349258818,-0.999389887,-0.0159346834,-0.0523670129,-0.457899988,-0.00442778785,0.453000009,0.349099994,0.349099994,0,0,-0.0159346834,0.122232981,0.457899988,0.00442778785,-0.453000009
0.120278955,-2.59543442e-10,-4.47315106e-05,0.0010316812,-0.397240698,0.0670303851,-1.55045879,4.72350115e-09,0.0433176234,-0.999061346,-0.0474715605,-0.0439688228,-0.457899988,-0.000709459418,0.453000009,0.349099994,0.349099994,0,0,-0.0474715605,0.130631164,0.457899988,0.000709459418,-0.453000009
0.120257519,-2.21064181e-10,0.000152506647,-0.00299833575,-0.347827733,0.0752068162,-1.48419368,3.68339603e-09,0.0507981032,-0.998708963,-0.0780121386,-0.0364800319,-0.457899988,0.00641679857,0.453000009,0.349099994,0.349099994,0,0,-0.0780121386,0.138119966,0.457899988,-0.00641679857,-0.453000009
0.120158866,-3.3330309e-12,0.000375435746,-0.00655153673,-0.291115552,0.079144299,-1.38679695,-5.0790705e-10,0.0572111309,-0.998362124,-0.106916353,-0.0300576165,-0.457899988,0.0163561888,0.453000009,0.349099994,0.349099994,0,0,-0.106916353,0.144542381,0.457899988,-0.0163561888,-0.453000009
0.119995028,2.38224551e-10,0.000586784328,-0.00938187912,-0.228292808,0.0785100758,-1.26041245,7.94444621e-10,0.0624224581,-0.998049796,-0.133574933,-0.0248369444,-0.457899988,0.0282778051,0.453000009,0.349099994,0.349099994,0,0,-0.133574933,0.149763048,0.457899988,-0.0282778051,-0.453000009
0.119782858,8.72348895e-12,0.000748779799,-0.0112648206,-0.160683572,0.0733718649,-1.10777211,7.72695907e-10,0.0663242787,-0.997798145,-0.157431051,-0.0209270027,-0.457899988,0.0411869772,0.453000009,0.349099994,0.349099994,0,0,-0.157431051,0.153672993,0.457899988,-0.0411869772,-0.453000009
0.119543441,2.56660471e-10,0.000830250385,-0.0120327631,-0.0897127315,0.0641449168,-0.932015657,5.71840075e-10,0.0688354895,-0.997628033,-0.177983105,-0.0184100438,-0.457899988,0.0540053733,0.453000009,0.349099994,0.349099994,0,0,-0.177983105,0.156189963,0.457899988,-0.0540053733,-0.453000009
0.119300403,-1.25252003e-10,0.000813881401,-0.0116143534,-0.0168502703,0.0516004413,-0.736823678,1.96475058e-11,0.0699040517,-0.997553706,-0.194799826,-0.0173388924,-0.457899988,0.0656625554,0.453000009,0.349099994,0.349099994,0,0,-0.194799826,0.157261118,0.457899988,-0.0656625554,-0.453000009
0.119077727,-9.20795905e-12,0.000701227458,-0.0100640599,0.0563577339,0.0367921516,-0.526256263,-9.12722009e-10,0.069507882,-0.997581422,-0.207528219,-0.0177360252,-0.457899988,0.0751850531,0.453000009,0.349099994,0.349099994,0,0,-0.207528219,0.156863973,0.457899988,-0.0751850531,-0.453000009
0.118896864,-4.23230027e-11,0.000513811246,-0.00757716224,0.128383726,0.0209512003,-0.304647088,5.90960614e-11,0.0676551163,-0.997708797,-0.215901434,-0.0195931736,-0.457899988,0.0817778558,0.453000009,0.349099994,0.349099994,0,0,-0.215901434,0.155006826,0.457899988,-0.0817778558,-0.453000009
0.118773945,-1.06096777e-10,0.00028880348,-0.00447631534,0.197708175,0.00540255429,-0.0766040981,-1.02380937e-09,0.0643841699,-0.997925162,-0.219743088,-0.0228712838,-0.457899988,0.084889926,0.453000009,0.349099994,0.349099994,0,0,-0.219743088,0.151728719,0.457899988,-0.084889926,-0.453000009
0.118717439,-2.13794954e-10,7.01636236e-05,-0.00117192673,0.262888849,-0.00856412947,0.153157681,8.47354131e-10,0.0597629398,-0.998212576,-0.218972996,-0.0275014304,-0.457899988,0.0842616782,0.453000009,0.349099994,0.349099994,0,0,-0.218972996,0.147098571,0.457899988,-0.0842616782,-0.453000009
0.118726984,-2.11880583e-10,-0.0001024597,0.00189862528,0.322547823,-0.0197740775,0.379839182,-3.17040477e-10,0.0538870208,-0.998547018,-0.213607207,-0.0333868638,-0.457899988,0.0799455196,0.453000009,0.349099994,0.349099994,0,0,-0.213607207,0.141213134,0.457899988,-0.0799455196,-0.453000009
0.118793495,-2.85870466e-10,-0.000203532094,0.00433686655,0.375453115,-0.0272995941,0.598715007,7.34362904e-10,0.0468793958,-0.998900533,-0.203758717,-0.0404034257,-0.457899988,0.072302185,0.453000009,0.349099994,0.349099994,0,0,-0.203758717,0.134196565,0.457899988,-0.072302185,-0.453000009
0.118900649,-2.24387731e-10,-0.000227343291,0.00584204867,0.42048043,-0.0304934289,0.805164039,-7.30193073e-10,0.0388855562,-0.999243677,-0.189633325,-0.0484046377,-0.457899988,0.0619692542,0.453000009,0.349099994,0.349099994,0,0,-0.189633325,0.126195356,0.457899988,-0.0619692542,-0.453000009
0.119027354,2.26841379e-10,-0.000188080288,0.00625118846,0.456665695,-0.029106332,0.994774878,4.113343e-10,0.0300735235,-0.99954766,-0.171528354,-0.0572219416,-0.457899988,0.0498102903,0.453000009,0.349099994,0.349099994,0,0,-0.171528354,0.117378056,0.457899988,-0.0498102903,-0.453000009
0.11915081,-1.60003705e-10,-0.00011454265,0.00555155007,0.483299851,-0.0232450739,1.16358542,3.78021436e-09,0.0206283294,-0.999787211,-0.149824142,-0.0666702092,-0.457899988,0.03684083,0.453000009,0.349099994,0.349099994,0,0,-0.149824142,0.107929789,0.457899988,-0.03684083,-0.453000009
0.119249463,1.43055121e-12,-4.15160212e-05,0.00386253046,0.499771118,-0.0134053919,1.30791628,-3.70344949e-10,0.0107477792,-0.999942243,-0.124974243,-0.0765520185,-0.457899988,0.0241427794,0.453000009,0.349099994,0.349099994,0,0,-0.124974243,0.0980479866,0.457899988,-0.0241427794,-0.453000009
0.11930532,1.10102816e-10,-6.20017545e-06,0.00966805778,0.505756676,-0.000393260969,1.42468858,3.98128508e-09,0.000641209772,-0.999999821,-0.0975029841,-0.0866587907,-0.457899988,0.0127780335,0.453000009,0.349099994,0.349099994,0,0,-0.0975029841,0.0879412144,0.457899988,-0.0127780335,-0.453000009
0.119636185,-4.92073639e-11,0.000145881291,0.0153888557,0.501137197,0.0146826049,1.51148975,3.80335985e-09,-0.00947918463,-0.999955058,-0.0679846406,-0.0967793316,-0.457899988,0.00369451242,0.453000009,0.349099994,0.349099994,0,0,-0.0679846406,0.0778206736,0.457899988,-0.00369451242,-0.453000009
0.119920902,5.38622272e-11,0.000237727072,0.0122516649,0.485973746,0.0305806007,1.56634498,3.51356444e-10,-0.0194000024,-0.999811828,-0.0370385498,-0.106701218,-0.457899988,-0.00234903209,0.453000009,0.349099994,0.349099994,0,0,-0.0370385498,0.0678987801,0.457899988,0.00234903209,-0.453000009
0.120126344,-2.64746974e-10,0.00023548727,0.00814175606,0.460619748,0.0459592938,1.588184,3.91884658e-09,-0.0289113093,-0.999581993,-0.00531699229,-0.116215333,-0.457899988,-0.00484737381,0.453000009,0.349099994,0.349099994,0,0,-0.00531699229,0.0583846644,0.457899988,0.00484737381,-0.453000009
0.120246708,-1.59811903e-11,0.000146136168,0.00386185222,0.425596893,0.0595451519,1.57663012,4.13525969e-09,-0.0378138907,-0.999284804,0.0265170988,-0.125122905,-0.457899988,-0.00359242014,0.453000009,0.349099994,0.349099994,0,0,0.0265170988,0.0494770966,0.457899988,0.00359242014,-0.453000009
0.120280929,-2.59450777e-11,-1.60465715e-05,-0.000349063543,0.381647348,0.07018812,1.53191984,2.72638356e-09,-0.045920521,-0.998945117,0.0577946678,-0.133236662,-0.457899988,0.00131121534,0.453000009,0.349099994,0.349099994,0,0,0.0577946678,0.041363325,0.457899988,-0.00131121534,-0.453000009
0.120232731,-2.55129751e-10,-0.000225738724,-0.00424828846,0.329679728,0.0770145133,1.45509624,4.15178825e-09,-0.0530614331,-0.998591244,0.0878592879,-0.140386358,-0.457899988,0.00945403706,0.453000009,0.349099994,0.349099994,0,0,0.0878592879,0.0342136435,0.457899988,-0.00945403706,-0.453000009
0.120110758,-1.61853558e-10,-0.000449098559,-0.0075872438,0.270787805,0.0794524848,1.34777749,-7.16099402e-12,-0.0590876602,-0.998252809,0.11608085,-0.146422103,-0.457899988,0.0201563798,0.453000009,0.349099994,0.349099994,0,0,0.11608085,0.0281779021,0.457899988,-0.0201563798,-0.453000009
0.11992871,-4.50386915e-11,-0.000647998881,-0.0101243667,0.206221327,0.0772818699,1.21230018,2.05032791e-09,-0.0638731495,-0.997958004,0.141864493,-0.151216656,-0.457899988,0.0325235575,0.453000009,0.349099994,0.349099994,0,0,0.141864493,0.0233833361,0.457899988,-0.0325235575,-0.453000009
0.119704954,2.64229732e-11,-0.000786091783,-0.01165062,0.137331083,0.0707133859,1.05158389,6.28510632e-10,-0.067319043,-0.997731507,0.164671674,-0.154669985,-0.457899988,0.0455237515,0.453000009,0.349099994,0.349099994,0,0,0.164671674,0.0199300162,0.457899988,-0.0455237515,-0.453000009
0.119461626,-2.10777576e-10,-0.000836022606,-0.0120254541,0.0655639544,0.0602786168,0.868920088,1.50332835e-09,-0.0693536922,-0.997592151,0.184022829,-0.156709403,-0.457899988,0.058071021,0.453000009,0.349099994,0.349099994,0,0,0.184022829,0.0178906061,0.457899988,-0.058071021,-0.453000009
0.119222775,-1.17550136e-10,-0.000786351797,-0.0112165129,-0.00759198144,0.0468583182,0.668136895,-3.06303982e-10,-0.0699349642,-0.99755156,0.199511886,-0.157292098,-0.457899988,0.0691175684,0.453000009,0.349099994,0.349099994,0,0,0.199511886,0.0173079036,0.457899988,-0.0691175684,-0.453000009
0.119011864,1.07690669e-10,-0.000645465509,-0.00932537206,-0.0805722326,0.0315580182,0.453385234,2.19363028e-10,-0.0690508783,-0.997613132,0.210813746,-0.156405866,-0.457899988,0.0777408928,0.453000009,0.349099994,0.349099994,0,0,0.210813746,0.018194139,0.457899988,-0.0777408928,-0.453000009
0.118848868,8.85116112e-12,-0.000440841017,-0.00659263832,-0.15186049,0.0156663116,0.229123503,1.33959099e-09,-0.066719681,-0.99777174,0.217691198,-0.154069275,-0.457899988,0.0832208917,0.453000009,0.349099994,0.349099994,0,0,0.217691198,0.0205307137,0.457899988,-0.0832208917,-0.453000009
0.11874757,-1.12152947e-10,-0.000213078296,-0.00337603199,-0.21995917,0.00050602277,-2.37259919e-05,4.30558089e-10,-0.062989682,-0.998014152,0.219999924,-0.150331423,-0.457899988,0.085099943,0.453000009,0.349099994,0.349099994,0,0,0.219999924,0.0242685881,0.457899988,-0.085099943,-0.453000009
0.118713558,2.14325238e-10,-5.88112107e-06,-0.000101343656,-0.283453166,-0.0126647707,-0.229296014,8.44664005e-10,-0.0579382218,-0.998320162,0.217691481,-0.145270675,-0.457899988,0.0832211226,0.453000009,0.349099994,0.349099994,0,0,0.217691481,0.0293293167,0.457899988,-0.0832211226,-0.453000009
0.118743509,-9.88185575e-11,0.000144826117,0.00279916427,-0.341002643,-0.0227273945,-0.453903764,4.90961605e-10,-0.0516701043,-0.9986642,0.210814089,-0.138993129,-0.457899988,0.0777411535,0.453000009,0.349099994,0.349099994,0,0,0.210814089,0.0356068797,0.457899988,-0.0777411535,-0.453000009
0.118825674,4.22948135e-12,0.000219727983,0.00495330384,-0.391387254,-0.0288623124,-0.669130445,-8.53031867e-10,-0.0443162993,-0.999017537,0.199512362,-0.131630823,-0.457899988,0.0691179037,0.453000009,0.349099994,0.349099994,0,0,0.199512362,0.0429691784,0.457899988,-0.0691179037,-0.453000009
0.118941836,3.45564679e-12,0.000220066082,0.00610383367,-0.433567077,-0.0305442438,-0.87044102,-5.65776037e-10,-0.0360303372,-0.999350667,0.184023425,-0.123338141,-0.457899988,0.0580714047,0.453000009,0.349099994,0.349099994,0,0,0.184023425,0.0512618609,0.457899988,-0.0580714047,-0.453000009
0.119069986,-3.16247874e-12,0.000165688703,0.0061376011,-0.466634989,-0.0276380219,-1.05354381,5.15075371e-10,-0.0269858483,-0.999635816,0.16467236,-0.11428912,-0.457899988,0.0455241501,0.453000009,0.349099994,0.349099994,0,0,0.16467236,0.0603108816,0.457899988,-0.0455241501,-0.453000009
0.11918743,-3.7982964e-10,8.84290203e-05,0.00508928159,-0.489936858,-0.0203737337,-1.21458018,3.46907503e-09,-0.0173730925,-0.999849081,0.141865969,-0.104673959,-0.457899988,0.0325243324,0.453000009,0.349099994,0.349099994,0,0,0.141865969,0.0699260384,0.457899988,-0.0325243324,-0.453000009
0.119273588,-1.16351241e-10,4.06756044e-05,0.0055013583,-0.502950311,-0.00936910417,-1.35006928,1.30758807e-10,-0.00739353383,-0.999972641,0.11608085,-0.0946936011,-0.457899988,0.0201563798,0.453000009,0.349099994,0.349099994,0,0,0.11608085,0.0799063966,0.457899988,-0.0201563798,-0.453000009
0.11940749,-8.51172813e-11,-3.19224819e-05,0.0116435373,-0.50538522,0.00446204096,-1.45705032,-1.59523922e-10,0.00274163834,-0.999996245,0.0878602043,-0.0845583603,-0.457899988,0.00945428573,0.453000009,0.349099994,0.349099994,0,0,0.0878602043,0.0900416449,0.457899988,-0.00945428573,-0.453000009
0.119739331,-1.98450242e-10,-0.000189425526,0.0147760808,-0.497241467,0.019962376,-1.53337359,5.56457058e-09,0.0128186876,-0.999917865,0.0577965416,-0.0744809583,-0.457899988,0.00131161348,0.453000009,0.349099994,0.349099994,0,0,0.0577965416,0.100119039,0.457899988,-0.00131161348,-0.453000009
0.119998582,-1.20134708e-10,-0.000247046002,0.0109158456,-0.47863844,0.0358294323,-1.57733476,3.44393541e-10,0.0226260778,-0.999743998,0.0265180692,-0.0646719933,-0.457899988,-0.00359238195,0.453000009,0.349099994,0.349099994,0,0,0.0265180692,0.109928004,0.457899988,0.00359238195,-0.453000009
0.120176077,-1.53438429e-10,-0.000214924847,0.00672220392,-0.449992895,0.0507458374,-1.58805835,5.50501555e-09,0.0319560505,-0.999489248,-0.00531505281,-0.0553385168,-0.457899988,-0.00484741153,0.453000009,0.349099994,0.349099994,0,0,-0.00531505281,0.119261488,0.457899988,0.00484741153,-0.453000009
0.120267607,-3.4323891e-11,-9.91139605e-05,0.00243842416,-0.41191268,0.0634670705,-1.5653944,-6.68160388e-11,0.040613573,-0.999174953,-0.0370385498,-0.0466752574,-0.457899988,-0.00234903209,0.453000009,0.349099994,0.349099994,0,0,-0.0370385498,0.12792474,0.457899988,0.00234903209,-0.453000009
0.120273694,-2.32771205e-10,8.22010334e-05,-0.00169581,-0.365155131,0.0729193091,-1.50978255,-2.81775353e-10,0.0484161824,-0.998827279,-0.0679837391,-0.0388648808,-0.457899988,0.00369423511,0.453000009,0.349099994,0.349099994,0,0,-0.0679837391,0.135735124,0.457899988,-0.00369423511,-0.453000009
0.120199695,-2.09709652e-10,0.000300520245,-0.00543583836,-0.310762465,0.0783288404,-1.42258656,4.0438275e-09,0.055200696,-0.998475254,-0.0975012407,-0.0320712291,-0.457899988,0.0127774095,0.453000009,0.349099994,0.349099994,0,0,-0.0975012407,0.142528772,0.457899988,-0.0127774095,-0.453000009
0.120055929,-6.1463272e-11,0.000520013564,-0.00853333902,-0.249835566,0.0792343989,-1.30562198,-3.99919375e-10,0.06082616,-0.998148382,-0.124974243,-0.0264362693,-0.457899988,0.0241427794,0.453000009,0.349099994,0.349099994,0,0,-0.124974243,0.148163736,0.457899988,-0.0241427794,-0.453000009
0.119857728,-1.62193536e-10,0.000702381018,-0.010753979,-0.183658108,0.0755623728,-1.16137743,-1.37061834e-10,0.0651747733,-0.997873843,-0.149822727,-0.0220790058,-0.457899988,0.0368400477,0.453000009,0.349099994,0.349099994,0,0,-0.149822727,0.152520999,0.457899988,-0.0368400477,-0.453000009
0.119624853,-1.12995628e-11,0.000810803554,-0.0118684927,-0.10796538,0.0665580332,-0.977546275,7.20494664e-10,0.0681567565,-0.997674644,-0.171527699,-0.0190903768,-0.457899988,0.0498098955,0.453000009,0.349099994,0.349099994,0,0,-0.171527699,0.155509621,0.457899988,-0.0498098955,-0.453000009
0.119381882,-2.85366132e-13,0.000791446422,-0.0113629168,0.00765544875,0.046109762,-0.661529839,9.35114763e-10,0.0694833472,-0.997583091,-0.189015269,-0.0177606177,-0.457899988,0.0617513098,0.453000009,0.349099994,0.349099994,0,0,-0.189015269,0.156839386,0.457899988,-0.0617513098,-0.453000009
0.119169235,-2.55573306e-11,0.000609811512,-0.0089667365,0.153150126,0.0155874649,-0.218673602,-9.21319632e-10,0.0678514317,-0.997695446,-0.198052898,-0.0193964019,-0.457899988,0.0701400489,0.453000009,0.349099994,0.349099994,0,0,-0.198052898,0.155203596,0.457899988,-0.0701400489,-0.453000009
0.119022384,9.48477893e-11,0.000333526288,-0.00525251171,0.282149017,-0.0134778284,0.231652603,6.35847819e-10,0.0633708984,-0.997990072,-0.197784454,-0.0238866173,-0.457899988,0.07366056,0.453000009,0.349099994,0.349099994,0,0,-0.197784454,0.150713384,0.457899988,-0.07366056,-0.453000009
0.118958712,-2.29465821e-10,6.56864795e-05,-0.00115894049,0.380197942,-0.0346595831,0.636678278,-6.64444388e-10,0.0565872639,-0.998397648,-0.188771173,-0.0306825079,-0.457899988,0.0719640031,0.453000009,0.349099994,0.349099994,0,0,-0.188771173,0.143917486,0.457899988,-0.0719640031,-0.453000009
0.118975952,3.85819404e-10,-0.000116889525,0.00242290483,0.441971213,-0.0453184061,0.965509415,1.32721945e-09,0.0481871404,-0.998838305,-0.17227909,-0.0390941985,-0.457899988,0.0654954985,0.453000009,0.349099994,0.349099994,0,0,-0.17227909,0.135505795,0.457899988,-0.0654954985,-0.453000009
0.119055741,-9.55678106e-11,-0.000189750994,0.00487047527,0.465630084,-0.0457775183,1.19619215,9.49783585e-10,0.038929712,-0.999241948,-0.150107473,-0.0483604483,-0.457899988,0.0553635843,0.453000009,0.349099994,0.349099994,0,0,-0.150107473,0.126239553,0.457899988,-0.0553635843,-0.453000009
0.119170919,-1.3558546e-10,-0.000176188434,0.00595413288,0.452757627,-0.0386798494,1.3170563,3.36293882e-09,0.0295781549,-0.999562442,-0.124394961,-0.0577175356,-0.457899988,0.043104127,0.453000009,0.349099994,0.349099994,0,0,-0.124394961,0.116882458,0.457899988,-0.043104127,-0.453000009
0.11929401,0.0001468634,-0.00161996577,0.00559601188,0.412918448,-0.0278309062,1.32705402,3.77543197e-09,0.0208296329,-0.999783039,-0.0974009931,-0.0664688572,-0.457899988,0.0303818453,0.453000009,0.349099994,0.349099994,0,0,-0.0974009931,0.10813114,0.457899988,-0.0303818453,-0.453000009
0.119396061,0.000812798506,-0.0114232246,0.00320171379,0.375245154,-0.0166688729,1.23548853,3.87009758e-09,0.0130674113,-0.999914646,-0.0712997615,-0.0740410239,-0.457900167,0.0186982527,0.452999592,0.349099994,0.349099994,0,0,-0.0712997615,0.100955963,0.457899988,-0.018697571,-0.453000009
0.119428039,0.00165961636,-0.0346322916,0.0112521211,0.364749044,-0.00694793649,1.06113052,7.0763001e-10,0.00582293049,-0.999983072,-0.0479758754,-0.0800113305,-0.457910091,0.00918364339,0.452976912,0.349099994,0.349099994,0,0,-0.0479758754,0.0975666195,0.457899988,-0.0091446992,-0.453000009
0.119854204,0.00197082362,-0.0682479888,0.0255917273,0.383487523,0.000301915454,0.830718398,2.12942353e-09,-0.00152122788,-0.999998868,-0.0288529452,-0.0840134844,-0.458001167,0.00265693036,0.452768743,0.349099994,0.349099994,0,0,-0.0288529452,0.0998450816,0.457899988,-0.00226669409,-0.453000009
0.120447554,0.00158949941,-0.107468911,0.0332218185,0.427752763,0.00438703876,0.576830685,-7.07926828e-10,-0.00951560866,-0.9999547,-0.0147465374,-0.0855480134,-0.458392978,-6.66959968e-05,0.451873183,0.349099994,0.349099994,0,0,-0.0147465374,0.108834907,0.457899988,0.00196822011,-0.453000009
0.121142112,0.000856580155,-0.147528261,0.0389206856,0.493254781,0.00513626449,0.335381389,-8.44188719e-10,-0.0186299551,-0.999826431,-0.00577874621,-0.0838522017,-0.459506273,0.00213394896,0.449328512,0.349099994,0.349099994,0,0,-0.00577874621,0.124717385,0.457899988,0.00406170217,-0.453000009
0.121894173,0.000245953823,-0.183847696,0.0426346846,0.575030267,0.00327346963,0.143127903,1.52308366e-09,-0.0292417556,-0.999572396,-0.00132936682,-0.0779634491,-0.461930424,0.0107632754,0.443787605,0.349099994,0.349099994,0,0,-0.00132936682,0.146836504,0.457899988,0.00478263991,-0.453000009
0.122631729,1.11106829e-05,-0.212299317,0.0432688892,0.664226949,0.000977824675,0.033221595,-9.0005603e-10,-0.0416203737,-0.999133468,-5.1938001e-05,-0.067004621,-0.466291547,0.0274689421,0.433819324,0.349099994,0.349099994,0,0,-5.1938001e-05,0.173774868,0.457899988,0.00489846105,-0.453000009
0.12326999,3.66371239e-10,-0.229435846,0.04016589,0.728379607,5.05149837e-05,0.00129564654,1.12129143e-11,-0.0557863228,-0.998442709,-1.585022e-09,-0.050521519,-0.473044068,0.0535128862,0.418384969,0.349099994,0.349099994,0,0,-1.585022e-09,0.20358187,0.457899988,0.00490000006,-0.453000009
0.123723887,0,-0.232602596,0.0336130671,0.740200698,3.22220194e-06,2.75941147e-06,0,-0.0707085431,-0.997497022,0,-0.0281771887,-0.4822447,0.0890009403,0.39735499,0.349099994,0.349099994,0,0,0,0.234732449,0.457899988,0.00490000006,-0.453000009
0.123953268,-7.10542736e-15,-0.219901562,0.0251760688,0.698675573,-3.22374194e-06,-2.71518184e-06,0,-0.0853195041,-0.996353626,0,-0.00115308701,-0.493372262,0.131921574,0.371920556,0.349099994,0.349099994,0,0,0,0.265265346,0.457899988,0.00490000006,-0.453000009
0.123976782,0,-0.190341398,0.0166624859,0.603341818,0,0,0,-0.0985544249,-0.995131671,0,0.0277402885,-0.505269527,0.177811041,0.344726801,0.349099994,0.349099994,0,0,0,0.292955548,0.457899988,0.00490000006,-0.453000009
0.123866163,0,-0.143936783,0.0094935121,0.455087751,0,0,0,-0.109337844,-0.994004667,0,0.0543986373,-0.516246498,0.220150784,0.319636583,0.349099994,0.349099994,0,0,0,0.315543473,0.457899988,0.00490000006,-0.453000009
0.123724736,-7.10542736e-15,-0.0819415003,0.00423993962,0.2585572,-3.30755142e-06,-2.6122475e-06,0,-0.116652086,-0.993172824,0,0.0740805268,-0.524350822,0.251410246,0.301112443,0.349099994,0.349099994,0,0,0,0.330879688,0.457899988,0.00490000006,-0.453000009
0.123652257,-7.10542736e-15,-0.0222261865,0.000968230248,0.0700503886,3.31530987e-06,2.60236584e-06,0,-0.11961212,-0.99282068,0,0.0824144483,-0.527782381,0.264646471,0.29326874,0.349099994,0.349099994,0,0,0,0.337089956,0.457899988,0.00490000006,-0.453000009
0.123656847,0,0.0141707351,-0.000584847643,-0.0446498469,0,0,0,-0.119434468,-0.992842078,0,0.081908308,-0.527574003,0.263842613,0.29374513,0.349099994,0.349099994,0,0,0,0.336717188,0.457899988,0.00490000006,-0.453000009
0.12369673,0,0.0366620831,-0.00163486716,-0.115579471,0,0,0,-0.117838748,-0.993032753,0,0.0773960501,-0.525716007,0.256676078,0.297991961,0.349099994,0.349099994,0,0,0,0.333369166,0.457899988,0.00490000006,-0.453000009
0.123764716,7.10542736e-15,0.0586678982,-0.00298607093,-0.185126498,3.30278135e-06,2.61826108e-06,0,-0.114843242,-0.993383646,0,0.06909246,-0.522296906,0.243488014,0.305807114,0.349099994,0.349099994,0,0,0,0.327085763,0.457899988,0.00490000006,-0.453000009
0.123847581,0,0.0799050033,-0.00480400259,-0.252465487,3.29126419e-06,2.63273614e-06,0,-0.110482208,-0.993878126,0,0.0573925525,-0.517479241,0.224905819,0.316818774,0.349099994,0.349099994,0,0,0,0.317942113,0.457899988,0.00490000006,-0.453000009
0.123926856,0,0.100112654,-0.00722599076,-0.316797823,3.27618682e-06,2.65149129e-06,0,-0.104805835,-0.99449271,0,0.0428529307,-0.511492372,0.201813489,0.330503136,0.349099994,0.349099994,0,0,0,0.306047231,0.457899988,0.00490000006,-0.453000009
0.123979829,0,0.119048983,-0.0103534181,-0.377339721,0,0,0,-0.0978794172,-0.995198309,0,0.0261647664,-0.50462079,0.175308749,0.346209645,0.349099994,0.349099994,0,0,0,0.29154247,0.457899988,0.00490000006,-0.453000009
0.123980805,0,0.136509851,-0.01424307,-0.433378905,0,0,0,-0.0897840261,-0.995961249,0,0.00812346209,-0.497192025,0.146654919,0.363189697,0.349099994,0.349099994,0,0,0,0.274602294,0.457899988,0.00490000006,-0.453000009
0.123902664,0,0.152322575,-0.0188980307,-0.484268576,3.21083098e-06,2.73032902e-06,0,-0.0806135982,-0.996745408,0,-0.0104142204,-0.489558846,0.117212713,0.380636901,0.349099994,0.349099994,0,0,0,0.255427361,0.457899988,0.00490000006,-0.453000009
0.123718515,0,0.166335642,-0.0242657214,-0.529364765,0,0,0,-0.07047607,-0.997513473,0,-0.0285658911,-0.482084602,0.0883835852,0.397720844,0.349099994,0.349099994,0,0,0,0.234246954,0.457899988,0.00490000006,-0.453000009
0.123403355,0,0.178431779,-0.0302367304,-0.568148851,0,0,0,-0.0594914034,-0.998228788,0,-0.0454680324,-0.475124925,0.0615390129,0.413628727,0.349099994,0.349099994,0,0,0,0.21131365,0.457899988,0.00490000006,-0.453000009
0.122935794,0,0.188514978,-0.0366444662,-0.600164592,0,0,0,-0.0477902777,-0.998857379,0,-0.0603165627,-0.46901086,0.0379560441,0.427603841,0.349099994,0.349099994,0,0,0,0.186901018,0.457899988,0.00490000006,-0.453000009
0.122299619,7.10542736e-15,0.196507052,-0.0432750247,-0.625009716,3.08426866e-06,2.87259104e-06,0,-0.0355126671,-0.999369204,0,-0.0724051073,-0.464033186,0.0187565871,0.438981265,0.349099994,0.349099994,0,0,0,0.161300287,0.457899988,0.00490000006,-0.453000009
0.121485025,0,0.202343374,-0.0498751961,-0.642406762,0,0,0,-0.022806095,-0.999739885,0,-0.0811586007,-0.460428834,0.00485399645,0.447219878,0.349099994,0.349099994,0,0,0,0.13481681,0.457899988,0.00490000006,-0.453000009
0.120489717,0,0.206120074,-0.0410088524,-0.652146935,0,0,0,-0.0098237833,-0.99995172,0,-0.0861605853,-0.458369166,-0.0030903446,0.451927602,0.349099994,0.349099994,0,0,0,0.107766546,0.457899988,0.00490000006,-0.453000009
0.119925745,0,0.207084313,0.0136791812,-0.654087424,-2.97053316e-06,-2.99007093e-06,0,0.00327777024,-0.999994636,0,-0.0941286981,-0.457899988,-0.00490000006,0.453000009,0.349099994,0.349099994,0,0,0,0.0871731639,0.457952231,0.00469855312,-0.452880621
0.12100973,0,0.204435527,0.053076975,-0.648239553,0,0,0,0.0163388718,-0.999866486,0,-0.121340834,-0.457899988,-0.00490000006,0.453000009,0.349099994,0.349099994,0,0,0,0.0841480568,0.459197879,-0.000106019375,-0.450033486
0.121914931,-7.10542736e-15,0.199701697,0.0465971567,-0.634666443,2.89200693e-06,3.06607581e-06,0,0.0292031541,-0.999573469,0,-0.148148552,-0.457899988,-0.00490000006,0.453000009,0.349099994,0.349099994,0,0,0,0.0772290751,0.462046862,-0.0110950014,-0.44352147
0.122639544,0,0.192774132,0.0399463996,-0.613493264,0,0,0,0.041714102,-0.999129593,0,-0.174229607,-0.457899988,-0.00490000006,0.453000009,0.349099994,0.349099994,0,0,0,0.0667456239,0.466363579,-0.0277451854,-0.433654696
0.12318974,0,0.183730572,0.0333983898,-0.58503294,2.81589155e-06,3.13610167e-06,0,0.0537211373,-0.998555958,0,-0.199272931,-0.457899988,-0.00490000006,0.453000009,0.349099994,0.349099994,0,0,0,0.053196758,0.471942544,-0.0492639691,-0.420902818
0.123578742,0,0.172630504,0.0271856859,-0.549577832,0,0,0,0.0650813803,-0.997879982,0,-0.222982094,-0.457899988,-0.00490000006,0.453000009,0.349099994,0.349099994,0,0,0,0.0372258052,0.478518784,-0.0746296048,-0.405871332
0.123825461,0,0.15956001,0.0214980375,-0.507566154,2.74625972e-06,3.19722358e-06,0,0.0756578669,-0.997133851,0,-0.245071322,-0.457899988,-0.00490000006,0.453000009,0.349099994,0.349099994,0,0,0,0.0195942987,0.485778838,-0.10263259,-0.389276981
0.12395332,0,0.144636422,0.016477203,-0.459522575,0,0,0,0.0853261724,-0.99635309,0,-0.265279233,-0.457899988,-0.00490000006,0.453000009,0.349099994,0.349099994,0,0,0,0.00113957608,0.493377805,-0.131943032,-0.37190783
0.123988494,0,0.127977446,0.0122019472,-0.405968726,2.68701478e-06,3.24713892e-06,0,0.0939721838,-0.995574832,0,-0.283364683,-0.457899988,-0.00490000006,0.453000009,0.349099994,0.349099994,0,0,0,-0.0172605049,0.50095433,-0.161166683,-0.354590118
0.123958185,0,0.10975115,0.00869697519,-0.347581416,0,0,0,0.101493873,-0.994836152,0,-0.299110234,-0.457899988,-0.00490000006,0.453000009,0.349099994,0.349099994,0,0,0,-0.034728948,0.50814718,-0.188910678,-0.33814922
0.123889014,0,0.0901536345,0.00593212526,-0.285054862,-2.64159644e-06,-3.28416422e-06,0,0.10780438,-0.994172156,0,-0.31232971,-0.457899988,-0.00490000006,0.453000009,0.349099994,0.349099994,0,0,0,-0.0504364036,0.514614999,-0.213857815,-0.323365748
0.123805329,0,0.0694007799,0.00382735953,-0.219131246,0,0,0,0.112830386,-0.993614256,0,-0.32286489,-0.457899988,-0.00490000006,0.453000009,0.349099994,0.349099994,0,0,0,-0.0636350587,0.520049691,-0.234820381,-0.310943484
0.12372791,0,0.0477456823,0.00226238417,-0.150582463,0,0,0,0.116514035,-0.993189037,0,-0.330590129,-0.457899988,-0.00490000006,0.453000009,0.349099994,0.349099994,0,0,0,-0.0736970305,0.524192929,-0.250801146,-0.301473379
0.123672687,0,0.0254604258,0.00108344795,-0.08023981,0,0,0,0.118813083,-0.992916644,0,-0.335413337,-0.457899988,-0.00490000006,0.453000009,0.349099994,0.349099994,0,0,0,-0.0801438317,0.526847482,-0.261040211,-0.295405805
0.12364994,0,0.00283689541,0.000115214025,-0.0223547239,0,0,0,0.119701073,-0.992809951,0,-0.337276608,-0.457899988,-0.00490000006,0.453000009,0.349099994,0.349099994,0,0,0,-0.0826682001,0.527886927,-0.265049517,-0.293029904
0.123663679,0,-0.0198227856,-0.000839368091,0.0624686666,0,0,0,0.119701095,-0.992809951,0,-0.336158156,-0.457899988,-0.00490000006,0.453000009,0.349099994,0.349099994,0,0,0,-0.0811506435,0.527262032,-0.262639225,-0.29445821
0.123711519,0,-0.0422205515,-0.00193751696,0.146547198,0,0,0,0.117220059,-0.993105948,0,-0.332071155,-0.457899988,-0.00490000006,0.453000009,0.349099994,0.349099994,0,0,0,-0.075663127,0.52500248,-0.253923804,-0.299622953
0.123784676,0,-0.0640600175,-0.00339108682,0.202200383,0,0,0,0.113879301,-0.99349457,0,-0.325064331,-0.457899988,-0.00490000006,0.453000009,0.349099994,0.349099994,0,0,0,-0.0664667264,0.521215737,-0.239317745,-0.308278382
0.123868562,0,-0.0850628614,-0.00534814224,0.268859982,0,0,0,0.109184131,-0.994021535,0,-0.315221339,-0.457899988,-0.00490000006,0.453000009,0.349099994,0.349099994,0,0,0,-0.0539989248,0.516081929,-0.219515935,-0.320012778
0.12394353,0,-0.104972906,-0.00793866813,0.332307309,0,0,0,0.103188582,-0.994661808,0,-0.302659512,-0.457899988,-0.00490000006,0.453000009,0.349099994,0.349099994,0,0,0,-0.0388528556,0.509845257,-0.195460424,-0.334267914
0.123985991,0,-0.123560295,-0.0112533635,0.391800225,0,0,0,0.0959618986,-0.995384991,0,-0.287528753,-0.457899988,-0.00490000006,0.453000009,0.349099994,0.349099994,0,0,0,-0.0217490438,0.502802551,-0.168295532,-0.350365579
0.123969756,0,-0.140625373,-0.0153359938,0.446620584,0,0,0,0.0875882059,-0.996156752,0,-0.270009518,-0.457899988,-0.00490000006,0.453000009,0.349099994,0.349099994,0,0,0,-0.00350116193,0.49528873,-0.139313623,-0.367540091
0.123867594,0,-0.155999497,-0.0201765765,0.496106535,0,0,0,0.0781653821,-0.996940434,0,-0.250310808,-0.457899988,-0.00490000006,0.453000009,0.349099994,0.349099994,0,0,0,0.0150226941,0.487661242,-0.109893374,-0.384974301
0.123652913,0,-0.169546202,-0.0257080756,0.539676905,2.77135473e-06,3.17550825e-06,0,0.0678043887,-0.997698605,0,-0.228667617,-0.457899988,-0.00490000006,0.453000009,0.349099994,0.349099994,0,0,0,0.0329413004,0.480282962,-0.0814343989,-0.401838869
0.123301476,0,-0.181147471,-0.0318055898,0.576810062,0,0,0,0.0566276386,-0.998395383,0,-0.205337361,-0.457899988,-0.00490000006,0.453000009,0.349099994,0.349099994,0,0,0,0.0494027324,0.473504752,-0.0552897789,-0.417331994
0.122793049,0,-0.190709054,-0.038290076,0.607049465,0,0,0,0.0447689109,-0.99899739,0,-0.180599749,-0.457899988,-0.00490000006,0.453000009,0.349099994,0.349099994,0,0,0,0.0636228248,0.46764943,-0.0327049233,-0.430715591
0.122112922,0,-0.198170781,-0.044938907,0.630073547,0,0,0,0.0323703364,-0.999475956,0,-0.15474999,-0.457899988,-0.00490000006,0.453000009,0.349099994,0.349099994,0,0,0,0.0749253035,0.46299547,-0.0147539284,-0.441353232
0.121253029,0,-0.20345892,-0.0514876731,0.645560086,0,0,0,0.0195798948,-0.999808311,0,-0.128094062,-0.457899988,-0.00490000006,0.453000009,0.349099994,0.349099994,0,0,0,0.0827734992,0.459763855,-0.00228914991,-0.448739767
0.120213158,0,-0.206718192,-0.0273529887,0.653345108,0,0,0,0.00655345665,-0.999978542,0,-0.100953132,-0.457899988,-0.00490000006,0.453000009,0.349099994,0.349099994,0,0,0,0.0867929086,0.458108813,0.00409462024,-0.452522755
0.120213121,0,-0.206721365,0.0273509827,0.653351068,0,0,0,-0.00655265944,-0.999978542,0,-0.0867934674,-0.458108753,-0.00409483956,0.452522874,0.349099994,0.349099994,0,0,0,0.100951873,0.457899988,0.00489997538,-0.452999979
0.121252991,0,-0.203459188,0.0514874123,0.645566046,0,0,0,-0.0195794962,-0.999808311,0,-0.0827736259,-0.459763795,0.00228895503,0.448739856,0.349099994,0.349099994,0,0,0,0.128093243,0.457899988,0.00490000006,-0.453000009
0.122112878,0,-0.19816801,0.0449384786,0.630055666,0,0,0,-0.0323695652,-0.999475956,0,-0.0749258846,-0.462995231,0.0147529999,0.441353798,0.349099994,0.349099994,0,0,0,0.15474838,0.457899988,0.00490000006,-0.453000009
0.122793004,0,-0.190715089,0.0382913202,0.607067466,0,0,0,-0.0447681621,-0.99899739,0,-0.0636235178,-0.467649132,0.0327038281,0.430716246,0.349099994,0.349099994,0,0,0,0.18059817,0.457899988,0.00490000006,-0.453000009
0.123301476,0,-0.181145504,0.0318058506,0.576807082,0,0,0,-0.0566276386,-0.998395383,0,-0.0494027324,-0.473504752,0.0552897789,0.417331994,0.349099994,0.349099994,0,0,0,0.205337361,0.457899988,0.00490000006,-0.453000009
0.123652883,0,-0.169543967,0.0257075671,0.539668024,0,0,0,-0.0678033903,-0.997698724,0,-0.0329428501,-0.480282336,0.0814319402,0.401840329,0.349099994,0.349099994,0,0,0,0.228665516,0.457899988,0.00490000006,-0.453000009
0.123867586,0,-0.156003028,0.0201773718,0.496115595,0,0,0,-0.0781651065,-0.996940434,0,-0.0150232594,-0.487661004,0.109892473,0.384974837,0.349099994,0.349099994,0,0,0,0.250310212,0.457899988,0.00490000006,-0.453000009
0.123969749,0,-0.140623793,0.0153359622,0.446614623,0,0,0,-0.0875876471,-0.996156812,0,0.00350003969,-0.495288253,0.139311835,0.367541134,0.349099994,0.349099994,0,0,0,0.270008385,0.457899988,0.00490000006,-0.453000009
0.123985991,0,-0.123563133,0.0112539511,0.391815096,0,0,0,-0.0959614143,-0.995385051,0,0.0217479635,-0.502802134,0.168293819,0.350366592,0.349099994,0.349099994,0,0,0,0.28752774,0.457899988,0.00490000006,-0.453000009
0.123943537,0,-0.104974188,0.00793896709,0.33231622,0,0,0,-0.103188381,-0.994661808,0,0.0388523936,-0.509845078,0.195459679,0.334268332,0.349099994,0.349099994,0,0,0,0.302659124,0.457899988,0.00490000006,-0.453000009
0.12386857,0,-0.0850636214,0.00534801185,0.268865973,0,0,0,-0.109183818,-0.994021595,0,0.0539980829,-0.516081572,0.219514593,0.320013553,0.349099994,0.349099994,0,0,0,0.315220654,0.457899988,0.00490000006,-0.453000009
0.123784676,0,-0.06406115,0.00339102233,0.202203363,0,0,0,-0.113879196,-0.99349463,0,0.0664664432,-0.521215618,0.239317298,0.30827865,0.349099994,0.349099994,0,0,0,0.325064123,0.457899988,0.00490000006,-0.453000009
0.123711519,0,-0.0422210805,0.00193776004,0.133127168,-3.3090339e-06,-2.61034802e-06,0,-0.117219895,-0.993106008,0,0.07566268,-0.525002301,0.253923088,0.29962337,0.349099994,0.349099994,0,0,0,0.332070827,0.457899988,0.00490000006,-0.453000009
0.123663686,0,-0.0198247135,0.000828902412,0.0490456894,0,0,0,-0.119168028,-0.992874086,0,0.0811505914,-0.527262032,0.262639165,0.29445827,0.349099994,0.349099994,0,0,0,0.336158127,0.457899988,0.00490000006,-0.453000009
0.12364994,0,0.00283674966,-0.000113853639,-0.00893473625,0,0,0,-0.119168028,-0.992874086,0,0.0826682299,-0.527886927,0.265049577,0.293029904,0.349099994,0.349099994,0,0,0,0.337276638,0.457899988,0.00490000006,-0.453000009
0.123672687,0,0.0254589468,-0.00108327088,-0.0668138415,0,0,0,-0.118813083,-0.992916644,0,0.0801438317,-0.526847482,0.261040211,0.295405805,0.349099994,0.349099994,0,0,0,0.335413337,0.457899988,0.00490000006,-0.453000009
0.12372791,0,0.047744479,-0.00226225192,-0.150579482,0,0,0,-0.116514221,-0.993189037,0,0.0736975297,-0.524193168,0.250801951,0.301472902,0.349099994,0.349099994,0,0,0,0.330590487,0.457899988,0.00490000006,-0.453000009
0.123805329,0,0.0693995059,-0.00382741261,-0.219125256,0,0,0,-0.112830527,-0.993614256,0,0.063635461,-0.52004987,0.234821022,0.310943097,0.349099994,0.349099994,0,0,0,0.322865218,0.457899988,0.00490000006,-0.453000009
0.123889007,0,0.0901514441,-0.00593210617,-0.285054833,0,0,0,-0.107804716,-0.994172096,0,0.0504372828,-0.514615357,0.213859215,0.323364913,0.349099994,0.349099994,0,0,0,0.312330455,0.457899988,0.00490000006,-0.453000009
0.123958178,0,0.109752141,-0.00869693328,-0.347584307,0,0,0,-0.101494275,-0.994836152,0,0.0347299613,-0.508147597,0.188912287,0.338148266,0.349099994,0.349099994,0,0,0,0.299111128,0.457899988,0.00490000006,-0.453000009
0.123988494,0,0.127978548,-0.0122017069,-0.405977666,0,0,0,-0.0939724147,-0.995574772,0,0.0172610376,-0.500954568,0.161167532,0.354589611,0.349099994,0.349099994,0,0,0,0.28336516,0.457899988,0.00490000006,-0.453000009
0.123953328,0,0.144630969,-0.0164764039,-0.459495693,0,0,0,-0.0853264555,-0.99635303,0,-0.00113901298,-0.493378043,0.131943926,0.371907294,0.349099994,0.349099994,0,0,0,0.265279859,0.457899988,0.00490000006,-0.453000009
0.123825476,0,0.159562349,-0.0214985479,-0.507572055,0,0,0,-0.0756587833,-0.997133791,0,-0.0195926335,-0.485779494,0.102635227,0.389275432,0.349099994,0.349099994,0,0,0,0.245073229,0.457899988,0.00490000006,-0.453000009
0.123578742,0,0.172632188,-0.0271854214,-0.549586773,0,0,0,-0.0650813803,-0.997879982,0,-0.0372258052,-0.478518784,0.0746296048,0.405871332,0.349099994,0.349099994,0,0,0,0.222982094,0.457899988,0.00490000006,-0.453000009
0.12318977,-7.10542736e-15,0.183727667,-0.0333978049,-0.585021019,3.13610394e-06,2.8158895e-06,0,-0.0537218489,-0.998555958,0,-0.0531958565,-0.471942902,0.0492653996,0.420901984,0.349099994,0.349099994,0,0,0,0.199274421,0.457899988,0.00490000006,-0.453000009
0.122639567,0,0.192776725,-0.0399467647,-0.613499224,3.10203518e-06,2.85339115e-06,0,-0.0417144671,-0.999129593,0,-0.0667452142,-0.466363728,0.0277458411,0.433654308,0.349099994,0.349099994,0,0,0,0.174230367,0.457899988,0.00490000006,-0.453000009
0.121914953,0,0.199698359,-0.046596203,-0.634654582,0,0,0,-0.0292035397,-0.999573469,0,-0.0772287548,-0.462047011,0.0110955089,0.443521172,0.349099994,0.349099994,0,0,0,0.148149356,0.457899988,0.00490000006,-0.453000009
0.121009789,0,0.204435363,-0.0530767627,-0.648236632,0,0,0,-0.0163396671,-0.999866486,0,-0.0841477513,-0.459197998,0.000106501357,0.450033188,0.349099994,0.349099994,0,0,0,0.12134248,0.457899988,0.00490000006,-0.453000009
0.119925782,0,0.207084239,-0.0136820562,-0.654090405,0,0,0,-0.00327816885,-0.999994636,0,-0.0871730745,-0.457952261,-0.00469840644,0.452880532,0.349099994,0.349099994,0,0,0,0.0941295251,0.457899988,0.00490000006,-0.453000009
0.120489664,0,0.206113935,0.0410056487,-0.652126074,0,0,0,0.00982298795,-0.99995178,0,-0.107765093,-0.457899988,-0.004899994,0.453000009,0.349099994,0.349099994,0,0,0,0.0861609876,0.458369106,0.00309064216,-0.451927781
0.121484943,0,0.202346742,0.0498757772,-0.642415702,0,0,0,0.0228049159,-0.999739945,0,-0.134814352,-0.457899988,-0.00490000006,0.453000009,0.349099994,0.349099994,0,0,0,0.081159167,0.460428596,-0.00485308748,-0.447220415
0.122299597,0,0.196507603,0.0432759039,-0.625015676,0,0,0,0.0355122909,-0.999369264,0,-0.161299497,-0.457899988,-0.00490000006,0.453000009,0.349099994,0.349099994,0,0,0,0.0724054798,0.464033037,-0.0187560003,-0.438981622
0.12293575,0,0.188512474,0.0366441347,-0.600149691,0,0,0,0.0477891713,-0.998857439,0,-0.186898708,-0.457899988,-0.00490000006,0.453000009,0.349099994,0.349099994,0,0,0,0.0603177547,0.469010323,-0.0379541516,-0.427604944
0.123403333,0,0.178438097,0.030237915,-0.568166673,0,0,0,0.0594907105,-0.998228848,0,-0.211312205,-0.457899988,-0.00490000006,0.453000009,0.349099994,0.349099994,0,0,0,0.0454690009,0.475124508,-0.0615374744,-0.413629651
0.123718508,0,0.166336432,0.0242660996,-0.529367685,0,0,0,0.0704757646,-0.997513473,0,-0.234246314,-0.457899988,-0.00490000006,0.453000009,0.349099994,0.349099994,0,0,0,0.0285664443,0.482084394,-0.088382706,-0.39772135
0.123902656,0,0.152320817,0.0188979823,-0.484253615,0,0,0,0.0806129947,-0.996745467,0,-0.255426139,-0.457899988,-0.00490000006,0.453000009,0.349099994,0.349099994,0,0,0,0.0104153398,0.489558399,-0.117210932,-0.380637944
0.123980805,7.10542736e-15,0.136512578,0.0142434305,-0.433387905,2.7006547e-06,3.23581298e-06,0,0.0897835046,-0.995961308,0,-0.274601191,-0.457899988,-0.00490000006,0.453000009,0.349099994,0.349099994,0,0,0,-0.00812234636,0.497191548,-0.146653146,-0.36319074
0.123979829,0,0.11905171,0.0103538437,-0.377345681,0,0,0,0.0978791714,-0.995198309,0,-0.291541934,-0.457899988,-0.00490000006,0.453000009,0.349099994,0.349099994,0,0,0,-0.0261642151,0.504620612,-0.17530787,-0.346210152
0.123926863,0,0.100112163,0.00722610904,-0.316794842,0,0,0,0.104805663,-0.99449271,0,-0.306046844,-0.457899988,-0.00490000006,0.453000009,0.349099994,0.349099994,0,0,0,-0.0428524874,0.511492193,-0.201812774,-0.330503553
0.123847589,0,0.0799057707,0.00480387732,-0.252462566,0,0,0,0.110481925,-0.993878126,0,-0.317941457,-0.457899988,-0.00490000006,0.453000009,0.349099994,0.349099994,0,0,0,-0.0573917516,0.517478943,-0.224904537,-0.316819519
0.123764716,0,0.0586691536,0.00298620947,-0.185126483,0,0,0,0.11484313,-0.993383646,0,-0.327085584,-0.457899988,-0.00490000006,0.453000009,0.349099994,0.349099994,0,0,0,-0.0690922067,0.522296786,-0.243487611,-0.305807352
0.123696737,0,0.0366628207,0.00163495005,-0.115579486,-2.6082846e-06,-3.31065849e-06,0,0.117838629,-0.993032753,0,-0.333368868,-0.457899988,-0.00490000006,0.453000009,0.349099994,0.349099994,0,0,0,-0.0773956627,0.525715828,-0.256675452,-0.297992319
0.123656847,0,0.0141725363,0.000584689144,-0.0401765145,0,0,0,0.119434468,-0.992842078,0,-0.336717188,-0.457899988,-0.00490000006,0.453000009,0.349099994,0.349099994,0,0,0,-0.081908308,0.527574003,-0.263842613,-0.29374513
0.12365225,0,-0.0222239308,-0.000964148669,0.0700474009,0,0,0,0.119434468,-0.992842078,0,-0.337090135,-0.457899988,-0.00490000006,0.453000009,0.349099994,0.349099994,0,0,0,-0.0824146867,0.5277825,-0.264646858,-0.293268532
0.123724729,0,-0.0819403157,-0.00423963787,0.254083812,0,0,0,0.116652384,-0.993172824,0,-0.330880344,-0.457899988,-0.00490000006,0.453000009,0.349099994,0.349099994,0,0,0,-0.0740813836,0.52435118,-0.251411617,-0.301111639
0.123866163,0,-0.143933401,-0.0094931731,0.45507583,0,0,0,0.109338067,-0.994004607,0,-0.31554395,-0.457899988,-0.00490000006,0.453000009,0.349099994,0.349099994,0,0,0,-0.054399237,0.516246736,-0.220151737,-0.319636017
0.123976775,0,-0.190336853,-0.0166619904,0.603326857,0,0,0,0.0985551551,-0.995131612,0,-0.292957067,-0.457899988,-0.00490000006,0.453000009,0.349099994,0.349099994,0,0,0,-0.0277419835,0.505270183,-0.177813739,-0.344725192
0.123953275,0,-0.219907403,-0.0251765642,0.698687553,0,0,0,0.0853203163,-0.996353567,0,-0.265267044,-0.457899988,-0.00490000006,0.453000009,0.349099994,0.349099994,0,0,0,0.00115132343,0.493373007,-0.131924376,-0.371918887
0.123723887,0,-0.232598439,-0.0336116552,0.740185797,0,0,0,0.0707085431,-0.997497022,0,-0.234732449,-0.457899988,-0.00490000006,0.453000009,0.349099994,0.349099994,0,0,0,0.0281771887,0.4822447,-0.0890009403,-0.39735499
0.123270042,0,-0.22942397,-0.0403774641,0.730480969,0,0,0,0.0557876788,-0.99844265,0,-0.203584671,-0.457899988,-0.00490000006,0.453000009,0.349099994,0.349099994,0,0,0,0.0505196527,0.473044842,-0.053515844,-0.418383211
0.122623265,0,-0.212235391,-0.0449961498,0.675540864,0,0,0,0.0415363498,-0.999136984,0,-0.17385897,-0.457714975,-0.00454668887,0.453168273,0.349099994,0.349099994,0,0,0,0.0669205263,0.466106504,-0.0278207138,-0.433987588
0.121824369,0,-0.183746874,-0.0466359183,0.58425808,0,0,0,0.0287910458,-0.99958545,0,-0.147289619,-0.456237376,-0.00172536611,0.45451197,0.349099994,0.349099994,0,0,0,0.0775113329,0.460267991,-0.0138213485,-0.445299089
0.120970212,0,-0.147452638,-0.0443221852,0.468109012,0,0,0,0.0181771889,-0.999834776,0,-0.125171229,-0.453296244,0.00389033556,0.45718652,0.349099994,0.349099994,0,0,0,0.0833988488,0.45490256,-0.0100862719,-0.453514874
0.120158985,0,-0.107406437,-0.0388645753,0.340398878,0,0,0,0.0100705642,-0.999949276,0,-0.108280689,-0.448919773,0.0122466153,0.461166322,0.349099994,0.349099994,0,0,0,0.0861026645,0.449412823,-0.0141482698,-0.460039407
0.119458973,0,-0.068170689,-0.0319457687,0.215733767,0,0,0,0.00456229504,-0.999989569,0,-0.0968048126,-0.443149984,0.0232634135,0.46641323,0.349099994,0.349099994,0,0,0,0.0870542601,0.443251133,-0.0236537047,-0.466181964
0.118893608,0,-0.0345709063,-0.0255733095,0.109288193,0,0,0,0.00144137628,-0.999998987,0,-0.0903028622,-0.436042249,0.0368347652,0.472876787,0.349099994,0.349099994,0,0,0,0.0872754678,0.436052352,-0.0368737355,-0.47285372
0.118438035,0,-0.0114066685,-0.0216978956,0.0312656201,0,0,0,0.000190806168,-1,0,-0.0876975134,-0.427664071,0.0528318956,0.480495661,0.349099994,0.349099994,0,0,0,0.087299563,0.42766425,-0.0528325774,-0.480495244
0.11802578,0,-0.00150644954,-0.0214790069,0.00477135181,0,0,0,0.000190767998,-1,0,-0.0873000249,-0.418096662,0.0710997432,0.489195973,0.349099994,0.349099994,0,0,0,0.0873000026,0.418096662,-0.0710997432,-0.489195973
0.117578886,0,-9.31322575e-08,-0.0235980377,0.00476837158,0,0,0,0,-1,0,-0.0873000026,-0.407430559,0.091465354,0.498895407,0.349099994,0.349099994,0,0,0,0.0873000026,0.407430559,-0.091465354,-0.498895407
0.117081858,0,0,-0.0260362402,0,0,0,0,0,-1,0,-0.0873000026,-0.395768493,0.113732651,0.509500563,0.349099994,0.349099994,0,0,0,0.0873000026,0.395768493,-0.113732651,-0.509500563
0.116537437,0,0,-0.028324686,0,0,0,0,0,-1,0,-0.0873000026,-0.383222967,0.137686819,0.520909071,0.349099994,0.349099994,0,0,0,0.0873000026,0.383222967,-0.137686819,-0.520909071
0.115948871,0,0,-0.0304307789,0,0,0,0,0,-1,0,-0.0873000026,-0.369912714,0.163101166,0.533012986,0.349099994,0.349099994,0,0,0,0.0873000026,0.369912714,-0.163101166,-0.533012986
0.115320206,0,0,-0.0323217362,0,0,0,0,0,-1,0,-0.0873000026,-0.355966777,0.189729184,0.545695007,0.349099994,0.349099994,0,0,0,0.0873000026,0.355966777,-0.189729184,-0.545695007
0.114656001,0,0,-0.0339634717,0,0,0,0,0,-1,0,-0.0873000026,-0.34151718,0.217318982,0.55883503,0.349099994,0.349099994,0,0,0,0.0873000026,0.34151718,-0.217318982,-0.55883503
0.113961667,0,0,-0.0353222713,0,0,0,0,0,-1,0,-0.0873000026,-0.326704055,0.245602876,0.57230562,0.349099994,0.349099994,0,0,0,0.0873000026,0.326704055,-0.245602876,-0.57230562
0.11324311,0,0,-0.0363657251,0,0,0,0,0,-1,0,-0.0873000026,-0.311667532,0.274313331,0.585979402,0.349099994,0.349099994,0,0,0,0.0873000026,0.311667532,-0.274313331,-0.585979402
0.112507038,0,0,-0.0370638445,0,0,0,0,0,-1,0,-0.0873000026,-0.296553463,0.303171784,0.599723697,0.349099994,0.349099994,0,0,0,0.0873000026,0.296553463,-0.303171784,-0.599723697
0.111760557,0,0,-0.0373905525,0,0,0,0,0,-1,0,-0.0873000026,-0.281504899,0.331905246,0.613408446,0.349099994,0.349099994,0,0,0,0.0873000026,0.281504899,-0.331905246,-0.613408446
0.111011416,0,0,-0.0373231247,0,0,0,0,0,-1,0,-0.0873000026,-0.266667753,0.360234976,0.626900852,0.349099994,0.349099994,0,0,0,0.0873000026,0.266667753,-0.360234976,-0.626900852
0.110267632,0,0,-0.0368464738,0,0,0,0,0,-1,0,-0.0873000026,-0.252182841,0.387892157,0.640073001,0.349099994,0.349099994,0,0,0,0.0873000026,0.252182841,-0.387892157,-0.640073001
0.109537557,0,0,-0.0359494239,0,0,0,0,0,-1,0,-0.0873000026,-0.238189414,0.414610893,0.652798235,0.349099994,0.349099994,0,0,0,0.0873000026,0.238189414,-0.414610893,-0.652798235
0.108829655,0,0,-0.034629181,0,0,0,0,0,-1,0,-0.0873000026,-0.224821523,0.44013533,0.664954603,0.349099994,0.349099994,0,0,0,0.0873000026,0.224821523,-0.44013533,-0.664954603
0.10815239,0,0,-0.032889843,0,0,0,0,0,-1,0,-0.0873000026,-0.212207213,0.464220792,0.676425636,0.349099994,0.349099994,0,0,0,0.0873000026,0.212207213,-0.464220792,-0.676425636
0.107514061,0,0,-0.0307409093,0,0,0,0,0,-1,0,-0.0873000026,-0.200467035,0.486637264,0.687101781,0.349099994,0.349099994,0,0,0,0.0873000026,0.200467035,-0.486637264,-0.687101781
0.106922753,0,0,-0.0282036141,0,0,0,0,0,-1,0,-0.0873000026,-0.189714819,0.507167339,0.696879566,0.349099994,0.349099994,0,0,0,0.0873000026,0.189714819,-0.507167339,-0.696879566
0.106385916,0,0,-0.0253027305,0,0,0,0,0,-1,0,-0.0873000026,-0.180051267,0.525618732,0.705667317,0.349099994,0.349099994,0,0,0,0.0873000026,0.180051267,-0.525618732,-0.705667317
0.105910644,0,0,-0.0220695511,0,0,0,0,0,-1,0,-0.0873000026,-0.17157115,0.541810513,0.713378847,0.349099994,0.349099994,0,0,0,0.0873000026,0.17157115,-0.541810513,-0.713378847
0.105503134,0,0,-0.0185456127,0,0,0,0,0,-1,0,-0.0873000026,-0.164354503,0.555589795,0.719941437,0.349099994,0.349099994,0,0,0,0.0873000026,0.164354503,-0.555589795,-0.719941437
0.105168819,0,0,-0.0147730112,0,0,0,0,0,-1,0,-0.0873000026,-0.158470795,0.566824019,0.725291967,0.349099994,0.349099994,0,0,0,0.0873000026,0.158470795,-0.566824019,-0.725291967
0.104912214,0,0,-0.0108011067,0,0,0,0,0,-1,0,-0.0873000026,-0.153976381,0.575405598,0.729379058,0.349099994,0.349099994,0,0,0,0.0873000026,0.153976381,-0.575405598,-0.729379058
0.104736775,0,0,-0.00668335706,0,0,0,0,0,-1,0,-0.0873000026,-0.150914282,0.581252277,0.732163548,0.349099994,0.349099994,0,0,0,0.0873000026,0.150914282,-0.581252277,-0.732163548
0.10464488,0,0,-0.00247452408,0,0,0,0,0,-1,0,-0.0873000026,-0.149313882,0.584308088,0.733618915,0.349099994,0.349099994,0,0,0,0.0873000026,0.149313882,-0.584308088,-0.733618915
0.104637794,0,0,0.00176820904,0,0,0,0,0,-1,0,-0.0873000026,-0.14919053,0.584543586,0.733731151,0.349099994,0.349099994,0,0,0,0.0873000026,0.14919053,-0.584543586,-0.733731151
0.104715608,0,0,0.00598635525,0,0,0,0,0,-1,0,-0.0873000026,-0.150545374,0.581956685,0.732499063,0.349099994,0.349099994,0,0,0,0.0873000026,0.150545374,-0.581956685,-0.732499063
0.104877248,0,0,0.0101232901,0,0,0,0,0,-1,0,-0.0873000026,-0.153365299,0.576572418,0.729934752,0.349099994,0.349099994,0,0,0,0.0873000026,0.153365299,-0.576572418,-0.729934752
0.10512054,0,0,0.0141233206,0,0,0,0,0,-1,0,-0.0873000026,-0.157623604,0.568441629,0.726062357,0.349099994,0.349099994,0,0,0,0.0873000026,0.157623604,-0.568441629,-0.726062357
0.105442181,0,0,0.0179322436,0,0,0,0,0,-1,0,-0.0873000026,-0.163279429,0.557642519,0.720919073,0.349099994,0.349099994,0,0,0,0.0873000026,0.163279429,-0.557642519,-0.720919073
0.105837829,0,0,0.0215014443,0,0,0,0,0,-1,0,-0.0873000026,-0.170278117,0.544279397,0.714554667,0.349099994,0.349099994,0,0,0,0.0873000026,0.170278117,-0.544279397,-0.714554667
0.106302239,0,0,0.0247854739,0,0,0,0,0,-1,0,-0.0873000026,-0.178553149,0.528479159,0.707029641,0.349099994,0.349099994,0,0,0,0.0873000026,0.178553149,-0.528479159,-0.707029641
0.106829248,0,0,0.0277446583,0,0,0,0,0,-1,0,-0.0873000026,-0.188025072,0.510393739,0.698416114,0.349099994,0.349099994,0,0,0,0.0873000026,0.188025072,-0.510393739,-0.698416114
0.107412025,0,0,0.0303445384,0,0,0,0,0,-1,0,-0.0873000026,-0.198603451,0.490195572,0.68879652,0.349099994,0.349099994,0,0,0,0.0873000026,0.198603451,-0.490195572,-0.68879652
0.10804303,0,0,0.0325592235,0,0,0,0,0,-1,0,-0.0873000026,-0.21018599,0.468080133,0.678263724,0.349099994,0.349099994,0,0,0,0.0873000026,0.21018599,-0.468080133,-0.678263724
0.108714394,0,0,0.0343678519,0,0,0,0,0,-1,0,-0.0873000026,-0.222663045,0.444256663,0.666917443,0.349099994,0.349099994,0,0,0,0.0873000026,0.222663045,-0.444256663,-0.666917443
0.109417744,0,0,0.0357585028,0,0,0,0,0,-1,0,-0.0873000026,-0.235913232,0.418957055,0.654868066,0.349099994,0.349099994,0,0,0,0.0873000026,0.235913232,-0.418957055,-0.654868066
0.110144734,0,0,0.0367267057,0,0,0,0,0,-1,0,-0.0873000026,-0.249811918,0.39241913,0.642229021,0.349099994,0.349099994,0,0,0,0.0873000026,0.249811918,-0.39241913,-0.642229021
0.110886812,0,0,0.0372728333,0,0,0,0,0,-1,0,-0.0873000026,-0.26422441,0.364900202,0.629122794,0.349099994,0.349099994,0,0,0,0.0873000026,0.26422441,-0.364900202,-0.629122794
0.111635648,0,0,0.0374067575,0,0,0,0,0,-1,0,-0.0873000026,-0.279013008,0.336663187,0.615674436,0.349099994,0.349099994,0,0,0,0.0873000026,0.279013008,-0.336663187,-0.615674436
0.112383083,0,0,0.0371452421,0,0,0,0,0,-1,0,-0.0873000026,-0.294035554,0.307979405,0.602013409,0.349099994,0.349099994,0,0,0,0.0873000026,0.294035554,-0.307979405,-0.602013409
0.113121457,0,0,0.0365067273,0,0,0,0,0,-1,0,-0.0873000026,-0.309149981,0.279120266,0.588268816,0.349099994,0.349099994,0,0,0,0.0873000026,0.309149981,-0.279120266,-0.588268816
0.113843352,0,0,0.0355184078,0,0,0,0,0,-1,0,-0.0873000026,-0.32420823,0.250368327,0.574575245,0.349099994,0.349099994,0,0,0,0.0873000026,0.32420823,-0.250368327,-0.574575245
0.114542194,0,0,0.0342110172,0,0,0,0,0,-1,0,-0.0873000026,-0.339069307,0.221992895,0.561061084,0.349099994,0.349099994,0,0,0,0.0873000026,0.339069307,-0.221992895,-0.561061084
0.115211792,0,0,0.0326136127,0,0,0,0,0,-1,0,-0.0873000026,-0.353588969,0.194269389,0.547857285,0.349099994,0.349099994,0,0,0,0.0873000026,0.353588969,-0.194269389,-0.547857285
0.115846738,0,0,0.0307615846,0,0,0,0,0,-1,0,-0.0873000026,-0.367628545,0.167462483,0.535090208,0.349099994,0.349099994,0,0,0,0.0873000026,0.367628545,-0.167462483,-0.535090208
0.116442256,0,0,0.0286897644,0,0,0,0,0,-1,0,-0.0873000026,-0.38105315,0.141829833,0.522882283,0.349099994,0.349099994,0,0,0,0.0873000026,0.38105315,-0.141829833,-0.522882283
0.116994329,0,0,0.0264296308,0,0,0,0,0,-1,0,-0.0873000026,-0.393735766,0.117613912,0.511349022,0.349099994,0.349099994,0,0,0,0.0873000026,0.393735766,-0.117613912,-0.511349022
0.117499441,0,0,0.0240128487,0,0,0,0,0,-1,0,-0.0873000026,-0.405552477,0.0950512812,0.500603259,0.349099994,0.349099994,0,0,0,0.0873000026,0.405552477,-0.0950512812,-0.500603259
0.117954843,0,0,0.0214707106,0,0,0,0,0,-1,0,-0.0873000026,-0.416391701,0.0743550956,0.490746409,0.349099994,0.349099994,0,0,0,0.0873000026,0.416391701,-0.0743550956,-0.490746409
0.118358269,0,0,0.018828176,0,0,0,0,0,-1,0,-0.0873000026,-0.42614916,0.0557244085,0.481873274,0.349099994,0.349099994,0,0,0,0.0873000026,0.42614916,-0.0557244085,-0.481873274
0.11870797,0,0,0.0161077827,0,0,0,0,0,-1,0,-0.0873000026,-0.434731632,0.0393371843,0.474068612,0.349099994,0.349099994,0,0,0,0.0873000026,0.434731632,-0.0393371843,-0.474068612
0.119002581,0,0,0.0133302063,0,0,0,0,0,-1,0,-0.0873000026,-0.442055911,0.0253523625,0.46740815,0.349099994,0.349099994,0,0,0,0.0873000026,0.442055911,-0.0253523625,-0.46740815
0.119241178,0,0,0.0105120242,0,0,0,0,0,-1,0,-0.0873000026,-0.448053062,0.0139014963,0.461954474,0.349099994,0.349099994,0,0,0,0.0873000026,0.448053062,-0.0139014963,-0.461954474
0.119423062,0,0,0.007664226,0,0,0,0,0,-1,0,-0.0873000026,-0.452665448,0.00509475684,0.457760155,0.349099994,0.349099994,0,0,0,0.0873000026,0.452665448,-0.00509475684,-0.457760155
0.119547747,0,0,0.00479761511,0,0,0,0,0,-1,0,-0.0873000026,-0.455848157,-0.000982246012,0.454865903,0.349099994,0.349099994,0,0,0,0.0873000026,0.455848157,0.000982246012,-0.454865903
0.119614966,0,0,0.00192057341,0,0,0,0,0,-1,0,-0.0873000026,-0.457571089,-0.00427198922,0.453299105,0.349099994,0.349099994,0,0,0,0.0873000026,0.457571089,0.00427198922,-0.453299105
0.11962457,0,0,-0.000960566103,0,0,0,0,0,-1,0,-0.0873000026,-0.457817763,-0.00474295486,0.453074783,0.349099994,0.349099994,0,0,0,0.0873000026,0.457817763,0.00474295486,-0.453074783
0.119576544,0,0,-0.00383909792,0,0,0,0,0,-1,0,-0.0873000026,-0.456585765,-0.00239063194,0.454195112,0.349099994,0.349099994,0,0,0,0.0873000026,0.456585765,0.00239063194,-0.454195112
0.119471006,0,0,-0.00670962036,0,0,0,0,0,-1,0,-0.0873000026,-0.453887105,0.00276212837,0.456649214,0.349099994,0.349099994,0,0,0,0.0873000026,0.453887105,-0.00276212837,-0.456649214
0.119308159,0,0,-0.00956524163,0,0,0,0,0,-1,0,-0.0873000026,-0.449747413,0.0106664198,0.460413724,0.349099994,0.349099994,0,0,0,0.0873000026,0.449747413,-0.0106664198,-0.460413724
0.119088396,0,0,-0.0123951584,0,0,0,0,0,-1,0,-0.0873000026,-0.444206029,0.0212470144,0.465452909,0.349099994,0.349099994,0,0,0,0.0873000026,0.444206029,-0.0212470144,-0.465452909
0.118812352,0,0,-0.0151872635,0,0,0,0,0,-1,0,-0.0873000026,-0.437316656,0.0344014168,0.471717864,0.349099994,0.349099994,0,0,0,0.0873000026,0.437316656,-0.0344014168,-0.471717864
0.118480906,0,0,-0.0179287046,0,0,0,0,0,-1,0,-0.0873000026,-0.429145575,0.0500031263,0.479148418,0.349099994,0.349099994,0,0,0,0.0873000026,0.429145575,-0.0500031263,-0.479148418
0.118095204,0,0,-0.0205995515,0,0,0,0,0,-1,0,-0.0873000026,-0.419769555,0.0679055229,0.487674683,0.349099994,0.349099994,0,0,0,0.0873000026,0.419769555,-0.0679055229,-0.487674683
0.117656924,0,0,-0.0231783837,0,0,0,0,0,-1,0,-0.0873000026,-0.409280568,0.0879330114,0.497213095,0.349099994,0.349099994,0,0,0,0.0873000026,0.409280568,-0.0879330114,-0.497213095
0.117168069,0,0,-0.0256400555,0,0,0,0,0,-1,0,-0.0873000026,-0.397776634,0.109898329,0.507674396,0.349099994,0.349099994,0,0,0,0.0873000026,0.397776634,-0.109898329,-0.507674396
0.116631322,0,0,-0.0279551372,0,0,0,0,0,-1,0,-0.0873000026,-0.385369956,0.13358739,0.518956661,0.349099994,0.349099994,0,0,0,0.0873000026,0.385369956,-0.13358739,-0.518956661
0.116049863,0,0,-0.0300930813,0,0,0,0,0,-1,0,-0.0873000026,-0.372178733,0.158774436,0.530952334,0.349099994,0.349099994,0,0,0,0.0873000026,0.372178733,-0.158774436,-0.530952334
0.115427598,0,0,-0.0320218503,0,0,0,0,0,-1,0,-0.0873000026,-0.35833019,0.185216546,0.543545783,0.349099994,0.349099994,0,0,0,0.0873000026,0.35833019,-0.185216546,-0.543545783
0.114768989,0,0,-0.0337084755,0,0,0,0,0,-1,0,-0.0873000026,-0.343955368,0.212663591,0.556617856,0.349099994,0.349099994,0,0,0,0.0873000026,0.343955368,-0.212663591,-0.556617856
0.114079259,0,0,-0.0351179391,0,0,0,0,0,-1,0,-0.0873000026,-0.329192728,0.240851,0.570042491,0.349099994,0.349099994,0,0,0,0.0873000026,0.329192728,-0.240851,-0.570042491
0.113364272,0,0,-0.0362148508,0,0,0,0,0,-1,0,-0.0873000026,-0.314182878,0.269510537,0.583692014,0.349099994,0.349099994,0,0,0,0.0873000026,0.314182878,-0.269510537,-0.583692014
0.112630665,0,0,-0.0369727612,0,0,0,0,0,-1,0,-0.0873000026,-0.299072325,0.298362345,0.59743315,0.349099994,0.349099994,0,0,0,0.0873000026,0.299072325,-0.298362345,-0.59743315
0.111885361,0,0,-0.0373626128,0,0,0,0,0,-1,0,-0.0873000026,-0.284002155,0.327136993,0.61113745,0.349099994,0.349099994,0,0,0,0.0873000026,0.284002155,-0.327136993,-0.61113745
0.111136161,0,0,-0.0373616815,0,0,0,0,0,-1,0,-0.0873000026,-0.269120455,0.355551839,0.624670446,0.349099994,0.349099994,0,0,0,0.0873000026,0.269120455,-0.355551839,-0.624670446
0.110390894,0,0,-0.0369563699,0,0,0,0,0,-1,0,-0.0873000026,-0.254567027,0.383339882,0.637904942,0.349099994,0.349099994,0,0,0,0.0873000026,0.254567027,-0.383339882,-0.637904942
0.109657906,0,0,-0.0361295417,0,0,0,0,0,-1,0,-0.0873000026,-0.240481332,0.410234779,0.65071398,0.349099994,0.349099994,0,0,0,0.0873000026,0.240481332,-0.410234779,-0.65071398
0.108945712,0,0,-0.0348785892,0,0,0,0,0,-1,0,-0.0873000026,-0.227000132,0.435975522,0.662973404,0.349099994,0.349099994,0,0,0,0.0873000026,0.227000132,-0.435975522,-0.662973404
0.108262762,0,0,-0.0332070515,0,0,0,0,0,-1,0,-0.0873000026,-0.214251667,0.460317194,0.674566507,0.349099994,0.349099994,0,0,0,0.0873000026,0.214251667,-0.460317194,-0.674566507
0.10761743,0,0,-0.0311268494,0,0,0,0,0,-1,0,-0.0873000026,-0.202358797,0.483025223,0.685381532,0.349099994,0.349099994,0,0,0,0.0873000026,0.202358797,-0.483025223,-0.685381532
0.107017688,0,0,-0.0286525115,0,0,0,0,0,-1,0,-0.0873000026,-0.191433281,0.503886163,0.695316851,0.349099994,0.349099994,0,0,0,0.0873000026,0.191433281,-0.503886163,-0.695316851
0.10647133,0,0,-0.0258099288,0,0,0,0,0,-1,0,-0.0873000026,-0.181582585,0.522694886,0.704274774,0.349099994,0.349099994,0,0,0,0.0873000026,0.181582585,-0.522694886,-0.704274774
0.105985291,0,0,-0.0226311386,0,0,0,0,0,-1,0,-0.0873000026,-0.172898561,0.539275944,0.712171733,0.349099994,0.349099994,0,0,0,0.0873000026,0.172898561,-0.539275944,-0.712171733
0.105566084,0,0,-0.0191511586,0,0,0,0,0,-1,0,-0.0873000026,-0.165466204,0.553467155,0.718930483,0.349099994,0.349099994,0,0,0,0.0873000026,0.165466204,-0.553467155,-0.718930483
0.105219245,0,0,-0.0154161826,0,0,0,0,0,-1,0,-0.0873000026,-0.159356102,0.565133631,0.724486828,0.349099994,0.349099994,0,0,0,0.0873000026,0.159356102,-0.565133631,-0.724486828
0.104949437,0,0,-0.0114742666,0,0,0,0,0,-1,0,-0.0873000026,-0.154627115,0.574163139,0.728787303,0.349099994,0.349099994,0,0,0,0.0873000026,0.154627115,-0.574163139,-0.728787303
0.104760274,0,0,-0.00737775117,0,0,0,0,0,-1,0,-0.0873000026,-0.15132384,0.580470324,0.731791139,0.349099994,0.349099994,0,0,0,0.0873000026,0.15132384,-0.580470324,-0.731791139
0.104654327,0,0,-0.00318009406,0,0,0,0,0,-1,0,-0.0873000026,-0.149478242,0.583994269,0.733469486,0.349099994,0.349099994,0,0,0,0.0873000026,0.149478242,-0.583994269,-0.733469486
0.104633071,0,0,0.00106096268,0,0,0,0,0,-1,0,-0.0873000026,-0.149108261,0.584700644,0.733805954,0.349099994,0.349099994,0,0,0,0.0873000026,0.149108261,-0.584700644,-0.733805954
0.104696766,0,0,0.00528749079,0,0,0,0,0,-1,0,-0.0873000026,-0.15021722,0.582583249,0.732797503,0.349099994,0.349099994,0,0,0,0.0873000026,0.15021722,-0.582583249,-0.732797503
0.10484457,0,0,0.00944174826,0,0,0,0,0,-1,0,-0.0873000026,-0.152794659,0.577661932,0.73045361,0.349099994,0.349099994,0,0,0,0.0873000026,0.152794659,-0.577661932,-0.73045361
0.105074435,0,0,0.013468042,0,0,0,0,0,-1,0,-0.0873000026,-0.156815469,0.569984674,0.726797223,0.349099994,0.349099994,0,0,0,0.0873000026,0.156815469,-0.569984674,-0.726797223
0.105383292,0,0,0.0173134729,0,0,0,0,0,-1,0,-0.0873000026,-0.162241563,0.559624195,0.721862912,0.349099994,0.349099994,0,0,0,0.0873000026,0.162241563,-0.559624195,-0.721862912
0.105766974,0,0,0.0209258869,0,0,0,0,0,-1,0,-0.0873000026,-0.169021264,0.546679199,0.715697646,0.349099994,0.349099994,0,0,0,0.0873000026,0.169021264,-0.546679199,-0.715697646
0.106220327,0,0,0.0242590904,0,0,0,0,0,-1,0,-0.0873000026,-0.177088827,0.531275153,0.708361268,0.349099994,0.349099994,0,0,0,0.0873000026,0.177088827,-0.531275153,-0.708361268
0.106737338,0,0,0.0272745267,0,0,0,0,0,-1,0,-0.0873000026,-0.186366737,0.513560116,0.699924171,0.349099994,0.349099994,0,0,0,0.0873000026,0.186366737,-0.513560116,-0.699924171
0.107311308,0,0,0.0299371779,0,0,0,0,0,-1,0,-0.0873000026,-0.196767151,0.493701756,0.690466404,0.349099994,0.349099994,0,0,0,0.0873000026,0.196767151,-0.493701756,-0.690466404
0.107934825,0,0,0.0322187319,0,0,0,0,0,-1,0,-0.0873000026,-0.208189979,0.471891254,0.680078804,0.349099994,0.349099994,0,0,0,0.0873000026,0.208189979,-0.471891254,-0.680078804
0.108600058,0,0,0.0340955332,0,0,0,0,0,-1,0,-0.0873000026,-0.220526487,0.448336154,0.668860316,0.349099994,0.349099994,0,0,0,0.0873000026,0.220526487,-0.448336154,-0.668860316
0.109298646,0,0,0.0355564058,0,0,0,0,0,-1,0,-0.0873000026,-0.233656257,0.423266411,0.656920493,0.349099994,0.349099994,0,0,0,0.0873000026,0.233656257,-0.423266411,-0.656920493
0.110022314,0,0,0.0365942717,0,0,0,0,0,-1,0,-0.0873000026,-0.247456595,0.39691636,0.644370914,0.349099994,0.349099994,0,0,0,0.0873000026,0.247456595,-0.39691636,-0.644370914
0.110762417,0,0,0.0372095034,0,0,0,0,0,-1,0,-0.0873000026,-0.261792004,0.369544625,0.631334782,0.349099994,0.349099994,0,0,0,0.0873000026,0.261792004,-0.369544625,-0.631334782
0.111510694,0,0,0.0374127179,0,0,0,0,0,-1,0,-0.0873000026,-0.276527673,0.34140867,0.617934525,0.349099994,0.349099994,0,0,0,0.0873000026,0.276527673,-0.34140867,-0.617934525
0.112258926,0,0,0.0372163951,0,0,0,0,0,-1,0,-0.0873000026,-0.291521519,0.312779635,0.604299605,0.349099994,0.349099994,0,0,0,0.0873000026,0.291521519,-0.312779635,-0.604299605
0.11299935,0,0,0.0366395339,0,0,0,0,0,-1,0,-0.0873000026,-0.306630909,0.283930093,0.590559542,0.349099994,0.349099994,0,0,0,0.0873000026,0.306630909,-0.283930093,-0.590559542
0.113724507,0,0,0.0357057899,0,0,0,0,0,-1,0,-0.0873000026,-0.321709216,0.255139917,0.576847792,0.349099994,0.349099994,0,0,0,0.0873000026,0.321709216,-0.255139917,-0.576847792
0.114427581,0,0,0.0344494358,0,0,0,0,0,-1,0,-0.0873000026,-0.336611986,0.226684928,0.563295722,0.349099994,0.349099994,0,0,0,0.0873000026,0.336611986,-0.226684928,-0.563295722
0.115102485,0,0,0.0328982249,0,0,0,0,0,-1,0,-0.0873000026,-0.35119909,0.198832542,0.550030589,0.349099994,0.349099994,0,0,0,0.0873000026,0.35119909,-0.198832542,-0.550030589
0.11574351,0,0,0.0310866162,0,0,0,0,0,-1,0,-0.0873000026,-0.365327299,0.171856433,0.537182808,0.349099994,0.349099994,0,0,0,0.0873000026,0.365327299,-0.171856433,-0.537182808
0.116345949,0,0,0.0290496275,0,0,0,0,0,-1,0,-0.0873000026,-0.378864676,0.146008432,0.524872363,0.349099994,0.349099994,0,0,0,0.0873000026,0.378864676,-0.146008432,-0.524872363
0.116905496,0,0,0.0268176198,0,0,0,0,0,-1,0,-0.0873000026,-0.391678989,0.121541061,0.513219416,0.349099994,0.349099994,0,0,0,0.0873000026,0.391678989,-0.121541061,-0.513219416
0.117418654,0,0,0.0244246796,0,0,0,0,0,-1,0,-0.0873000026,-0.403648287,0.0986870974,0.502334893,0.349099994,0.349099994,0,0,0,0.0873000026,0.403648287,-0.0986870974,-0.502334893
0.117882483,0,0,0.0219013542,0,0,0,0,0,-1,0,-0.0873000026,-0.414657295,0.0776667818,0.492323667,0.349099994,0.349099994,0,0,0,0.0873000026,0.414657295,-0.0776667818,-0.492323667
0.118294708,0,0,0.0192744657,0,0,0,0,0,-1,0,-0.0873000026,-0.424601823,0.0586788319,0.483280331,0.349099994,0.349099994,0,0,0,0.0873000026,0.424601823,-0.0586788319,-0.483280331
0.118653461,0,0,0.016566366,0,0,0,0,0,-1,0,-0.0873000026,-0.433385998,0.0419065431,0.475292325,0.349099994,0.349099994,0,0,0,0.0873000026,0.433385998,-0.0419065431,-0.475292325
0.118957363,0,0,0.0137967989,0,0,0,0,0,-1,0,-0.0873000026,-0.440926045,0.0275097396,0.468435615,0.349099994,0.349099994,0,0,0,0.0873000026,0.440926045,-0.0275097396,-0.468435615
0.119205333,0,0,0.0109836459,0,0,0,0,0,-1,0,-0.0873000026,-0.447148353,0.0156289712,0.462777197,0.349099994,0.349099994,0,0,0,0.0873000026,0.447148353,-0.0156289712,-0.462777197
0.119396709,0,0,0.0081403181,0,0,0,0,0,-1,0,-0.0873000026,-0.451995015,0.00637487182,0.458369821,0.349099994,0.349099994,0,0,0,0.0873000026,0.451995015,-0.00637487182,-0.458369821
0.119530946,0,0,0.00527612865,0,0,0,0,0,-1,0,-0.0873000026,-0.455418229,-0.000161329051,0.455256879,0.349099994,0.349099994,0,0,0,0.0873000026,0.455418229,0.000161329051,-0.455256879
0.119607754,0,0,0.00240057707,0,0,0,0,0,-1,0,-0.0873000026,-0.457386076,-0.00391869945,0.453467339,0.349099994,0.349099994,0,0,0,0.0873000026,0.457386076,0.00391869945,-0.453467339
0.119626969,0,0,-0.000480189919,0,0,0,0,0,-1,0,-0.0873000026,-0.457879424,-0.00486073596,0.453018695,0.349099994,0.349099994,0,0,0,0.0873000026,0.457879424,0.00486073596,-0.453018695
0.119588546,0,0,-0.00335965306,0,0,0,0,0,-1,0,-0.0873000026,-0.456893444,-0.00297812605,0.453915328,0.349099994,0.349099994,0,0,0,0.0873000026,0.456893444,0.00297812605,-0.453915328
0.119492583,0,0,-0.0062322244,0,0,0,0,0,-1,0,-0.0873000026,-0.454437852,0.00171057985,0.456148416,0.349099994,0.349099994,0,0,0,0.0873000026,0.454437852,-0.00171057985,-0.456148416
0.119339257,0,0,-0.00909045339,0,0,0,0,0,-1,0,-0.0873000026,-0.450535893,0.00916086137,0.45969671,0.349099994,0.349099994,0,0,0,0.0873000026,0.450535893,-0.00916086137,-0.45969671
0.119128965,0,0,-0.0119250268,0,0,0,0,0,-1,0,-0.0873000026,-0.44522509,0.0193012245,0.464526176,0.349099994,0.349099994,0,0,0,0.0873000026,0.44522509,-0.0193012245,-0.464526176
0.118862256,0,0,-0.0147251412,0,0,0,0,0,-1,0,-0.0873000026,-0.438556284,0.0320345163,0.470590591,0.349099994,0.349099994,0,0,0,0.0873000026,0.438556284,-0.0320345163,-0.470590591
0.118539959,0,0,-0.0174768269,0,0,0,0,0,-1,0,-0.0873000026,-0.430593342,0.0472387522,0.477831841,0.349099994,0.349099994,0,0,0,0.0873000026,0.430593342,-0.0472387522,-0.477831841
0.118163183,0,0,-0.0201599672,0,0,0,0,0,-1,0,-0.0873000026,-0.421412051,0.0647693276,0.486181021,0.349099994,0.349099994,0,0,0,0.0873000026,0.421412051,-0.0647693276,-0.486181021
0.117733561,0,0,-0.022755377,0,0,0,0,0,-1,0,-0.0873000026,-0.411102027,0.0844550878,0.495556682,0.349099994,0.349099994,0,0,0,0.0873000026,0.411102027,-0.0844550878,-0.495556682
0.117252968,0,0,-0.0252386555,0,0,0,0,0,-1,0,-0.0873000026,-0.399760365,0.10611064,0.505870402,0.349099994,0.349099994,0,0,0,0.0873000026,0.399760365,-0.10611064,-0.505870402
0.116724014,0,0,-0.027581118,0,0,0,0,0,-1,0,-0.0873000026,-0.387496263,0.129527435,0.517023027,0.349099994,0.349099994,0,0,0,0.0873000026,0.387496263,-0.129527435,-0.517023027
0.116149724,0,0,-0.029752031,0,0,0,0,0,-1,0,-0.0873000026,-0.374426484,0.154482648,0.528908312,0.349099994,0.349099994,0,0,0,0.0873000026,0.374426484,-0.154482648,-0.528908312
0.115533933,0,0,-0.0317165628,0,0,0,0,0,-1,0,-0.0873000026,-0.360677719,0.180734232,0.541411042,0.349099994,0.349099994,0,0,0,0.0873000026,0.360677719,-0.180734232,-0.541411042
0.114881061,0,0,-0.0334460288,0,0,0,0,0,-1,0,-0.0873000026,-0.346381873,0.208030462,0.554411173,0.349099994,0.349099994,0,0,0,0.0873000026,0.346381873,-0.208030462,-0.554411173
0.114196092,0,0,-0.0349028036,0,0,0,0,0,-1,0,-0.0873000026,-0.331673235,0.236114785,0.567786813,0.349099994,0.349099994,0,0,0,0.0873000026,0.331673235,-0.236114785,-0.567786813
0.113484949,0,0,-0.036053732,0,0,0,0,0,-1,0,-0.0873000026,-0.316696286,0.26471144,0.581406355,0.349099994,0.349099994,0,0,0,0.0873000026,0.316696286,-0.26471144,-0.581406355
0.112753943,0,0,-0.0368721783,0,0,0,0,0,-1,0,-0.0873000026,-0.301591873,0.293551534,0.595141888,0.349099994,0.349099994,0,0,0,0.0873000026,0.301591873,-0.293551534,-0.595141888
0.112010062,0,0,-0.0373255461,0,0,0,0,0,-1,0,-0.0873000026,-0.286504626,0.322358847,0.608861804,0.349099994,0.349099994,0,0,0,0.0873000026,0.286504626,-0.322358847,-0.608861804
0.111260921,0,0,-0.0373896211,0,0,0,0,0,-1,0,-0.0873000026,-0.271580935,0.350853831,0.622432947,0.349099994,0.349099994,0,0,0,0.0873000026,0.271580935,-0.350853831,-0.622432947
0.110514477,0,0,-0.0370506197,0,0,0,0,0,-1,0,-0.0873000026,-0.25696376,0.378763586,0.635725379,0.349099994,0.349099994,0,0,0,0.0873000026,0.25696376,-0.378763586,-0.635725379
0.109778896,0,0,-0.0362955034,0,0,0,0,0,-1,0,-0.0873000026,-0.24279134,0.405824125,0.648613393,0.349099994,0.349099994,0,0,0,0.0873000026,0.24279134,-0.405824125,-0.648613393
0.109062657,0,0,-0.0351173803,0,0,0,0,0,-1,0,-0.0873000026,-0.229200348,0.431774467,0.660972595,0.349099994,0.349099994,0,0,0,0.0873000026,0.229200348,-0.431774467,-0.660972595
0.108374201,0,0,-0.0335153192,0,0,0,0,0,-1,0,-0.0873000026,-0.216320246,0.456367493,0.672685385,0.349099994,0.349099994,0,0,0,0.0873000026,0.216320246,-0.456367493,-0.672685385
0.107722044,0,0,-0.0315016136,0,0,0,0,0,-1,0,-0.0873000026,-0.204276741,0.479363084,0.683637381,0.349099994,0.349099994,0,0,0,0.0873000026,0.204276741,-0.479363084,-0.683637381
0.107114136,0,0,-0.0290917233,0,0,0,0,0,-1,0,-0.0873000026,-0.19318223,0.500546694,0.693726361,0.349099994,0.349099994,0,0,0,0.0873000026,0.19318223,-0.500546694,-0.693726361
0.106558375,0,0,-0.026307255,0,0,0,0,0,-1,0,-0.0873000026,-0.183145791,0.519710124,0.702853203,0.349099994,0.349099994,0,0,0,0.0873000026,0.183145791,-0.519710124,-0.702853203
0.106061846,0,0,-0.0231819227,0,0,0,0,0,-1,0,-0.0873000026,-0.174261555,0.536673427,0.710932314,0.349099994,0.349099994,0,0,0,0.0873000026,0.174261555,-0.536673427,-0.710932314
0.105631098,0,0,-0.0197507441,0,0,0,0,0,-1,0,-0.0873000026,-0.166615352,0.551272988,0.717885554,0.349099994,0.349099994,0,0,0,0.0873000026,0.166615352,-0.551272988,-0.717885554
0.105271816,0,0,-0.0160552561,0,0,0,0,0,-1,0,-0.0873000026,-0.160279989,0.563369632,0.7236467,0.349099994,0.349099994,0,0,0,0.0873000026,0.160279989,-0.563369632,-0.7236467
0.104988888,0,0,-0.0121435151,0,0,0,0,0,-1,0,-0.0873000026,-0.155317366,0.572845101,0.728159547,0.349099994,0.349099994,0,0,0,0.0873000026,0.155317366,-0.572845101,-0.728159547
0.104786076,0,0,-0.00806879252,0,0,0,0,0,-1,0,-0.0873000026,-0.151773825,0.579611063,0.731381953,0.349099994,0.349099994,0,0,0,0.0873000026,0.151773825,-0.579611063,-0.731381953
0.104666136,0,0,-0.00388417393,0,0,0,0,0,-1,0,-0.0873000026,-0.149683774,0.583601832,0.733282566,0.349099994,0.349099994,0,0,0,0.0873000026,0.149683774,-0.583601832,-0.733282566
0.104630709,0,0,0.000353343785,0,0,0,0,0,-1,0,-0.0873000026,-0.149067163,0.584779143,0.733843327,0.349099994,0.349099994,0,0,0,0.0873000026,0.149067163,-0.584779143,-0.733843327
0.10468027,0,0,0.00458657742,0,0,0,0,0,-1,0,-0.0873000026,-0.149929971,0.583131731,0.733058631,0.349099994,0.349099994,0,0,0,0.0873000026,0.149929971,-0.583131731,-0.733058631
0.104814172,0,0,0.00875722617,0,0,0,0,0,-1,0,-0.0873000026,-0.152264014,0.578675151,0.73093617,0.349099994,0.349099994,0,0,0,0.0873000026,0.152264014,-0.578675151,-0.73093617
0.105030559,0,0,0.0128079206,0,0,0,0,0,-1,0,-0.0873000026,-0.156046748,0.571452439,0.727496266,0.349099994,0.349099994,0,0,0,0.0873000026,0.156046748,-0.571452439,-0.727496266
0.105326489,0,0,0.0166865066,0,0,0,0,0,-1,0,-0.0873000026,-0.161241695,0.561533332,0.722772181,0.349099994,0.349099994,0,0,0,0.0873000026,0.161241695,-0.561533332,-0.722772181
0.105698019,0,0,0.0203413889,0,0,0,0,0,-1,0,-0.0873000026,-0.167799592,0.549011827,0.716808558,0.349099994,0.349099994,0,0,0,0.0873000026,0.167799592,-0.549011827,-0.716808558
0.106140144,0,0,0.0237256289,0,0,0,0,0,-1,0,-0.0873000026,-0.175657421,0.534008205,0.709662914,0.349099994,0.349099994,0,0,0,0.0873000026,0.175657421,-0.534008205,-0.709662914
0.106647044,0,0,0.0267963856,0,0,0,0,0,-1,0,-0.0873000026,-0.184740424,0.516665339,0.701403081,0.349099994,0.349099994,0,0,0,0.0873000026,0.184740424,-0.516665339,-0.701403081
0.107212,0,0,0.0295197591,0,0,0,0,0,-1,0,-0.0873000026,-0.194959939,0.497152418,0.692109764,0.349099994,0.349099994,0,0,0,0.0873000026,0.194959939,-0.497152418,-0.692109764
0.107827835,0,0,0.0318650156,0,0,0,0,0,-1,0,-0.0873000026,-0.206220388,0.47565192,0.681869864,0.349099994,0.349099994,0,0,0,0.0873000026,0.206220388,-0.47565192,-0.681869864
0.1084866,0,0,0.033810176,0,0,0,0,0,-1,0,-0.0873000026,-0.218411297,0.452374876,0.670783818,0.349099994,0.349099994,0,0,0,0.0873000026,0.218411297,-0.452374876,-0.670783818
0.109180242,0,0,0.0353433192,0,0,0,0,0,-1,0,-0.0873000026,-0.231417909,0.427540272,0.658955991,0.349099994,0.349099994,0,0,0,0.0873000026,0.231417909,-0.427540272,-0.658955991
0.109900333,0,0,0.0364519656,0,0,0,0,0,-1,0,-0.0873000026,-0.245115757,0.401385903,0.646499574,0.349099994,0.349099994,0,0,0,0.0873000026,0.245115757,-0.401385903,-0.646499574
0.11063832,0,0,0.0371359289,0,0,0,0,0,-1,0,-0.0873000026,-0.259371996,0.374165326,0.633535385,0.349099994,0.349099994,0,0,0,0.0873000026,0.259371996,-0.374165326,-0.633535385
0.11138577,0,0,0.0374060124,0,0,0,0,0,-1,0,-0.0873000026,-0.274049938,0.34613958,0.620187759,0.349099994,0.349099994,0,0,0,0.0873000026,0.274049938,-0.34613958,-0.620187759
0.112134561,0,0,0.0372752547,0,0,0,0,0,-1,0,-0.0873000026,-0.289010704,0.317573816,0.60658288,0.349099994,0.349099994,0,0,0,0.0873000026,0.289010704,-0.317573816,-0.60658288
0.11287678,0,0,0.0367598608,0,0,0,0,0,-1,0,-0.0873000026,-0.30411011,0.288743287,0.592851937,0.349099994,0.349099994,0,0,0,0.0873000026,0.30411011,-0.288743287,-0.592851937
0.113604955,0,0,0.0358853489,0,0,0,0,0,-1,0,-0.0873000026,-0.319203466,0.259924322,0.579126418,0.349099994,0.349099994,0,0,0,0.0873000026,0.319203466,-0.259924322,-0.579126418
0.114312194,0,0,0.0346813351,0,0,0,0,0,-1,0,-0.0873000026,-0.334146261,0.231392935,0.565537989,0.349099994,0.349099994,0,0,0,0.0873000026,0.334146261,-0.231392935,-0.565537989
0.114992209,0,0,0.0331759453,0,0,0,0,0,-1,0,-0.0873000026,-0.34879607,0.203420818,0.552215815,0.349099994,0.349099994,0,0,0,0.0873000026,0.34879607,-0.203420818,-0.552215815
0.115639232,0,0,0.0314043835,0,0,0,0,0,-1,0,-0.0873000026,-0.363009989,0.176281035,0.53929013,0.349099994,0.349099994,0,0,0,0.0873000026,0.363009989,-0.176281035,-0.53929013
0.116248384,0,0,0.0294025987,0,0,0,0,0,-1,0,-0.0873000026,-0.376654476,0.15022853,0.526882172,0.349099994,0.349099994,0,0,0,0.0873000026,0.376654476,-0.15022853,-0.526882172
0.116815336,0,0,0.0272024423,0,0,0,0,0,-1,0,-0.0873000026,-0.389597923,0.125514567,0.515111923,0.349099994,0.349099994,0,0,0,0.0873000026,0.389597923,-0.125514567,-0.515111923
0.117336482,0,0,0.024834089,0,0,0,0,0,-1,0,-0.0873000026,-0.401717067,0.102374554,0.504091084,0.349099994,0.349099994,0,0,0,0.0873000026,0.401717067,-0.102374554,-0.504091084
0.1178087,0,-0.0280388165,0.0322896987,0.112155169,0,0,0,0,-1,0,-0.0873000026,-0.412893564,0.0810343772,0.493927479,0.349099994,0.349099994,0,0,0,0.0873000026,0.412893564,-0.0810343772,-0.493927479
0.11862807,0,-0.0836756676,0.048497498,0.335570723,0,0,0,-0.00448619481,-0.999989927,0,-0.0869377106,-0.423384875,0.0627006441,0.48411271,0.349099994,0.349099994,0,0,0,0.0962724164,0.423022568,-0.0616942868,-0.484716505
0.119733565,0,-0.110327549,0.0533292219,0.444134921,0,0,0,-0.0134223774,-0.999909937,0,-0.0840568319,-0.435249448,0.0535497665,0.471141696,0.349099994,0.349099994,0,0,0,0.114145562,0.43200624,-0.0445409678,-0.476547003
0.120701812,0,-0.108213864,0.0473194346,0.436958253,0,0,0,-0.0222497191,-0.999752462,0,-0.078387551,-0.448671073,0.0544955917,0.45464313,0.349099994,0.349099994,0,0,0,0.13180311,0.439758629,-0.0297387708,-0.469497204
0.121529564,0,-0.105347514,0.0411442965,0.426276773,0,0,0,-0.0308962595,-0.999522626,0,-0.0701120347,-0.463393331,0.0651738495,0.434988141,0.349099994,0.349099994,0,0,0,0.149102345,0.446205378,-0.0174295045,-0.463634759
0.122216605,0,-0.101742163,0.0349177457,0.412140965,-3.0950664e-06,-2.86086288e-06,0,-0.0392923839,-0.999227762,0,-0.0594956391,-0.479089379,0.0849648491,0.412674874,0.349099994,0.349099994,0,0,0,0.165904999,0.451285005,-0.00773051195,-0.459015459
0.122765288,0,-0.0974148288,0.0287437625,0.394670308,0,0,0,-0.0473691337,-0.998877466,0,-0.0468807295,-0.495367497,0.113011815,0.388318807,0.349099994,0.349099994,0,0,0,0.182073727,0.454948217,-0.000736056012,-0.455684245
0.123180486,7.10542736e-15,-0.0924025178,0.0227177497,0.374052435,-3.13983651e-06,-2.81164216e-06,0,-0.0550613664,-0.998482943,0,-0.0326731205,-0.511786997,0.148253992,0.362627983,0.349099994,0.349099994,0,0,0,0.197478458,0.457160175,0.0034873453,-0.453672796
0.123469107,0,-0.0866755992,0.0176010747,0.350415587,0,0,0,-0.0623085909,-0.998056948,0,-0.017326884,-0.527873099,0.18946977,0.336378127,0.349099994,0.349099994,0,0,0,0.211997956,0.457899988,0.00490000006,-0.453000009
0.123667136,0,-0.080204919,0.0141210929,0.323953539,0,0,0,-0.0690508634,-0.997613132,0,-0.00133881089,-0.54386121,0.233881086,0.309731364,0.349099994,0.349099994,0,0,0,0.2255117,0.457899988,0.00490000006,-0.453000009
0.123811074,0,-0.0730585605,0.0115976287,0.294892699,0,0,0,-0.0752359852,-0.99716574,0,0.0147809936,-0.559980989,0.27865833,0.282865018,0.349099994,0.349099994,0,0,0,0.237914294,0.457899988,0.00490000006,-0.453000009
0.123909861,0,-0.0653190389,0.00934763346,0.263444811,0,0,0,-0.080813475,-0.996729255,0,0.0305115283,-0.575711548,0.322354257,0.256647438,0.349099994,0.349099994,0,0,0,0.249103397,0.457899988,0.00490000006,-0.453000009
0.12397261,0,-0.0570459664,0.00737620052,0.229869112,0,0,0,-0.0857394785,-0.996317565,0,0.0453481786,-0.590548158,0.363567173,0.231919706,0.349099994,0.349099994,0,0,0,0.258989751,0.457899988,0.00490000006,-0.453000009
0.124008179,0,-0.0483004525,0.00567268347,0.19446367,0,0,0,-0.0899747983,-0.995944023,0,0.058813259,-0.604013264,0.400970191,0.209477901,0.349099994,0.349099994,0,0,0,0.267493248,0.457899988,0.00490000006,-0.453000009
0.124024764,0,-0.0391503647,0.00421362417,0.157487646,3.24579764e-06,2.6885732e-06,0,-0.0934865549,-0.995620549,0,0.0704757273,-0.615675747,0.433365881,0.190040469,0.349099994,0.349099994,0,0,0,0.274546564,0.457899988,0.00490000006,-0.453000009
0.124029584,0,-0.0296629909,0.00296410429,0.119245172,0,0,0,-0.0962470695,-0.995357454,0,0.0799603909,-0.625160396,0.459712207,0.174232677,0.349099994,0.349099994,0,0,0,0.280092567,0.457899988,0.00490000006,-0.453000009
0.124028578,0,-0.0199183412,0.00187988824,0.0800222531,0,0,0,-0.0982342735,-0.995163321,0,0.0869611353,-0.63216114,0.479158729,0.162564769,0.349099994,0.349099994,0,0,0,0.284085929,0.457899988,0.00490000006,-0.453000009
0.12402615,0,-0.0100030098,0.000910664676,0.0401765257,3.26179656e-06,2.66913116e-06,0,-0.0994327962,-0.995044291,0,0.0912533924,-0.63645339,0.491081655,0.15541099,0.349099994,0.349099994,0,0,0,0.286494702,0.457899988,0.00490000006,-0.453000009
0.124025039,0,-6.48668902e-07,6.50839809e-08,0.0100672245,0,0,0,-0.099833414,-0.995004177,0,0.0926999971,-0.637899995,0.495099992,0.152999997,0.349099994,0.349099994,0,0,0,0.287299991,0.457899988,0.00490000006,-0.453000009
0.12402615,0,0.0100021791,-0.000914645498,-0.0401735343,3.26287091e-06,2.66781717e-06,0,-0.099833414,-0.995004177,0,0.0912537426,-0.636453748,0.491082639,0.155410409,0.349099994,0.349099994,0,0,0,0.286494881,0.457899988,0.00490000006,-0.453000009
0.124028578,0,0.0199189894,-0.00187995378,-0.090089485,0,0,0,-0.098234348,-0.995163321,0,0.0869614035,-0.632161438,0.479159474,0.162564337,0.349099994,0.349099994,0,0,0,0.284086078,0.457899988,0.00490000006,-0.453000009
0.124029584,0,0.0296621099,-0.00296401931,-0.119242191,0,0,0,-0.0962470695,-0.995357454,0,0.0799603909,-0.625160396,0.459712207,0.174232677,0.349099994,0.349099994,0,0,0,0.280092567,0.457899988,0.00490000006,-0.453000009
0.124024764,0,0.0391474441,-0.00421335874,-0.157484666,3.2457981e-06,2.68857229e-06,0,-0.093486771,-0.995620549,0,0.0704764351,-0.615676403,0.433367878,0.190039277,0.349099994,0.349099994,0,0,0,0.274546981,0.457899988,0.00490000006,-0.453000009
0.124008179,0,0.0483002141,-0.00567268534,-0.19445771,0,0,0,-0.0899752751,-0.995944023,0,0.0588147938,-0.604014754,0.400974452,0.209475338,0.349099994,0.349099994,0,0,0,0.267494202,0.457899988,0.00490000006,-0.453000009
0.12397261,0,0.0570469983,-0.00737611717,-0.229878053,0,0,0,-0.0857397392,-0.996317565,0,0.0453490019,-0.590548992,0.363569438,0.231918335,0.349099994,0.349099994,0,0,0,0.258990288,0.457899988,0.00490000006,-0.453000009
0.123909868,0,0.065320611,-0.00934778061,-0.263453752,0,0,0,-0.080813773,-0.996729195,0,0.0305124335,-0.575712442,0.32235679,0.256645918,0.349099994,0.349099994,0,0,0,0.249104008,0.457899988,0.00490000006,-0.453000009
0.123811074,0,0.0730555728,-0.0115970299,-0.294886738,0,0,0,-0.0752359852,-0.99716574,0,0.0147809936,-0.559980989,0.27865833,0.282865018,0.349099994,0.349099994,0,0,0,0.237914294,0.457899988,0.00490000006,-0.453000009
0.123667158,0,0.0802049115,-0.0141211562,-0.323956519,0,0,0,-0.0690516531,-0.997613072,0,-0.00133685127,-0.543863118,0.233886525,0.309728086,0.349099994,0.349099994,0,0,0,0.225513279,0.457899988,0.00490000006,-0.453000009
0.123469107,0,0.0867185071,-0.016901847,-0.350412607,0,0,0,-0.0623085909,-0.998056948,0,-0.017326884,-0.527873099,0.18946977,0.336378127,0.349099994,0.349099994,0,0,0,0.211997956,0.457899988,0.00490000006,-0.453000009
0.12320853,0,0.0925546288,-0.0199059974,-0.374034554,0,0,0,-0.0550622791,-0.998482943,0,-0.0326713175,-0.512528718,0.146846354,0.361952215,0.349099994,0.349099994,0,0,0,0.197480276,0.457899988,0.00490000006,-0.453000009
0.122877926,0,0.0976856723,-0.0230872892,-0.394676268,0,0,0,-0.0473696031,-0.998877406,0,-0.0468798615,-0.498320132,0.107378162,0.385633081,0.349099994,0.349099994,0,0,0,0.182074666,0.457899988,0.00490000006,-0.453000009
0.122471169,0,0.102077283,-0.026385637,-0.412144005,0,0,0,-0.0392928794,-0.999227762,0,-0.0594948679,-0.485705137,0.07233648,0.406658113,0.349099994,0.349099994,0,0,0,0.165905982,0.457899988,0.00490000006,-0.453000009
0.121983752,0,0.105700135,-0.0297271274,-0.426270843,0,0,0,-0.0308967885,-0.999522567,0,-0.070111528,-0.475088477,0.0428457521,0.424352556,0.349099994,0.349099994,0,0,0,0.149103403,0.457899988,0.00490000006,-0.453000009
0.121413283,0,0.10852842,-0.0330290161,-0.436946332,0,0,0,-0.0222502574,-0.999752462,0,-0.0783872008,-0.466812789,0.0198577829,0.438145339,0.349099994,0.349099994,0,0,0,0.131804183,0.457899988,0.00490000006,-0.453000009
0.12075951,7.10542736e-15,0.110558979,-0.0362089165,-0.444137901,-3.02000808e-06,-2.93999733e-06,0,-0.0134234615,-0.999909878,0,-0.0840563104,-0.461143702,0.00411024597,0.447593838,0.349099994,0.349099994,0,0,0,0.11414773,0.457899988,0.00490000006,-0.453000009
0.12002442,0,0.111852683,-0.0188792422,-0.447747171,2.99361363e-06,2.96687153e-06,0,-0.00448646862,-0.999989927,0,-0.0869376883,-0.458262324,-0.00389357307,0.452396154,0.349099994,0.349099994,0,0,0,0.0962729678,0.457899988,0.00490000006,-0.453000009
0.12002442,0,0.111852765,0.018878065,-0.44774127,0,0,0,0.004485921,-0.999989927,0,-0.0962723941,-0.457900017,-0.00489993859,0.452999979,0.349099994,0.349099994,0,0,0,0.086938262,0.458262295,0.00389363454,-0.452396184
0.120759465,0,0.110562399,0.0362089016,-0.444155782,0,0,0,0.0134229232,-0.999909937,0,-0.11414665,-0.457899988,-0.00490000006,0.453000009,0.349099994,0.349099994,0,0,0,0.0840566605,0.461143345,-0.00410928484,-0.447594434
0.121413283,0,0.108531773,0.0330302082,-0.436958253,0,0,0,0.0222502574,-0.999752462,0,-0.131804183,-0.457899988,-0.00490000006,0.453000009,0.349099994,0.349099994,0,0,0,0.0783872008,0.466812789,-0.0198577829,-0.438145339
0.121983752,0,0.105693899,0.0297254436,-0.426247001,0,0,0,0.0308967885,-0.999522567,0,-0.149103403,-0.457899988,-0.00490000006,0.453000009,0.349099994,0.349099994,0,0,0,0.070111528,0.475088477,-0.0428457521,-0.424352556
0.122471109,0,0.102071375,0.0263841823,-0.412123144,0,0,0,0.0392918736,-0.999227762,0,-0.165903971,-0.457899988,-0.00490000006,0.453000009,0.349099994,0.349099994,0,0,0,0.0594962873,0.485703707,-0.0723325387,-0.406660467
0.122877881,0,0.0976862609,0.023087969,-0.394682288,2.83574718e-06,3.11808935e-06,0,0.0473686494,-0.998877466,0,-0.182072744,-0.457899988,-0.00490000006,0.453000009,0.349099994,0.349099994,0,0,0,0.0468815006,0.498318493,-0.107373618,-0.385635823
0.1232085,0,0.092560567,0.019907359,-0.374067336,0,0,0,0.0550613664,-0.998482943,0,-0.197478458,-0.457899988,-0.00490000006,0.453000009,0.349099994,0.349099994,0,0,0,0.0326731205,0.51252687,-0.146841347,-0.361955225
0.123469107,0,0.0867192149,0.0169020779,-0.350418568,0,0,0,0.0623085909,-0.998056948,0,-0.211997956,-0.457899988,-0.00490000006,0.453000009,0.349099994,0.349099994,0,0,0,0.017326884,0.527873099,-0.18946977,-0.336378127
0.123667136,0,0.0802048966,0.0141210919,-0.323956519,0,0,0,0.0690508634,-0.997613132,0,-0.2255117,-0.457899988,-0.00490000006,0.453000009,0.349099994,0.349099994,0,0,0,0.00133881089,0.54386121,-0.233881086,-0.309731364
0.123811074,0,0.0730565116,0.0115972869,-0.294886738,0,0,0,0.0752359852,-0.99716574,0,-0.237914294,-0.457899988,-0.00490000006,0.453000009,0.349099994,0.349099994,0,0,0,-0.0147809936,0.559980989,-0.27865833,-0.282865018
0.123909853,0,0.0653171688,0.00934727211,-0.263438851,0,0,0,0.0808131322,-0.996729255,0,-0.249102712,-0.457899988,-0.00490000006,0.453000009,0.349099994,0.349099994,0,0,0,-0.0305105671,0.575710535,-0.322351605,-0.256649017
0.123972602,0,0.0570496134,0.00737668388,-0.229889974,0,0,0,0.0857391804,-0.996317625,0,-0.258989155,-0.457899988,-0.00490000006,0.453000009,0.349099994,0.349099994,0,0,0,-0.0453472733,0.590547264,-0.36356464,-0.231921211
0.124008179,0,0.0483036786,0.00567317475,-0.194469631,0,0,0,0.089975059,-0.995944023,0,-0.267493784,-0.457899988,-0.00490000006,0.453000009,0.349099994,0.349099994,0,0,0,-0.0588140823,0.604014099,-0.400972456,-0.209476531
0.124024764,-7.10542736e-15,0.0391477682,0.00421338901,-0.157484666,2.68857252e-06,3.24579787e-06,0,0.093486771,-0.995620549,0,-0.274546981,-0.457899988,-0.00490000006,0.453000009,0.349099994,0.349099994,0,0,0,-0.0704764351,0.615676403,-0.433367878,-0.190039277
0.124029584,0,0.0296608601,0.00296389335,-0.119236231,0,0,0,0.0962469056,-0.995357513,0,-0.28009221,-0.457899988,-0.00490000006,0.453000009,0.349099994,0.349099994,0,0,0,-0.0799598098,0.6251598,-0.459710628,-0.17423363
0.124028578,0,0.0199193601,0.00187998684,-0.0800312161,0,0,0,0.0982341766,-0.995163321,0,-0.284085691,-0.457899988,-0.00490000006,0.453000009,0.349099994,0.349099994,0,0,0,-0.0869607106,0.632160723,-0.479157537,-0.162565485
0.12402615,0,0.0100036589,0.000910729461,-0.0301122777,0,0,0,0.0994327962,-0.995044291,0,-0.286494702,-0.457899988,-0.00490000006,0.453000009,0.349099994,0.349099994,0,0,0,-0.0912533924,0.63645339,-0.491081655,-0.15541099
0.124025039,0,6.0234521e-07,6.01912049e-08,-0.0100672273,0,0,0,0.0994328707,-0.995044291,0,-0.287299961,-0.457899988,-0.00490000006,0.453000009,0.349099994,0.349099994,0,0,0,-0.0926999152,0.637899935,-0.495099753,-0.153000146
0.12402615,0,-0.0100025041,-0.000914678036,0.0301152505,0,0,0,0.099833414,-0.995004177,0,-0.286494881,-0.457899988,-0.00490000006,0.453000009,0.349099994,0.349099994,0,0,0,-0.0912537426,0.636453748,-0.491082639,-0.155410409
0.124028578,0,-0.019918941,-0.00187994749,0.0900954455,0,0,0,0.0982342735,-0.995163321,0,-0.284085929,-0.457899988,-0.00490000006,0.453000009,0.349099994,0.349099994,0,0,0,-0.0869611353,0.63216114,-0.479158729,-0.162564769
0.124029584,0,-0.0296606272,-0.00296387589,0.119233251,0,0,0,0.0962470695,-0.995357454,0,-0.280092567,-0.457899988,-0.00490000006,0.453000009,0.349099994,0.349099994,0,0,0,-0.0799603909,0.625160396,-0.459712207,-0.174232677
0.124024764,0,-0.0391474441,-0.00421336526,0.157475725,2.68857207e-06,3.24579855e-06,0,0.0934869349,-0.995620489,0,-0.274547338,-0.457899988,-0.00490000006,0.453000009,0.349099994,0.349099994,0,0,0,-0.0704770163,0.615676999,-0.433369458,-0.190038323
0.124008179,0,-0.0483028106,-0.00567292003,0.194469631,0,0,0,0.0899752751,-0.995944023,0,-0.267494202,-0.457899988,-0.00490000006,0.453000009,0.349099994,0.349099994,0,0,0,-0.0588147938,0.604014754,-0.400974452,-0.209475338
0.12397261,0,-0.0570488833,-0.00737645151,0.229881033,0,0,0,0.0857394785,-0.996317565,0,-0.258989751,-0.457899988,-0.00490000006,0.453000009,0.349099994,0.349099994,0,0,0,-0.0453481786,0.590548158,-0.363567173,-0.231919706
0.123909861,0,-0.0653169379,-0.00934727583,0.26343289,0,0,0,0.080813475,-0.996729255,0,-0.249103397,-0.457899988,-0.00490000006,0.453000009,0.349099994,0.349099994,0,0,0,-0.0305115283,0.575711548,-0.322354257,-0.256647438
0.123811081,0,-0.0730560273,-0.0115970895,0.294886738,-2.74757986e-06,-3.19602577e-06,0,0.0752363279,-0.99716574,0,-0.237914979,-0.457899988,-0.00490000006,0.453000009,0.349099994,0.349099994,0,0,0,-0.0147819538,0.559982002,-0.278660983,-0.282863438
0.123667151,0,-0.0802044645,-0.0141209075,0.323950529,0,0,0,0.0690512732,-0.997613132,0,-0.225512534,-0.457899988,-0.00490000006,0.453000009,0.349099994,0.349099994,0,0,0,0.00133783498,0.543862164,-0.233883798,-0.309729725
0.123469122,0,-0.0867161155,-0.016901549,0.350403696,-2.78876928e-06,-3.16016303e-06,0,0.0623090155,-0.998056889,0,-0.211998791,-0.457899988,-0.00490000006,0.453000009,0.349099994,0.349099994,0,0,0,0.0173259079,0.527874053,-0.189472482,-0.336376488
0.12320853,7.10542736e-15,-0.0925600752,-0.0199070442,0.374061376,2.81163898e-06,3.13983878e-06,0,0.0550622791,-0.998482943,0,-0.197480276,-0.457899988,-0.00490000006,0.453000009,0.349099994,0.349099994,0,0,0,0.0326713175,0.512528718,-0.146846354,-0.361952215
0.122877911,0,-0.0976887494,-0.0230881348,0.394694149,0,0,0,0.0473691337,-0.998877466,0,-0.182073727,-0.457899988,-0.00490000006,0.453000009,0.349099994,0.349099994,0,0,0,0.0468807295,0.498319268,-0.107375756,-0.385634542
0.122471139,0,-0.102071218,-0.0263842307,0.412114143,2.86086288e-06,3.0950664e-06,0,0.0392923839,-0.999227762,0,-0.165904999,-0.457899988,-0.00490000006,0.453000009,0.349099994,0.349099994,0,0,0,0.0594956391,0.485704362,-0.0723343417,-0.406659395
0.121983781,0,-0.105693802,-0.0297254939,0.426246971,0,0,0,0.030897297,-0.999522567,0,-0.149104431,-0.457899988,-0.00490000006,0.453000009,0.349099994,0.349099994,0,0,0,0.0701108798,0.475089133,-0.0428475514,-0.424351484
0.121413313,0,-0.108531579,-0.0330298878,0.436955273,0,0,0,0.0222507864,-0.999752402,0,-0.131805241,-0.457899988,-0.00490000006,0.453000009,0.349099994,0.349099994,0,0,0,0.0783866942,0.466813296,-0.0198591854,-0.438144505
0.12075951,-7.10542736e-15,-0.110562257,-0.0362097062,0.444152802,-2.93999733e-06,-3.02000808e-06,0,0.0134234615,-0.999909878,0,-0.11414773,-0.457899988,-0.00490000006,0.453000009,0.349099994,0.349099994,0,0,0,0.0840563104,0.461143702,-0.00411024597,-0.447593838
0.12002442,0,-0.111852698,-0.018879246,0.447744191,2.96687153e-06,2.99361363e-06,0,0.00448646862,-0.999989927,0,-0.0962729678,-0.457899988,-0.00490000006,0.453000009,0.349099994,0.349099994,0,0,0,0.0869376883,0.458262324,0.00389357307,-0.452396154
0.12002442,0,-0.11185278,0.018878065,0.447750211,0,0,0,-0.004485921,-0.999989927,0,-0.086938262,-0.458262295,-0.00389363454,0.452396184,0.349099994,0.349099994,0,0,0,0.0962723941,0.457900017,0.00489993859,-0.452999979
0.120759465,0,-0.110559076,0.0362077393,0.444140881,0,0,0,-0.0134229232,-0.999909937,0,-0.0840566605,-0.461143345,0.00410928484,0.447594434,0.349099994,0.349099994,0,0,0,0.11414665,0.457899988,0.00490000006,-0.453000009
0.121413238,0,-0.108528487,0.0330293328,0.436946332,0,0,0,-0.0222497191,-0.999752462,0,-0.078387551,-0.466812432,0.0198568217,0.438145936,0.349099994,0.349099994,0,0,0,0.13180311,0.457899988,0.00490000006,-0.453000009
0.121983722,0,-0.105697237,0.0297266077,0.426261872,0,0,0,-0.0308962595,-0.999522626,0,-0.0701120347,-0.47508797,0.0428443477,0.424353391,0.349099994,0.349099994,0,0,0,0.149102345,0.457899988,0.00490000006,-0.453000009
0.122471109,0,-0.102077663,0.0263859201,0.412141025,-3.09506527e-06,-2.8608647e-06,0,-0.0392918736,-0.999227762,0,-0.0594962873,-0.485703707,0.0723325387,0.406660467,0.349099994,0.349099994,0,0,0,0.165903971,0.457899988,0.00490000006,-0.453000009
0.122877911,0,-0.0976862535,0.0230880156,0.394682229,3.11809026e-06,2.83574514e-06,0,-0.0473691337,-0.998877466,0,-0.0468807295,-0.498319268,0.107375756,0.385634542,0.349099994,0.349099994,0,0,0,0.182073727,0.457899988,0.00490000006,-0.453000009
0.1232085,0,-0.09255483,0.0199059248,0.374040514,-3.13983651e-06,-2.81164216e-06,0,-0.0550613664,-0.998482943,0,-0.0326731205,-0.51252687,0.146841347,0.361955225,0.349099994,0.349099994,0,0,0,0.197478458,0.457899988,0.00490000006,-0.453000009
0.123469092,0,-0.0867192447,0.0169020426,0.350415677,0,0,0,-0.0623081625,-0.998056948,0,-0.0173278209,-0.527872145,0.189467162,0.336379677,0.349099994,0.349099994,0,0,0,0.211997077,0.457899988,0.00490000006,-0.453000009
0.123667136,0,-0.0802052766,0.0141213043,0.323956519,0,0,0,-0.0690508634,-0.997613132,0,-0.00133881089,-0.54386121,0.233881086,0.309731364,0.349099994,0.349099994,0,0,0,0.2255117,0.457899988,0.00490000006,-0.453000009
0.123811066,0,-0.0730585679,0.0115976017,0.294892728,0,0,0,-0.0752356201,-0.997165799,0,0.0147800092,-0.559980035,0.278655589,0.282866657,0.349099994,0.349099994,0,0,0,0.237913549,0.457899988,0.00490000006,-0.453000009
0.123909861,0,-0.0653213859,0.00934801064,0.263453752,0,0,0,-0.080813475,-0.996729255,0,0.0305115283,-0.575711548,0.322354257,0.256647438,0.349099994,0.349099994,0,0,0,0.249103397,0.457899988,0.00490000006,-0.453000009
0.12397261,0,-0.0570475422,0.00737633603,0.229875073,0,0,0,-0.0857394785,-0.996317565,0,0.0453481786,-0.590548158,0.363567173,0.231919706,0.349099994,0.349099994,0,0,0,0.258989751,0.457899988,0.00490000006,-0.453000009
0.124008179,0,-0.0483004488,0.00567269605,0.19446367,0,0,0,-0.089975059,-0.995944023,0,0.0588140823,-0.604014099,0.400972456,0.209476531,0.349099994,0.349099994,0,0,0,0.267493784,0.457899988,0.00490000006,-0.453000009
0.124024764,0,-0.0391477235,0.00421337597,0.157481685,3.24579764e-06,2.6885732e-06,0,-0.0934865549,-0.995620549,0,0.0704757273,-0.615675747,0.433365881,0.190040469,0.349099994,0.349099994,0,0,0,0.274546564,0.457899988,0.00490000006,-0.453000009
0.124029584,0,-0.0296622496,0.00296402769,0.119245172,0,0,0,-0.0962469056,-0.995357513,0,0.0799598098,-0.6251598,0.459710628,0.17423363,0.349099994,0.349099994,0,0,0,0.28009221,0.457899988,0.00490000006,-0.453000009
0.124028578,0,-0.0199198704,0.00188003725,0.0800341964,0,0,0,-0.0982341766,-0.995163321,0,0.0869607106,-0.632160723,0.479157537,0.162565485,0.349099994,0.349099994,0,0,0,0.284085691,0.457899988,0.00490000006,-0.453000009
0.12402615,0,-0.0100035658,0.000910720963,0.0301182382,0,0,0,-0.0994328707,-0.995044291,0,0.0912536606,-0.636453688,0.4910824,0.155410558,0.349099994,0.349099994,0,0,0,0.286494851,0.457899988,0.00490000006,-0.453000009
0.124025039,0,0,0,0,0,0,0,-0.0994328707,-0.995044291,0,0.0926999152,-0.637899935,0.495099753,0.153000146,0.349099994,0.349099994,0,0,0,0.287299961,0.457899988,0.00490000006,-0.453000009
0.12402615,0,0.0100023616,-0.000910600589,-0.0301122777,0,0,0,-0.0994328707,-0.995044291,0,0.0912536606,-0.636453688,0.4910824,0.155410558,0.349099994,0.349099994,0,0,0,0.286494851,0.457899988,0.00490000006,-0.453000009
0.124028578,0,0.0199180618,-0.00187986228,-0.0800282136,0,0,0,-0.098234348,-0.995163321,0,0.0869614035,-0.632161438,0.479159474,0.162564337,0.349099994,0.349099994,0,0,0,0.284086078,0.457899988,0.00490000006,-0.453000009
0.124029584,0,0.029662108,-0.0029640228,-0.119242206,0,0,0,-0.0962471962,-0.995357454,0,0.0799608156,-0.625160813,0.459713399,0.174231961,0.349099994,0.349099994,0,0,0,0.280092806,0.457899988,0.00490000006,-0.453000009
0.124024764,0,0.039149534,-0.00421355478,-0.157493606,3.2457981e-06,2.68857229e-06,0,-0.093486771,-0.995620549,0,0.0704764351,-0.615676403,0.433367878,0.190039277,0.349099994,0.349099994,0,0,0,0.274546981,0.457899988,0.00490000006,-0.453000009
0.124008179,0,0.0483002178,-0.00567267463,-0.19445771,0,0,0,-0.089975059,-0.995944023,0,0.0588140823,-0.604014099,0.400972456,0.209476531,0.349099994,0.349099994,0,0,0,0.267493784,0.457899988,0.00490000006,-0.453000009
0.12397261,0,0.0570456535,-0.00737600168,-0.229872093,0,0,0,-0.0857397392,-0.996317565,0,0.0453490019,-0.590548992,0.363569438,0.231918335,0.349099994,0.349099994,0,0,0,0.258990288,0.457899988,0.00490000006,-0.453000009
0.123909868,-7.10542736e-15,0.0653184801,-0.00934742112,-0.263438851,-3.21134326e-06,-2.72965372e-06,0,-0.080813773,-0.996729195,0,0.0305124335,-0.575712442,0.32235679,0.256645918,0.349099994,0.349099994,0,0,0,0.249104008,0.457899988,0.00490000006,-0.453000009
0.123811081,0,0.0730555654,-0.011597055,-0.294886738,0,0,0,-0.0752363279,-0.99716574,0,0.0147819538,-0.559982002,0.278660983,0.282863438,0.349099994,0.349099994,0,0,0,0.237914979,0.457899988,0.00490000006,-0.453000009
0.123667158,0,0.0802045092,-0.014120942,-0.323956519,0,0,0,-0.0690516531,-0.997613072,0,-0.00133685127,-0.543863118,0.233886525,0.309728086,0.349099994,0.349099994,0,0,0,0.225513279,0.457899988,0.00490000006,-0.453000009
0.123469122,0,0.0867212117,-0.0169024281,-0.350424558,0,0,0,-0.0623090155,-0.998056889,0,-0.0173259079,-0.527874053,0.189472482,0.336376488,0.349099994,0.349099994,0,0,0,0.211998791,0.457899988,0.00490000006,-0.453000009
0.123208515,0,0.0925571695,-0.0199064706,-0.374049455,3.13983742e-06,2.81164034e-06,0,-0.0550618358,-0.998482943,0,-0.0326722525,-0.512527764,0.146843746,0.361953765,0.349099994,0.349099994,0,0,0,0.197479397,0.457899988,0.00490000006,-0.453000009
0.122877926,0,0.0976829454,-0.0230867863,-0.394664347,0,0,0,-0.0473696031,-0.998877406,0,-0.0468798615,-0.498320132,0.107378162,0.385633081,0.349099994,0.349099994,0,0,0,0.182074666,0.457899988,0.00490000006,-0.453000009
0.122471169,0,0.102074102,-0.0263847671,-0.412132084,3.095068e-06,2.86086174e-06,0,-0.0392928794,-0.999227762,0,-0.0594948679,-0.485705137,0.07233648,0.406658113,0.349099994,0.349099994,0,0,0,0.165905982,0.457899988,0.00490000006,-0.453000009
0.121983781,0,0.10570012,-0.0297271814,-0.426270813,0,0,0,-0.030897297,-0.999522567,0,-0.0701108798,-0.475089133,0.0428475514,0.424351484,0.349099994,0.349099994,0,0,0,0.149104431,0.457899988,0.00490000006,-0.453000009
0.121413283,0,0.108531617,-0.0330298319,-0.436958253,0,0,0,-0.0222502574,-0.999752462,0,-0.0783872008,-0.466812789,0.0198577829,0.438145339,0.349099994,0.349099994,0,0,0,0.131804183,0.457899988,0.00490000006,-0.453000009
0.12075951,7.10542736e-15,0.110555582,-0.0362077542,-0.44412598,-3.02000808e-06,-2.93999733e-06,0,-0.0134234615,-0.999909878,0,-0.0840563104,-0.461143702,0.00411024597,0.447593838,0.349099994,0.349099994,0,0,0,0.11414773,0.457899988,0.00490000006,-0.453000009
0.120024465,0,0.111852668,-0.0188793037,-0.447747171,2.99361523e-06,2.96687017e-06,0,-0.00448701391,-0.999989927,0,-0.0869375169,-0.458262473,-0.00389308459,0.452395856,0.349099994,0.349099994,0,0,0,0.0962740555,0.457899988,0.00490000006,-0.453000009
0.12002442,0,0.111852773,0.0188758299,-0.44774425,0,0,0,0.004485921,-0.999989927,0,-0.0962723941,-0.457900017,-0.00489993859,0.452999979,0.349099994,0.349099994,0,0,0,0.086938262,0.458262295,0.00389363454,-0.452396184
0.12075942,0,0.110559076,0.0362076797,-0.444143862,0,0,0,0.0134223774,-0.999909937,0,-0.114145562,-0.457899988,-0.00490000006,0.453000009,0.349099994,0.349099994,0,0,0,0.0840568319,0.461143196,-0.00410879636,-0.447594732
0.121413238,0,0.108535163,0.0330313444,-0.436970174,0,0,0,0.0222497191,-0.999752462,0,-0.13180311,-0.457899988,-0.00490000006,0.453000009,0.349099994,0.349099994,0,0,0,0.078387551,0.466812432,-0.0198568217,-0.438145936
0.121983752,0,0.105700426,0.0297275092,-0.426270843,0,0,0,0.0308967885,-0.999522567,0,-0.149103403,-0.457899988,-0.00490000006,0.453000009,0.349099994,0.349099994,0,0,0,0.070111528,0.475088477,-0.0428457521,-0.424352556
0.122471139,0,0.10207136,0.0263842344,-0.412123084,0,0,0,0.0392923839,-0.999227762,0,-0.165904999,-0.457899988,-0.00490000006,0.453000009,0.349099994,0.349099994,0,0,0,0.0594956391,0.485704362,-0.0723343417,-0.406659395
0.122877881,0,0.0976830944,0.0230870731,-0.394664407,0,0,0,0.0473686494,-0.998877466,0,-0.182072744,-0.457899988,-0.00490000006,0.453000009,0.349099994,0.349099994,0,0,0,0.0468815006,0.498318493,-0.107373618,-0.385635823
0.1232085,0,0.0925578177,0.0199068356,-0.374058396,0,0,0,0.0550613664,-0.998482943,0,-0.197478458,-0.457899988,-0.00490000006,0.453000009,0.349099994,0.349099994,0,0,0,0.0326731205,0.51252687,-0.146841347,-0.361955225
0.123469092,0,0.0867217705,0.0169025734,-0.350424618,-2.78877224e-06,-3.16016099e-06,0,0.0623081625,-0.998056948,0,-0.211997077,-0.457899988,-0.00490000006,0.453000009,0.349099994,0.349099994,0,0,0,0.0173278209,0.527872145,-0.189467162,-0.336379677
0.123667151,0,0.080205299,0.0141213387,-0.32395947,0,0,0,0.0690512732,-0.997613132,0,-0.225512534,-0.457899988,-0.00490000006,0.453000009,0.349099994,0.349099994,0,0,0,0.00133783498,0.543862164,-0.233883798,-0.309729725
0.123811066,0,0.0730560347,0.0115970373,-0.294883788,-2.74758236e-06,-3.19602418e-06,0,0.0752356201,-0.997165799,0,-0.237913549,-0.457899988,-0.00490000006,0.453000009,0.349099994,0.349099994,0,0,0,-0.0147800092,0.559980035,-0.278655589,-0.282866657
0.123909861,0,0.0653194934,0.00934767071,-0.263444811,0,0,0,0.080813475,-0.996729255,0,-0.249103397,-0.457899988,-0.00490000006,0.453000009,0.349099994,0.349099994,0,0,0,-0.0305115283,0.575711548,-0.322354257,-0.256647438
0.123972602,0,0.0570459217,0.0073761791,-0.229872093,0,0,0,0.0857391804,-0.996317625,0,-0.258989155,-0.457899988,-0.00490000006,0.453000009,0.349099994,0.349099994,0,0,0,-0.0453472733,0.590547264,-0.36356464,-0.231921211
0.124008179,0,0.0483023375,0.00567304064,-0.19446367,0,0,0,0.0899747983,-0.995944023,0,-0.267493248,-0.457899988,-0.00490000006,0.453000009,0.349099994,0.349099994,0,0,0,-0.058813259,0.604013264,-0.400970191,-0.209477901
0.124024764,0,0.0391504094,0.00421362836,-0.157496586,2.68857298e-06,3.24579742e-06,0,0.0934865549,-0.995620549,0,-0.274546564,-0.457899988,-0.00490000006,0.453000009,0.349099994,0.349099994,0,0,0,-0.0704757273,0.615675747,-0.433365881,-0.190040469
0.124029584,0,0.0296622012,0.00296402792,-0.119236231,0,0,0,0.0962470695,-0.995357454,0,-0.280092567,-0.457899988,-0.00490000006,0.453000009,0.349099994,0.349099994,0,0,0,-0.0799603909,0.625160396,-0.459712207,-0.174232677
0.124028578,0,0.0199183412,0.00187988626,-0.0800312161,0,0,0,0.0982341766,-0.995163321,0,-0.284085691,-0.457899988,-0.00490000006,0.453000009,0.349099994,0.349099994,0,0,0,-0.0869607106,0.632160723,-0.479157537,-0.162565485
0.12402615,0,0.0100036589,0.000910729461,-0.0301122777,0,0,0,0.0994327962,-0.995044291,0,-0.286494702,-0.457899988,-0.00490000006,0.453000009,0.349099994,0.349099994,0,0,0,-0.0912533924,0.63645339,-0.491081655,-0.15541099
0.124025039,0,6.0234521e-07,6.01912049e-08,-0.0100672273,0,0,0,0.0994328707,-0.995044291,0,-0.287299961,-0.457899988,-0.00490000006,0.453000009,0.349099994,0.349099994,0,0,0,-0.0926999152,0.637899935,-0.495099753,-0.153000146
0.12402615,0,-0.0100020403,-0.000914631586,0.0301122703,0,0,0,0.099833414,-0.995004177,0,-0.286494881,-0.457899988,-0.00490000006,0.453000009,0.349099994,0.349099994,0,0,0,-0.0912537426,0.636453748,-0.491082639,-0.155410409
0.124028578,0,-0.0199189428,-0.00187994924,0.0900954455,0,0,0,0.098234348,-0.995163321,0,-0.284086078,-0.457899988,-0.00490000006,0.453000009,0.349099994,0.349099994,0,0,0,-0.0869614035,0.632161438,-0.479159474,-0.162564337
0.124029584,0,-0.029661091,-0.00296392059,0.119233251,0,0,0,0.0962470695,-0.995357454,0,-0.280092567,-0.457899988,-0.00490000006,0.453000009,0.349099994,0.349099994,0,0,0,-0.0799603909,0.625160396,-0.459712207,-0.174232677
0.124024764,0,-0.0391474441,-0.00421336526,0.157475725,2.68857207e-06,3.24579855e-06,0,0.0934869349,-0.995620489,0,-0.274547338,-0.457899988,-0.00490000006,0.453000009,0.349099994,0.349099994,0,0,0,-0.0704770163,0.615676999,-0.433369458,-0.190038323
0.124008179,0,-0.0483011901,-0.00567277335,0.19446367,0,0,0,0.0899752751,-0.995944023,0,-0.267494202,-0.457899988,-0.00490000006,0.453000009,0.349099994,0.349099994,0,0,0,-0.0588147938,0.604014754,-0.400974452,-0.209475338
0.12397261,0,-0.0570469983,-0.00737611717,0.229875073,0,0,0,0.0857397392,-0.996317565,0,-0.258990288,-0.457899988,-0.00490000006,0.453000009,0.349099994,0.349099994,0,0,0,-0.0453490019,0.590548992,-0.363569438,-0.231918335
0.123909868,0,-0.0653185546,-0.00934742764,0.263441831,-2.72965349e-06,-3.21134326e-06,0,0.080813773,-0.996729195,0,-0.249104008,-0.457899988,-0.00490000006,0.453000009,0.349099994,0.349099994,0,0,0,-0.0305124335,0.575712442,-0.32235679,-0.256645918
0.123811081,0,-0.0730555877,-0.0115970569,0.294880778,0,0,0,0.0752363279,-0.99716574,0,-0.237914979,-0.457899988,-0.00490000006,0.453000009,0.349099994,0.349099994,0,0,0,-0.0147819538,0.559982002,-0.278660983,-0.282863438
0.123667158,0,-0.0802070051,-0.0141214887,0.32396546,0,0,0,0.0690516531,-0.997613072,0,-0.225513279,-0.457899988,-0.00490000006,0.453000009,0.349099994,0.349099994,0,0,0,0.00133685127,0.543863118,-0.233886525,-0.309728086
0.123469107,0,-0.0867184624,-0.0169018451,0.350409627,0,0,0,0.0623085909,-0.998056948,0,-0.211997956,-0.457899988,-0.00490000006,0.453000009,0.349099994,0.349099994,0,0,0,0.017326884,0.527873099,-0.18946977,-0.336378127
0.12320853,0,-0.092554599,-0.0199059974,0.374043494,0,0,0,0.0550622791,-0.998482943,0,-0.197480276,-0.457899988,-0.00490000006,0.453000009,0.349099994,0.349099994,0,0,0,0.0326713175,0.512528718,-0.146846354,-0.361952215
0.122877926,0,-0.097688742,-0.0230881795,0.394694149,0,0,0,0.0473696031,-0.998877406,0,-0.182074666,-0.457899988,-0.00490000006,0.453000009,0.349099994,0.349099994,0,0,0,0.0468798615,0.498320132,-0.107378162,-0.385633081
0.122471139,0,-0.10207732,-0.0263855867,0.412143946,0,0,0,0.0392923839,-0.999227762,0,-0.165904999,-0.457899988,-0.00490000006,0.453000009,0.349099994,0.349099994,0,0,0,0.0594956391,0.485704362,-0.0723343417,-0.406659395
0.121983752,0,-0.105693817,-0.0297254398,0.426247001,0,0,0,0.0308967885,-0.999522567,0,-0.149103403,-0.457899988,-0.00490000006,0.453000009,0.349099994,0.349099994,0,0,0,0.070111528,0.475088477,-0.0428457521,-0.424352556
0.121413313,0,-0.108528405,-0.033029072,0.436940372,0,0,0,0.0222507864,-0.999752402,0,-0.131805241,-0.457899988,-0.00490000006,0.453000009,0.349099994,0.349099994,0,0,0,0.0783866942,0.466813296,-0.0198591854,-0.438144505
0.12075951,-7.10542736e-15,-0.110558838,-0.0362085402,0.444140881,-2.93999733e-06,-3.02000808e-06,0,0.0134234615,-0.999909878,0,-0.11414773,-0.457899988,-0.00490000006,0.453000009,0.349099994,0.349099994,0,0,0,0.0840563104,0.461143702,-0.00411024597,-0.447593838
0.120024465,7.10542736e-15,-0.111852676,-0.0188793037,0.447744191,2.96686994e-06,2.99361523e-06,0,0.00448701391,-0.999989927,0,-0.0962740555,-0.457899988,-0.00490000006,0.453000009,0.349099994,0.349099994,0,0,0,0.0869375169,0.458262473,0.00389308459,-0.452395856
0.12002442,0,-0.111852787,0.0188758299,0.447750211,0,0,0,-0.004485921,-0.999989927,0,-0.086938262,-0.458262295,-0.00389363454,0.452396184,0.349099994,0.349099994,0,0,0,0.0962723941,0.457900017,0.00489993859,-0.452999979
0.12075942,0,-0.110562436,0.0362088419,0.444152802,0,0,0,-0.0134223774,-0.999909937,0,-0.0840568319,-0.461143196,0.00410879636,0.447594732,0.349099994,0.349099994,0,0,0,0.114145562,0.457899988,0.00490000006,-0.453000009
0.121413283,0,-0.108531848,0.0330305845,0.436958253,0,0,0,-0.0222502574,-0.999752462,0,-0.0783872008,-0.466812789,0.0198577829,0.438145339,0.349099994,0.349099994,0,0,0,0.131804183,0.457899988,0.00490000006,-0.453000009
0.121983722,0,-0.105693914,0.0297253877,0.426249951,0,0,0,-0.0308962595,-0.999522626,0,-0.0701120347,-0.47508797,0.0428443477,0.424353391,0.349099994,0.349099994,0,0,0,0.149102345,0.457899988,0.00490000006,-0.453000009
0.122471109,0,-0.102074578,0.026385054,0.412129104,0,0,0,-0.0392918736,-0.999227762,0,-0.0594962873,-0.485703707,0.0723325387,0.406660467,0.349099994,0.349099994,0,0,0,0.165903971,0.457899988,0.00490000006,-0.453000009
0.122877881,0,-0.0976891741,0.0230884794,0.394694209,3.11808935e-06,2.83574718e-06,0,-0.0473686494,-0.998877466,0,-0.0468815006,-0.498318493,0.107373618,0.385635823,0.349099994,0.349099994,0,0,0,0.182072744,0.457899988,0.00490000006,-0.453000009
0.123208515,0,-0.0925578922,0.0199068822,0.374052435,0,0,0,-0.0550618358,-0.998482943,0,-0.0326722525,-0.512527764,0.146843746,0.361953765,0.349099994,0.349099994,0,0,0,0.197479397,0.457899988,0.00490000006,-0.453000009
0.123469092,-7.10542736e-15,-0.0867188722,0.0169020202,0.350415677,-3.16016099e-06,-2.78877224e-06,0,-0.0623081625,-0.998056948,0,-0.0173278209,-0.527872145,0.189467162,0.336379677,0.349099994,0.349099994,0,0,0,0.211997077,0.457899988,0.00490000006,-0.453000009
0.123667151,0,-0.0802052766,0.0141213369,0.32395649,0,0,0,-0.0690512732,-0.997613132,0,-0.00133783498,-0.543862164,0.233883798,0.309729725,0.349099994,0.349099994,0,0,0,0.225512534,0.457899988,0.00490000006,-0.453000009
0.123811066,0,-0.0730539188,0.0115966909,0.294871867,0,0,0,-0.0752356201,-0.997165799,0,0.0147800092,-0.559980035,0.278655589,0.282866657,0.349099994,0.349099994,0,0,0,0.237913549,0.457899988,0.00490000006,-0.453000009
0.123909853,0,-0.0653195009,0.00934764836,0.263447791,0,0,0,-0.0808131322,-0.996729255,0,0.0305105671,-0.575710535,0.322351605,0.256649017,0.349099994,0.349099994,0,0,0,0.249102712,0.457899988,0.00490000006,-0.453000009
0.123972602,0,-0.0570496693,0.00737668853,0.229886994,0,0,0,-0.0857391804,-0.996317625,0,0.0453472733,-0.590547264,0.36356464,0.231921211,0.349099994,0.349099994,0,0,0,0.258989155,0.457899988,0.00490000006,-0.453000009
0.124008179,0,-0.0483023375,0.00567305321,0.194472611,0,0,0,-0.089975059,-0.995944023,0,0.0588140823,-0.604014099,0.400972456,0.209476531,0.349099994,0.349099994,0,0,0,0.267493784,0.457899988,0.00490000006,-0.453000009
0.124024764,0,-0.0391477235,0.00421337597,0.157481685,3.24579764e-06,2.6885732e-06,0,-0.0934865549,-0.995620549,0,0.0704757273,-0.615675747,0.433365881,0.190040469,0.349099994,0.349099994,0,0,0,0.274546564,0.457899988,0.00490000006,-0.453000009
0.124029584,0,-0.0296622496,0.00296402769,0.119245172,0,0,0,-0.0962469056,-0.995357513,0,0.0799598098,-0.6251598,0.459710628,0.17423363,0.349099994,0.349099994,0,0,0,0.28009221,0.457899988,0.00490000006,-0.453000009
0.124028578,0,-0.0199194066,0.0018799915,0.0800282359,0,0,0,-0.0982341766,-0.995163321,0,0.0869607106,-0.632160723,0.479157537,0.162565485,0.349099994,0.349099994,0,0,0,0.284085691,0.457899988,0.00490000006,-0.453000009
0.12402615,0,-0.0100037511,0.000910738716,0.0401795059,3.26179656e-06,2.66913116e-06,0,-0.0994327962,-0.995044291,0,0.0912533924,-0.63645339,0.491081655,0.15541099,0.349099994,0.349099994,0,0,0,0.286494702,0.457899988,0.00490000006,-0.453000009
0.124025039,0,-4.63334914e-07,4.64885588e-08,2.98023224e-06,0,0,0,-0.099833414,-0.995004177,0,0.0926999971,-0.637899995,0.495099992,0.152999997,0.349099994,0.349099994,0,0,0,0.287299991,0.457899988,0.00490000006,-0.453000009
0.12402615,0,0.0100030098,-0.000910665374,-0.0401735455,3.26179702e-06,2.66913094e-06,0,-0.0994328707,-0.995044291,0,0.0912536606,-0.636453688,0.4910824,0.155410558,0.349099994,0.349099994,0,0,0,0.286494851,0.457899988,0.00490000006,-0.453000009
0.124028578,0,0.0199180637,-0.00187986076,-0.0800282136,0,0,0,-0.0982342735,-0.995163321,0,0.0869611353,-0.63216114,0.479158729,0.162564769,0.349099994,0.349099994,0,0,0,0.284085929,0.457899988,0.00490000006,-0.453000009
0.124029584,0,0.0296605788,-0.00296387495,-0.119233266,0,0,0,-0.0962471962,-0.995357454,0,0.0799608156,-0.625160813,0.459713399,0.174231961,0.349099994,0.349099994,0,0,0,0.280092806,0.457899988,0.00490000006,-0.453000009
0.124024764,0,0.0391481817,-0.00421343418,-0.157487646,3.24579855e-06,2.68857207e-06,0,-0.0934869349,-0.995620489,0,0.0704770163,-0.615676999,0.433369458,0.190038323,0.349099994,0.349099994,0,0,0,0.274547338,0.457899988,0.00490000006,-0.453000009
0.124008179,0,0.0483028591,-0.00567292422,-0.19446665,0,0,0,-0.0899752751,-0.995944023,0,0.0588147938,-0.604014754,0.400974452,0.209475338,0.349099994,0.349099994,0,0,0,0.267494202,0.457899988,0.00490000006,-0.453000009
0.12397261,0,0.0570488907,-0.00737645198,-0.229884014,0,0,0,-0.0857394785,-0.996317565,0,0.0453481786,-0.590548158,0.363567173,0.231919706,0.349099994,0.349099994,0,0,0,0.258989751,0.457899988,0.00490000006,-0.453000009
0.123909861,0,0.0653169155,-0.00934727397,-0.26343587,0,0,0,-0.080813475,-0.996729255,0,0.0305115283,-0.575711548,0.322354257,0.256647438,0.349099994,0.349099994,0,0,0,0.249103397,0.457899988,0.00490000006,-0.453000009
0.123811081,0,0.0730536729,-0.0115967253,-0.294880778,0,0,0,-0.0752363279,-0.99716574,0,0.0147819538,-0.559982002,0.278660983,0.282863438,0.349099994,0.349099994,0,0,0,0.237914979,0.457899988,0.00490000006,-0.453000009
0.123667158,0,0.0802045092,-0.014120942,-0.323956519,0,0,0,-0.0690516531,-0.997613072,0,-0.00133685127,-0.543863118,0.233886525,0.309728086,0.349099994,0.349099994,0,0,0,0.225513279,0.457899988,0.00490000006,-0.453000009
0.123469122,0,0.0867212117,-0.0169024281,-0.350424558,0,0,0,-0.0623090155,-0.998056889,0,-0.0173259079,-0.527874053,0.189472482,0.336376488,0.349099994,0.349099994,0,0,0,0.211998791,0.457899988,0.00490000006,-0.453000009
0.123208515,0,0.0925571695,-0.0199064706,-0.374049455,3.13983742e-06,2.81164034e-06,0,-0.0550618358,-0.998482943,0,-0.0326722525,-0.512527764,0.146843746,0.361953765,0.349099994,0.349099994,0,0,0,0.197479397,0.457899988,0.00490000006,-0.453000009
0.122877926,0,0.0976829454,-0.0230867863,-0.394664347,0,0,0,-0.0473696031,-0.998877406,0,-0.0468798615,-0.498320132,0.107378162,0.385633081,0.349099994,0.349099994,0,0,0,0.182074666,0.457899988,0.00490000006,-0.453000009
0.122471169,0,0.102074102,-0.0263847671,-0.412132084,3.095068e-06,2.86086174e-06,0,-0.0392928794,-0.999227762,0,-0.0594948679,-0.485705137,0.07233648,0.406658113,0.349099994,0.349099994,0,0,0,0.165905982,0.457899988,0.00490000006,-0.453000009
0.121983781,0,0.10570012,-0.0297271814,-0.426270813,0,0,0,-0.030897297,-0.999522567,0,-0.0701108798,-0.475089133,0.0428475514,0.424351484,0.349099994,0.349099994,0,0,0,0.149104431,0.457899988,0.00490000006,-0.453000009
0.121413283,0,0.108528256,-0.0330290124,-0.436943352,0,0,0,-0.0222502574,-0.999752462,0,-0.0783872008,-0.466812789,0.0198577829,0.438145339,0.349099994,0.349099994,0,0,0,0.131804183,0.457899988,0.00490000006,-0.453000009
0.120759539,-7.10542736e-15,0.110555559,-0.03620781,-0.44412604,-3.02001013e-06,-2.93999619e-06,0,-0.0134240035,-0.999909878,0,-0.0840559676,-0.46114403,0.00411120756,0.447593302,0.349099994,0.349099994,0,0,0,0.114148803,0.457899988,0.00490000006,-0.453000009
0.120024465,0,0.111859478,-0.0188800804,-0.447771013,2.99361523e-06,2.96687017e-06,0,-0.00448701391,-0.999989927,0,-0.0869375169,-0.458262473,-0.00389308459,0.452395856,0.349099994,0.349099994,0,0,0,0.0962740555,0.457899988,0.00490000006,-0.453000009
0.12002442,0,0.111856177,0.0188770238,-0.447756112,0,0,0,0.00448646862,-0.999989927,0,-0.0962729678,-0.457899988,-0.00490000006,0.453000009,0.349099994,0.349099994,0,0,0,0.0869376883,0.458262324,0.00389357307,-0.452396154
0.120759465,0,0.110552289,0.0362069011,-0.444114059,0,0,0,0.0134229232,-0.999909937,0,-0.11414665,-0.457899988,-0.00490000006,0.453000009,0.349099994,0.349099994,0,0,0,0.0840566605,0.461143345,-0.00410928484,-0.447594434
0.121413209,0,0.108528517,0.0330292732,-0.436943412,0,0,0,0.0222491827,-0.999752462,0,-0.131802022,-0.457899988,-0.00490000006,0.453000009,0.349099994,0.349099994,0,0,0,0.0783878937,0.466812104,-0.0198558606,-0.438146472
0.121983722,0,0.105703786,0.0297283009,-0.426285714,0,0,0,0.0308962595,-0.999522626,0,-0.149102345,-0.457899988,-0.00490000006,0.453000009,0.349099994,0.349099994,0,0,0,0.0701120347,0.47508797,-0.0428443477,-0.424353391
0.122471139,0,0.10207767,0.0263859741,-0.412146926,-2.86086288e-06,-3.0950664e-06,0,0.0392923839,-0.999227762,0,-0.165904999,-0.457899988,-0.00490000006,0.453000009,0.349099994,0.349099994,0,0,0,0.0594956391,0.485704362,-0.0723343417,-0.406659395
0.122877911,0,0.097683087,0.0230871197,-0.394664347,0,0,0,0.0473691337,-0.998877466,0,-0.182073727,-0.457899988,-0.00490000006,0.453000009,0.349099994,0.349099994,0,0,0,0.0468807295,0.498319268,-0.107375756,-0.385634542
0.1232085,-7.10542736e-15,0.0925547928,0.0199059211,-0.374040514,-2.81164193e-06,-3.13983628e-06,0,0.0550613664,-0.998482943,0,-0.197478458,-0.457899988,-0.00490000006,0.453000009,0.349099994,0.349099994,0,0,0,0.0326731205,0.51252687,-0.146841347,-0.361955225
0.123469092,0,0.0867192224,0.0169020407,-0.350418657,0,0,0,0.0623081625,-0.998056948,0,-0.211997077,-0.457899988,-0.00490000006,0.453000009,0.349099994,0.349099994,0,0,0,0.0173278209,0.527872145,-0.189467162,-0.336379677
0.123667136,0,0.080205299,0.0141213061,-0.3239595,0,0,0,0.0690508634,-0.997613132,0,-0.2255117,-0.457899988,-0.00490000006,0.453000009,0.349099994,0.349099994,0,0,0,0.00133881089,0.54386121,-0.233881086,-0.309731364
0.123811066,0,0.0730585903,0.0115976036,-0.294895709,0,0,0,0.0752356201,-0.997165799,0,-0.237913549,-0.457899988,-0.00490000006,0.453000009,0.349099994,0.349099994,0,0,0,-0.0147800092,0.559980035,-0.278655589,-0.282866657
0.123909861,0,0.0653194934,0.00934767071,-0.263444811,0,0,0,0.080813475,-0.996729255,0,-0.249103397,-0.457899988,-0.00490000006,0.453000009,0.349099994,0.349099994,0,0,0,-0.0305115283,0.575711548,-0.322354257,-0.256647438
0.123972602,0,0.0570459217,0.0073761791,-0.229872093,0,0,0,0.0857391804,-0.996317625,0,-0.258989155,-0.457899988,-0.00490000006,0.453000009,0.349099994,0.349099994,0,0,0,-0.0453472733,0.590547264,-0.36356464,-0.231921211
0.124008179,0,0.0483023375,0.00567304064,-0.19446367,0,0,0,0.0899747983,-0.995944023,0,-0.267493248,-0.457899988,-0.00490000006,0.453000009,0.349099994,0.349099994,0,0,0,-0.058813259,0.604013264,-0.400970191,-0.209477901
0.124024764,0,0.0391504094,0.00421362836,-0.157496586,2.68857298e-06,3.24579742e-06,0,0.0934865549,-0.995620549,0,-0.274546564,-0.457899988,-0.00490000006,0.453000009,0.349099994,0.349099994,0,0,0,-0.0704757273,0.615675747,-0.433365881,-0.190040469
0.124029584,0,0.0296622012,0.00296402792,-0.119236231,0,0,0,0.0962470695,-0.995357454,0,-0.280092567,-0.457899988,-0.00490000006,0.453000009,0.349099994,0.349099994,0,0,0,-0.0799603909,0.625160396,-0.459712207,-0.174232677
0.124028578,0,0.0199183412,0.00187988626,-0.0800312161,0,0,0,0.0982341766,-0.995163321,0,-0.284085691,-0.457899988,-0.00490000006,0.453000009,0.349099994,0.349099994,0,0,0,-0.0869607106,0.632160723,-0.479157537,-0.162565485
0.12402615,0,0.0100037977,0.000910743373,-0.0401735455,2.66913094e-06,3.26179679e-06,0,0.0994327962,-0.995044291,0,-0.286494702,-0.457899988,-0.00490000006,0.453000009,0.349099994,0.349099994,0,0,0,-0.0912533924,0.63645339,-0.491081655,-0.15541099
0.124025039,0,4.63334914e-07,4.64885588e-08,-5.96046448e-06,0,0,0,0.099833414,-0.995004177,0,-0.287299991,-0.457899988,-0.00490000006,0.453000009,0.349099994,0.349099994,0,0,0,-0.0926999971,0.637899995,-0.495099992,-0.152999997
0.12402615,0,-0.0100020831,-0.000910572766,0.0401765257,0,0,0,0.0994328707,-0.995044291,0,-0.286494851,-0.457899988,-0.00490000006,0.453000009,0.349099994,0.349099994,0,0,0,-0.0912536606,0.636453688,-0.4910824,-0.155410558
0.124028578,0,-0.0199180152,-0.0018798596,0.0800252408,0,0,0,0.0982344449,-0.995163321,0,-0.284086198,-0.457899988,-0.00490000006,0.453000009,0.349099994,0.349099994,0,0,0,-0.0869616568,0.632161617,-0.47916016,-0.16256389
0.124029584,0,-0.0296625718,-0.00296406774,0.119242206,0,0,0,0.0962471962,-0.995357454,0,-0.280092806,-0.457899988,-0.00490000006,0.453000009,0.349099994,0.349099994,0,0,0,-0.0799608156,0.625160813,-0.459713399,-0.174231961
0.124024764,-7.10542736e-15,-0.0391495787,-0.00421355898,0.157487646,2.68857252e-06,3.24579787e-06,0,0.093486771,-0.995620549,0,-0.274546981,-0.457899988,-0.00490000006,0.453000009,0.349099994,0.349099994,0,0,0,-0.0704764351,0.615676403,-0.433367878,-0.190039277
0.124008179,0,-0.0483001731,-0.0056726709,0.19445771,0,0,0,0.089975059,-0.995944023,0,-0.267493784,-0.457899988,-0.00490000006,0.453000009,0.349099994,0.349099994,0,0,0,-0.0588140823,0.604014099,-0.400972456,-0.209476531
0.12397261,0,-0.0570456535,-0.00737600168,0.229869112,0,0,0,0.0857397392,-0.996317565,0,-0.258990288,-0.457899988,-0.00490000006,0.453000009,0.349099994,0.349099994,0,0,0,-0.0453490019,0.590548992,-0.363569438,-0.231918335
0.123909868,0,-0.0653185546,-0.00934742764,0.263441831,-2.72965349e-06,-3.21134326e-06,0,0.080813773,-0.996729195,0,-0.249104008,-0.457899988,-0.00490000006,0.453000009,0.349099994,0.349099994,0,0,0,-0.0305124335,0.575712442,-0.32235679,-0.256645918
0.123811081,0,-0.0730579272,-0.0115974192,0.294892699,-2.74757986e-06,-3.19602577e-06,0,0.0752363279,-0.99716574,0,-0.237914979,-0.457899988,-0.00490000006,0.453000009,0.349099994,0.349099994,0,0,0,-0.0147819538,0.559982002,-0.278660983,-0.282863438
0.123667151,0,-0.0802044645,-0.0141209075,0.323950529,0,0,0,0.0690512732,-0.997613132,0,-0.225512534,-0.457899988,-0.00490000006,0.453000009,0.349099994,0.349099994,0,0,0,0.00133783498,0.543862164,-0.233883798,-0.309729725
0.123469122,2.84217094e-14,-0.086715132,-0.0169173516,0.351345479,-0.000102481506,0.0018806858,0,0.0623090155,-0.998056889,0,-0.211998791,-0.457899988,-0.00490000006,0.453000009,0.349099994,0.349099994,0,0,0,0.0173259079,0.527874053,-0.189472482,-0.336376488
0.123207897,-7.04749255e-06,-0.0925496295,-0.0200532973,0.381276786,-0.000714190188,0.014441587,3.49938634e-10,0.0550246537,-0.998484969,0.000105509564,-0.197533026,-0.457895756,-0.00489149941,0.453004241,0.349764079,0.348458529,0.000135654715,-9.04364788e-05,0.000105509564,0.0326185636,0.512524426,-0.146854833,-0.361956447
0.122871906,-5.70722696e-05,-0.0976661742,-0.0236146059,0.417043895,-0.00194274075,0.0446884781,6.40428988e-10,0.047080718,-0.998891115,0.000809786026,-0.182479575,-0.457835048,-0.00477009965,0.453064948,0.351746082,0.346627444,0.00104115368,-0.000694102142,0.000809786026,0.0464749672,0.498255223,-0.107508063,-0.38569805
0.122448288,-0.000192112057,-0.102044255,-0.0276193395,0.457416892,-0.00323852687,0.090542227,9.93149674e-10,0.0383612588,-0.999263942,0.00261050207,-0.167211235,-0.457588255,-0.00427649869,0.453311771,0.355012745,0.343746632,0.00335635967,-0.0022375728,0.00261050207,0.0581896193,0.485393375,-0.0729599744,-0.406969875
0.121924527,-0.00044783359,-0.105685763,-0.0320158675,0.500053108,-0.00394319464,0.1475254,1.49767099e-09,0.0287975166,-0.999585271,0.00588344829,-0.152047172,-0.456972897,-0.00304579525,0.45392713,0.359504461,0.339956284,0.00756443432,-0.00504295668,0.00588344829,0.067168504,0.474162668,-0.0447035544,-0.425277501
0.121289924,-0.000848591386,-0.108584069,-0.0366854854,0.54245156,-0.00351971504,0.210930005,1.27987476e-09,0.0183675829,-0.999831319,0.0108752158,-0.137242854,-0.455786526,-0.000672989816,0.45511353,0.365134746,0.335395634,0.0139824208,-0.00932161417,0.0108752158,0.0729490817,0.464699805,-0.0240861978,-0.440257996
0.120537132,-0.00140360999,-0.110737786,-0.0414588787,0.582157433,-0.00158431509,0.275974512,8.49541881e-10,0.00710325502,-0.999974787,0.017697541,-0.122996494,-0.453840494,0.00321903848,0.457059532,0.371786922,0.330205441,0.0227539819,-0.0151693225,0.017697541,0.0752075464,0.457084179,-0.0122292843,-0.451653391
0.119663075,-0.00157786149,-0.084037438,-0.0309320949,0.504618943,0.00195944915,0.338005006,2.07552711e-10,-0.00491737155,-0.9999879,0.0263308473,-0.10943839,-0.450990915,0.00891818944,0.459909081,0.379317343,0.324524999,0.0338539481,-0.0225692987,0.0263308473,0.0737722591,0.451353222,-0.00992461573,-0.459305227
0.119283333,-0.00073351193,-0.0282086413,-0.0134017644,0.308491349,0.00529470574,0.392615438,-2.14608192e-10,-0.0130806174,-0.999914467,0.0366267748,-0.105613388,-0.44716531,0.0165693779,0.463734686,0.387553632,0.318494946,0.047091566,-0.0313943774,0.0366267748,0.0689866096,0.44716531,-0.0165693779,-0.463734686
0.11911229,5.25510989e-11,-0.000163265839,-0.00945989694,0.218029857,0.0076062968,0.435981244,2.48005949e-09,-0.0172561612,-0.999851108,0.0483196415,-0.111459821,-0.442381024,0.0261379555,0.468518972,0.396298468,0.31225574,0.0621252544,-0.0414168388,0.0483196415,0.0631401837,0.442381024,-0.0261379555,-0.468518972
0.118904881,-2.06959554e-11,-0.000242228329,-0.0111085968,0.232384205,0.0101778051,0.464653373,7.54210472e-10,-0.021800302,-0.999762356,0.0610456727,-0.117822833,-0.43675226,0.0373954847,0.474147737,0.405336201,0.305945009,0.0784872919,-0.0523248613,0.0610456727,0.0567771643,0.43675226,-0.0373954847,-0.474147737
0.118667841,-6.96236818e-11,-0.000327108603,-0.0123164961,0.238028631,0.0126412315,0.475870997,-9.33222055e-10,-0.0265492145,-0.999647498,0.0743465349,-0.124473266,-0.430495352,0.0499092713,0.480404645,0.414426357,0.299705058,0.095588401,-0.0637256056,0.0743465349,0.0501267314,0.430495352,-0.0499092713,-0.480404645
0.118412048,2.63345318e-11,-0.00040378116,-0.0128867188,0.234015331,0.0146123283,0.467791587,-2.18577142e-10,-0.0313177891,-0.999509454,0.0877041519,-0.131152079,-0.423912436,0.0630751029,0.486987561,0.423318744,0.293675005,0.112762481,-0.0751749873,0.0877041519,0.0434479229,0.423912436,-0.0630751029,-0.486987561
0.118152119,5.28048577e-11,-0.00045473245,-0.0126567027,0.219825789,0.0156987775,0.439350814,1.53078727e-09,-0.0359050669,-0.999355197,0.100555785,-0.137577891,-0.417374879,0.0761502311,0.493525088,0.431752443,0.287995219,0.129286021,-0.0861906782,0.100555785,0.0370221026,0.417374879,-0.0761502311,-0.493525088
0.117905453,9.74190173e-12,-0.000462467724,-0.011522173,0.195362002,0.0155550297,0.390410423,2.28613417e-09,-0.040104825,-0.999195457,0.112323634,-0.143461823,-0.411293536,0.0883129537,0.49960649,0.43946439,0.282804936,0.144416094,-0.0962773934,0.112323634,0.0311381854,0.411293536,-0.0883129537,-0.49960649
0.117690861,-4.34061695e-13,-0.000413950533,-0.00946063641,0.161019593,0.0139496522,0.321735561,-4.58369592e-11,-0.0437132195,-0.99904412,0.122436002,-0.148518011,-0.406088054,0.0987238437,0.504811943,0.446191818,0.278244466,0.157417729,-0.104945146,0.122436002,0.026081996,0.406088054,-0.0987238437,-0.504811943
0.117526665,8.55436555e-11,-0.000305015506,-0.00654680142,0.117664412,0.0108368807,0.235071525,9.0632285e-10,-0.0465395562,-0.998916447,0.130357847,-0.152478918,-0.40214929,0.106601402,0.508750677,0.451680273,0.274453551,0.167602941,-0.111735292,0.130357847,0.0221210774,0.40214929,-0.106601402,-0.508750677
0.117428705,1.27721072e-11,-0.000143420868,-0.00295887701,0.0666128621,0.00638095057,0.133077145,5.10718523e-10,-0.0484145842,-0.998827338,0.135613829,-0.155106917,-0.39980495,0.11129012,0.511095107,0.455687284,0.271572828,0.174360648,-0.116240419,0.135613829,0.0194930863,0.39980495,-0.11129012,-0.511095107
0.117408171,1.10262358e-13,5.09083475e-05,0.00103344629,0.00966316927,0.000942479353,0.0193028841,-1.06564632e-10,-0.0492011011,-0.998788893,0.137818709,-0.15620935,-0.399285018,0.11232999,0.511614978,0.457990974,0.269741625,0.177195489,-0.118130326,0.137818709,0.0183906406,0.399285018,-0.11232999,-0.511614978
0.117470093,1.96080478e-11,0.000225291835,0.00461106515,-0.0407969169,-0.00395009574,-0.08149831,-1.1102288e-09,-0.0488007441,-0.998808563,0.136696354,-0.155648172,-0.400698245,0.109503478,0.510201752,0.458392024,0.26910004,0.175752446,-0.1171683,0.136696354,0.0189518258,0.400698245,-0.109503478,-0.510201752
0.117592834,-2.44040881e-11,0.00033451349,0.00702389656,-0.0720814392,-0.00682706153,-0.144006342,3.23827964e-10,-0.0475711748,-0.998867869,0.133249566,-0.153924793,-0.403546631,0.103806816,0.507353365,0.457653493,0.26910001,0.171320856,-0.114213906,0.133249566,0.0206752215,0.403546631,-0.103806816,-0.507353365
0.117751367,1.52034635e-11,0.000397509488,0.00864732545,-0.0927871913,-0.00848330371,-0.185378909,-8.76024142e-10,-0.045920603,-0.998945117,0.128622919,-0.151611447,-0.40725553,0.0963889137,0.503644466,0.456662059,0.26910001,0.165372342,-0.110248223,0.128622919,0.0229885392,0.40725553,-0.0963889137,-0.503644466
0.117939092,4.3886509e-12,0.000435244467,0.00991313159,-0.112668514,-0.00983805675,-0.225118265,-4.42284764e-10,-0.0438635908,-0.999037504,0.122857466,-0.148728728,-0.41169402,0.0875119939,0.499206007,0.455426574,0.26910001,0.157959595,-0.105306394,0.122857466,0.0258712675,0.41169402,-0.0875119939,-0.499206007
0.118148275,-4.63825575e-11,0.000446675753,0.0107752746,-0.131560296,-0.0108467359,-0.262883991,7.27144622e-10,-0.0414182395,-0.999141872,0.116004229,-0.145302117,-0.416705161,0.0774897039,0.494194835,0.453958035,0.26910001,0.1491483,-0.0994322002,0.116004229,0.0292978846,0.416705161,-0.0774897039,-0.494194835
0.118370473,9.80491105e-11,0.000432922156,0.0112055102,-0.149265856,-0.0114726806,-0.298304081,-3.64477559e-10,-0.0386059135,-0.999254525,0.108123429,-0.141361713,-0.422112226,0.0666755661,0.48878777,0.452269316,0.26910001,0.139015839,-0.0926772207,0.108123429,0.033238288,0.422112226,-0.0666755661,-0.48878777
0.118596829,4.97718741e-11,0.000397179276,0.0111962091,-0.16565612,-0.0116921552,-0.331101149,7.39916461e-10,-0.0354521424,-0.99937135,0.0992867947,-0.1369434,-0.427722812,0.0554543585,0.483177185,0.450375706,0.26910001,0.127654463,-0.0851029679,0.0992867947,0.0376566015,0.427722812,-0.0554543585,-0.483177185
0.118818603,4.54274292e-11,0.000344234984,0.0107572302,-0.180609435,-0.0114981066,-0.36102441,1.31162936e-09,-0.0319838785,-0.999488413,0.0895701349,-0.13208507,-0.433340341,0.0442193039,0.477559656,0.448293626,0.26910001,0.11516159,-0.076774396,0.0895701349,0.0425149351,0.433340341,-0.0442193039,-0.477559656
0.119027339,-3.49198968e-11,0.000279892382,0.00991016347,-0.193931773,-0.0109054158,-0.387717575,3.11406734e-10,-0.0282316599,-0.999601424,0.0790591314,-0.126829565,-0.438766301,0.0333674252,0.472133726,0.446041256,0.26910001,0.101647452,-0.0677649677,0.0790591314,0.0477704331,0.438766301,-0.0333674252,-0.472133726
0.119215168,-5.77061359e-12,0.000210694183,0.00869320612,-0.205526382,-0.00991354417,-0.410927027,6.63612443e-10,-0.024229534,-0.999706447,0.0678493306,-0.121224664,-0.443807542,0.0232848898,0.467092454,0.443639129,0.26910001,0.0872348547,-0.0581565723,0.0678493306,0.0533753335,0.443807542,-0.0232848898,-0.467092454
0.119375169,-1.19446753e-11,0.000143285593,0.00715820165,-0.215323299,-0.0085827224,-0.43056345,3.12730064e-09,-0.0200130399,-0.999799728,0.0560402423,-0.115320124,-0.448286146,0.0143277096,0.462613851,0.441108614,0.26910001,0.0720517412,-0.0480344966,0.0560402423,0.0592798777,0.448286146,-0.0143277096,-0.462613851
0.119501553,-3.35877983e-12,8.37217158e-05,0.00535985269,-0.223229721,-0.00694102701,-0.446396202,6.26578789e-10,-0.015618247,-0.999878049,0.0437328555,-0.109166428,-0.452045172,0.00680962391,0.458854795,0.438471317,0.26910001,0.056227956,-0.0374853052,0.0437328555,0.0654335767,0.452045172,-0.00680962391,-0.458854795
0.11958959,5.1838321e-12,3.72281829e-05,0.00335814315,-0.229138359,-0.00505765807,-0.458239853,1.53032342e-09,-0.0110851238,-0.999938548,0.0310389809,-0.102819495,-0.45495072,0.000998540665,0.455949277,0.43575123,0.26910001,0.0399072617,-0.0266048405,0.0310389809,0.0717805102,0.45495072,-0.000998540665,-0.455949277
0.119635887,-6.12338348e-12,7.86561577e-06,0.00121888972,-0.23301807,-0.0029986368,-0.466024607,9.30012317e-11,-0.00645334646,-0.999979198,0.0180694982,-0.096334748,-0.456900477,-0.00290097902,0.453999519,0.432972044,0.26910001,0.0232322123,-0.0154881421,0.0180694982,0.0782652497,0.456900477,0.00290097902,-0.453999519
0.119638346,-4.26057471e-14,2.65571202e-07,0.000150501495,-0.23482424,-0.000825669966,-0.469641924,2.83091411e-10,-0.00176457246,-0.99999845,0.00494080503,-0.089770399,-0.457825273,-0.00475054188,0.453074723,0.430158734,0.26910001,0.0063524642,-0.00423497614,0.00494080503,0.0848295987,0.457825273,0.00475054188,-0.453074723
0.119641908,1.33062913e-13,7.33702564e-07,-0.000249593373,-0.234567568,0.0013753433,-0.469124675,5.33116495e-10,0.00293957884,-0.999995708,-0.00823083147,-0.083184585,-0.457692593,-0.00448516011,0.453207433,0.427336246,0.26910001,-0.0105824973,0.00705499761,-0.00823083147,0.0914154127,0.457692593,0.00448516011,-0.453207433
0.119628362,1.02708762e-11,1.34298889e-05,-0.00176294253,-0.232241675,0.00352227548,-0.464451581,1.80167203e-09,0.00761792576,-0.999970973,-0.0213303939,-0.0766348019,-0.456507146,-0.00211430993,0.454392821,0.424529195,0.26910001,-0.02742479,0.0182831939,-0.0213303939,0.0979651958,0.456507146,0.00211430993,-0.454392821
0.119571388,-1.17563988e-11,4.7370213e-05,-0.00387345324,-0.22783871,0.00554818241,-0.455643266,1.53617674e-09,0.0122286584,-0.999925256,-0.0342410952,-0.070179455,-0.454310834,0.00227834401,0.456589192,0.421762615,0.26910001,-0.0440242663,0.0293495115,-0.0342410952,0.104420558,0.454310834,-0.00227834401,-0.456589192
0.119473413,-3.40668271e-12,9.75614821e-05,-0.00583038013,-0.221435517,0.00737433229,-0.44279024,2.08756101e-09,0.0167308748,-0.999860048,-0.0468486287,-0.0638756901,-0.451181203,0.0085375756,0.459718764,0.419061035,0.26910001,-0.0602339543,0.0401559696,-0.0468486287,0.110724315,0.451181203,-0.0085375756,-0.459718764
0.11933814,-8.42516812e-13,0.000159629402,-0.00756922457,-0.213060036,0.00894534215,-0.426022917,1.13634979e-09,0.0210846402,-0.999777675,-0.0590413772,-0.0577793159,-0.447228909,0.0164422002,0.463671088,0.416448265,0.26910001,-0.0759103298,0.0506068915,-0.0590413772,0.116820686,0.447228909,-0.0164422002,-0.463671088
0.119170576,-3.45493807e-11,0.000228089353,-0.00902983081,-0.202798545,0.0101937978,-0.405476213,1.38053546e-09,0.0252513792,-0.999681115,-0.0707113668,-0.0519443192,-0.442593575,0.0257128906,0.468306452,0.413947552,0.26910001,-0.090914607,0.0606097393,-0.0707113668,0.122655682,0.442593575,-0.0257128906,-0.468306452
0.118976831,3.5112524e-11,0.000296671642,-0.0101577016,-0.190755516,0.0110887345,-0.38134861,7.80840281e-10,0.0291941687,-0.999573767,-0.0817552805,-0.0464223586,-0.437438965,0.036022041,0.473461002,0.41158101,0.26910001,-0.105113938,0.070075959,-0.0817552805,0.128177628,0.437438965,-0.036022041,-0.473461002
0.118764095,5.71165545e-11,0.000358741905,-0.01090529,-0.177001432,0.0115846321,-0.353813678,-8.84653253e-11,0.0328783505,-0.999459386,-0.0920759737,-0.041262012,-0.431946993,0.0470060296,0.478953004,0.409369439,0.26910001,-0.118383393,0.0789222643,-0.0920759737,0.133337989,0.431946993,-0.0470060296,-0.478953004
0.118540384,-7.17601117e-11,0.000407942076,-0.0112398099,-0.161695242,0.011675287,-0.323173493,1.78281401e-09,0.0362704732,-0.999342024,-0.101579599,-0.036510203,-0.426312983,0.058274027,0.484587014,0.407332957,0.26910001,-0.130602345,0.0870682225,-0.101579599,0.138089791,0.426312983,-0.058274027,-0.484587014
0.118314207,6.96393568e-11,0.000438616931,-0.011140231,-0.144965917,0.0113522867,-0.289714038,1.04153064e-09,0.0393418521,-0.999225795,-0.110185616,-0.0322071873,-0.420734048,0.0694318861,0.490165919,0.405488789,0.26910001,-0.141667232,0.0944448188,-0.110185616,0.142392814,0.420734048,-0.0694318861,-0.490165919
0.118094429,2.20437505e-11,0.000446267164,-0.0105996775,-0.126938805,0.0106305238,-0.253649771,2.33119246e-10,0.0420647115,-0.999114871,-0.117815956,-0.0283920206,-0.415408373,0.0800832659,0.495491624,0.403853714,0.26910001,-0.151477665,0.10098511,-0.117815956,0.146207973,0.415408373,-0.0800832659,-0.495491624
0.117889844,5.31082123e-11,0.000428239233,-0.00963228196,-0.107778952,0.00953312498,-0.215344027,3.58575891e-10,0.044414904,-0.999013186,-0.124402635,-0.0250986833,-0.410524428,0.0898511186,0.500375569,0.402442306,0.26910001,-0.159946248,0.106630832,-0.124402635,0.149501324,0.410524428,-0.0898511186,-0.500375569
0.117708758,2.38644326e-12,0.000384035811,-0.00827278383,-0.087682955,0.00809650216,-0.175172046,2.88158858e-10,0.0463716574,-0.998924255,-0.129887193,-0.0223564059,-0.406255066,0.0983899087,0.50464493,0.401267022,0.26910001,-0.166997805,0.111331873,-0.129887193,0.152243599,0.406255066,-0.0983899087,-0.50464493
0.117558576,2.17040622e-11,0.000315203768,-0.00657037506,-0.0668083876,0.00637768023,-0.133463815,5.89536586e-10,0.047918357,-0.99885124,-0.134222791,-0.0201886017,-0.402749717,0.105400577,0.508150339,0.400337964,0.26910001,-0.172572166,0.115048118,-0.134222791,0.154411405,0.402749717,-0.105400577,-0.508150339
0.11744564,-1.35364185e-11,0.000225450596,-0.00459166244,-0.0453341268,0.00442912709,-0.0905611143,2.05669259e-10,0.0490409136,-0.998796761,-0.137369663,-0.0186151657,-0.400133401,0.110633224,0.510766566,0.399663627,0.26910001,-0.176618159,0.117745422,-0.137369663,0.155984834,0.400133401,-0.110633224,-0.510766566
0.117374688,1.34568604e-12,0.00012043574,-0.00241881493,-0.0172359683,0.00170932838,-0.0344355404,-6.38108066e-10,0.0497296229,-0.998762727,-0.139300391,-0.0176498014,-0.398498148,0.113903679,0.512401819,0.399249911,0.26910001,-0.179100513,0.119400337,-0.139300391,0.156950206,0.398498148,-0.113903679,-0.512401819
0.117348768,-1.53705152e-12,7.13241889e-06,-0.000143246201,-0.00622136705,0.000625720131,-0.0124347471,-6.38108066e-10,0.0497296229,-0.998762727,-0.139997542,-0.0173012316,-0.397902101,0.115095772,0.512997925,0.399100542,0.26910001,-0.179996833,0.119997889,-0.139997542,0.157298774,0.397902101,-0.115095772,-0.512997925
0.117368951,3.79343735e-12,-0.00010697182,0.00213769078,0.0144830132,-0.0014302145,0.0289308596,2.52614513e-10,0.0499783084,-0.998750329,-0.139455259,-0.0175723694,-0.398366004,0.114167981,0.512533963,0.399216712,0.26910001,-0.179299623,0.119533084,-0.139455259,0.157027632,0.398366004,-0.114167981,-0.512533963
0.117434382,-7.61971302e-12,-0.000213002146,0.00432839245,0.0474647507,-0.00465188595,0.0948024988,-8.79243067e-10,0.0491510034,-0.998791337,-0.137678251,-0.0184608717,-0.399873555,0.111152865,0.511026442,0.399597526,0.26910001,-0.177014902,0.118009932,-0.137678251,0.15613912,0.399873555,-0.111152865,-0.511026442
0.117542297,3.92473597e-12,-0.000305006251,0.00633608736,0.0641486347,-0.00614223583,0.128146291,-6.18709306e-10,0.0480822735,-0.998843372,-0.134682253,-0.0199588705,-0.402371496,0.106157005,0.508528471,0.400239497,0.26910001,-0.173162907,0.115441933,-0.134682253,0.154641137,0.402371496,-0.106157005,-0.508528471
0.117688119,2.73164286e-11,-0.000376716402,0.00807733648,0.0851090178,-0.00789245591,0.170041487,2.05421929e-10,0.0465880521,-0.998914182,-0.13049379,-0.0220531039,-0.405771524,0.099356927,0.505128503,0.401137054,0.26910001,-0.167777732,0.111851826,-0.13049379,0.152546883,0.405771524,-0.099356927,-0.505128503
0.117865741,-3.96014263e-11,-0.000424168771,0.0094836764,0.105321437,-0.00937078893,0.210430384,1.11804777e-09,0.0446815267,-0.999001265,-0.125149935,-0.0247250311,-0.409953535,0.0909929201,0.500946462,0.402282178,0.26910001,-0.16090706,0.107271373,-0.125149935,0.14987497,0.409953535,-0.0909929201,-0.500946462
0.118067846,7.38262021e-11,-0.00044543884,0.0105012776,0.124594815,-0.010514901,0.248971492,3.70014241e-10,0.0423794575,-0.999101579,-0.118698023,-0.0279509891,-0.414769739,0.0813605413,0.496130288,0.403664708,0.26910001,-0.152611747,0.101741165,-0.118698023,0.146649003,0.414769739,-0.0813605413,-0.496130288
0.11828617,9.01450442e-12,-0.000440881093,0.0110959625,0.14277406,-0.0112867299,0.285326838,8.51769488e-10,0.0397021212,-0.99921155,-0.111195154,-0.0317024253,-0.420049906,0.0708002001,0.490850091,0.405272484,0.26910001,-0.142965198,0.0953101292,-0.111195154,0.142897591,0.420049906,-0.0708002001,-0.490850091
0.118512034,-2.76714849e-11,-0.000412904978,0.0112515576,0.159678519,-0.011656533,0.319135547,-5.7374544e-10,0.0366729386,-0.999327302,-0.102707259,-0.0359463729,-0.4256078,0.0596843697,0.485292196,0.40709129,0.26910001,-0.132052183,0.0880347937,-0.102707259,0.138653621,0.4256078,-0.0596843697,-0.485292196
0.118736535,3.89048689e-11,-0.00036573899,0.0109706596,0.175166175,-0.0116239171,0.350147307,1.7467412e-09,0.0333194137,-0.999444783,-0.0933116004,-0.0406441987,-0.431245714,0.0484085642,0.479654282,0.409104645,0.26910001,-0.119972058,0.0799813718,-0.0933116004,0.133955806,0.431245714,-0.0484085642,-0.479654282
0.118951105,5.78540722e-11,-0.000304933637,0.0102729928,0.189138934,-0.0111724157,0.378097534,2.44327718e-11,0.0296699721,-0.99955976,-0.0830881,-0.0457559451,-0.436766416,0.0373671837,0.474133581,0.411295414,0.26910001,-0.106827572,0.0712183788,-0.0830881,0.128844053,0.436766416,-0.0373671837,-0.474133581
0.119147636,7.93307225e-11,-0.000236795793,0.00919022132,0.201394737,-0.010333092,0.402659416,3.02422087e-10,0.0257574618,-0.999668241,-0.0721288621,-0.0512355678,-0.441973746,0.0269524865,0.468926251,0.413643807,0.26910001,-0.0927371085,0.061824739,-0.0721288621,0.123364434,0.441973746,-0.0269524865,-0.468926251
0.119318835,1.41598573e-11,-0.000167959108,0.00776802143,0.21186766,-0.00912475307,0.423633218,7.68047848e-10,0.0216167513,-0.99976635,-0.0605316162,-0.0570341907,-0.446683437,0.0175331216,0.46421656,0.416128933,0.26910001,-0.0778263658,0.0518842414,-0.0605316162,0.117565811,0.446683437,-0.0175331216,-0.46421656
0.11945843,3.06499999e-11,-0.000104783911,0.00606125919,0.220483691,-0.00759060029,0.440896928,2.39712716e-09,0.0172848217,-0.999850631,-0.0483999103,-0.06310004,-0.450728893,0.00944226142,0.460171103,0.41872859,0.26910001,-0.0622284561,0.0414856374,-0.0483999103,0.11149995,0.450728893,-0.00944226142,-0.460171103
0.119561322,-3.14822278e-12,-5.28427227e-05,0.0041284007,0.227165416,-0.00578689622,0.454288125,7.62514385e-10,0.0127987573,-0.999918103,-0.0358374901,-0.0693812594,-0.453968346,0.00296327728,0.456931621,0.421420544,0.26910001,-0.0460767746,0.030717846,-0.0358374901,0.105218738,0.453968346,-0.00296327728,-0.456931621
0.119623579,-5.6766717e-13,-1.66678656e-05,0.0020328227,0.231801763,-0.00378668658,0.46359548,2.79241352e-10,0.00819909479,-0.999966383,-0.0229577217,-0.0758211389,-0.45628655,-0.00167311996,0.454613447,0.424180478,0.26910001,-0.0295170713,0.0196780469,-0.0229577217,0.0987788588,0.45628655,0.00167311996,-0.454613447
0.119642638,7.07488582e-12,-1.05308084e-06,0.000298580126,0.234387457,-0.0016444897,0.468762577,6.72815803e-10,0.00352694048,-0.999993801,-0.00987545401,-0.0823622718,-0.457601458,-0.00430291099,0.453298539,0.426983833,0.26910001,-0.0126970131,0.0084646754,-0.00987545401,0.0922377259,0.457601458,0.00430291099,-0.453298539
0.119635522,3.7542352e-12,-1.18089439e-07,-0.000100396501,0.234912857,0.0005518822,0.46980992,1.1580702e-09,-0.00117622968,-0.999999285,0.00329344603,-0.0889467224,-0.457866758,-0.00483352644,0.453033209,0.429805726,0.26910001,0.00423443085,-0.00282295397,0.00329344603,0.0856532753,0.457866758,0.00483352644,-0.453033209
0.119638622,1.6760779e-12,-5.54706139e-06,-0.000945089792,0.23335743,0.00272588036,0.46669513,1.77342829e-09,-0.00586924748,-0.999982774,0.016433984,-0.095517002,-0.457073212,-0.00324640982,0.453826815,0.432621568,0.26910001,0.0211294107,-0.0140862726,0.016433984,0.0790830106,0.457073212,0.00324640982,-0.453826815
0.119597718,6.68716124e-12,-3.25462934e-05,-0.00309647643,0.229728922,0.00480831368,0.459429413,2.15948415e-09,-0.0105101708,-0.999944746,0.0294290204,-0.102014504,-0.455248743,0.000402515259,0.455651253,0.435406208,0.26910001,0.0378373079,-0.0252248738,0.0294290204,0.0725854859,0.455248743,-0.000402515259,-0.455651253
0.119514756,2.63037573e-12,-7.70854167e-05,-0.00511871371,0.224071816,0.00671485998,0.448083758,5.13816101e-10,-0.0150578218,-0.999886632,0.0421634875,-0.108381748,-0.452457815,0.00598430447,0.458442152,0.438135058,0.26910001,0.0542102009,-0.0361401327,0.0421634875,0.0662182644,0.452457815,-0.00598430447,-0.458442152
0.119392946,1.05916049e-11,-0.000135294846,-0.00694690784,0.216429487,0.00838902779,0.432766467,1.52436119e-09,-0.0194718577,-0.999810398,0.0545246489,-0.114562325,-0.448799163,0.0133017134,0.462100863,0.440783828,0.26910001,0.0701031163,-0.0467354096,0.0545246489,0.0600376762,0.448799163,-0.0133017134,-0.462100863
0.119236827,9.49776369e-11,-0.000202051495,-0.00851827487,0.206870899,0.00976658799,0.41361171,1.73191239e-09,-0.023713151,-0.999718785,0.0664030463,-0.120501518,-0.44440192,0.0220961627,0.466498077,0.443329245,0.26910001,0.0853753462,-0.0569168963,0.0664030463,0.0540984794,0.44440192,-0.0220961627,-0.466498077
0.11905212,-7.55558116e-11,-0.000271348457,-0.00977661181,0.195479035,0.0107965032,0.390795141,8.57944826e-10,-0.0277441256,-0.999615073,0.077693522,-0.126146764,-0.439421564,0.032056883,0.471478403,0.445748597,0.26910001,0.09989167,-0.0665944368,0.077693522,0.0484532379,0.439421564,-0.032056883,-0.471478403
0.118845612,1.04343973e-11,-0.000336637895,-0.010671746,0.182346076,0.0114445463,0.364509553,9.7727304e-10,-0.031529095,-0.999502838,0.088296093,-0.13144806,-0.43403405,0.0428318791,0.476865947,0.448020577,0.26910001,0.11352355,-0.0756823719,0.088296093,0.0431519523,0.43403405,-0.0428318791,-0.476865947
0.118625037,8.23794505e-11,-0.000391396112,-0.0111649157,0.167612135,0.0116894189,0.335022151,2.17643858e-09,-0.0350343734,-0.999386132,0.0981163085,-0.136358157,-0.42843014,0.0540397242,0.482469857,0.450124919,0.26910001,0.12614955,-0.0840996876,0.0981163085,0.0382418483,0.42843014,-0.0540397242,-0.482469857
0.118398741,1.8021298e-11,-0.000429599138,-0.0112291249,0.151400417,0.0115241408,0.302583724,1.60369795e-09,-0.0382296145,-0.999269009,0.107069001,-0.140834495,-0.422806799,0.0652863756,0.488093168,0.452043355,0.26910001,0.137660131,-0.0917734206,0.107069001,0.033765506,0.422806799,-0.0652863756,-0.488093168
0.118175544,1.23001323e-11,-0.000446291757,-0.0108532161,0.133841023,0.010950475,0.267450452,1.13235987e-09,-0.0410859734,-0.999155641,0.1150731,-0.14483656,-0.417363793,0.0761723816,0.493536204,0.453758538,0.26910001,0.147951126,-0.0986340865,0.1150731,0.029763449,0.417363793,-0.0761723816,-0.493536204
0.117964245,-6.83752777e-11,-0.000438099145,-0.0100435177,0.115089297,0.00998616405,0.22994934,9.83271908e-10,-0.0435786285,-0.999050021,0.122058786,-0.148329392,-0.412292808,0.0863143653,0.498607188,0.455255449,0.26910001,0.156932727,-0.104621813,0.122058786,0.0262706075,0.412292808,-0.0863143653,-0.498607188
0.117773421,5.28559106e-11,-0.000403622165,-0.00882567372,0.0953150988,0.00867130049,0.190438509,2.96781932e-10,-0.0456850082,-0.998955905,0.127962559,-0.151281282,-0.40777424,0.0953515545,0.503125787,0.456520557,0.26910001,0.164523289,-0.109682187,0.127962559,0.0233187228,0.40777424,-0.0953515545,-0.503125787
0.117610849,-4.45271511e-12,-0.000343706895,-0.00724499207,0.0747135505,0.00705182087,0.149264321,-6.13901707e-10,-0.0473873205,-0.998876572,0.132734209,-0.153667092,-0.403966188,0.10296759,0.506933808,0.457543045,0.26910001,0.170658275,-0.113772176,0.132734209,0.0209328961,0.403966188,-0.10296759,-0.506933808
0.117483296,-4.98879583e-12,-0.000261251378,-0.00536140939,0.0534483753,0.00518174516,0.10676939,1.17920884e-09,-0.0486703478,-0.998814881,0.136330873,-0.155465424,-0.401003748,0.108892478,0.509896219,0.458313733,0.26910001,0.175282538,-0.116855025,0.136330873,0.0191345718,0.401003748,-0.108892478,-0.509896219
0.117396139,3.72542015e-12,-0.000161195014,-0.00325097889,0.0316998661,0.00312563754,0.0633234754,-6.24493235e-10,-0.0495227128,-0.998772979,0.138720304,-0.156660154,-0.398991883,0.112916254,0.511908114,0.458825767,0.26910001,0.178354666,-0.118903115,0.138720304,0.0179398507,0.398991883,-0.112916254,-0.511908114
0.117353097,-4.61203087e-15,-5.01255527e-05,-0.00100252731,0.0103687625,0.00103011727,0.0207065716,7.0946099e-10,-0.0499368422,-0.998752356,0.139881298,-0.157240644,-0.398001701,0.114896603,0.512898326,0.459074557,0.26910001,0.179847389,-0.11989826,0.139881298,0.0173593499,0.398001701,-0.114896603,-0.512898326
0.117355987,-3.81793685e-12,6.43939929e-05,0.00128790038,-0.0124352677,-0.0012351668,-0.0248400997,7.0946099e-10,-0.0499368422,-0.998752356,0.139803797,-0.157201901,-0.398068041,0.114763901,0.512831926,0.459057957,0.26910001,0.17974776,-0.11983183,0.139803797,0.0173980985,0.398068041,-0.114763901,-0.512831926
0.117404677,1.57161159e-11,0.000174426241,0.00352372183,-0.03511969,-0.00346094626,-0.0701625273,-3.50149187e-10,-0.0494400375,-0.998777092,0.138488576,-0.156544283,-0.399188489,0.112522952,0.511711478,0.458776116,0.26910001,0.178056732,-0.11870449,0.138488576,0.0180557165,0.399188489,-0.112522952,-0.511711478
0.117497109,-2.7665599e-11,0.000272612291,0.00561037334,-0.0561350062,-0.00541854836,-0.112134084,-2.31640623e-10,-0.0485334955,-0.998821557,0.135947153,-0.155273572,-0.401323587,0.108252838,0.50957638,0.458231568,0.26910001,0.17478919,-0.116526127,0.135947153,0.0193264224,0.401323587,-0.108252838,-0.50957638
0.117629357,2.67326157e-12,0.000352500909,0.00746032456,-0.0773270726,-0.00726798642,-0.15448527,-3.57931129e-10,-0.0471974202,-0.998885572,0.13220185,-0.153400928,-0.404397964,0.10210406,0.506502032,0.457428962,0.26910001,0.169973806,-0.113315873,0.13220185,0.0211990736,0.404397964,-0.10210406,-0.506502032
0.117795855,-4.4676424e-12,0.000409372034,0.00899900403,-0.0978455395,-0.00885314774,-0.195478976,4.95946728e-10,-0.045443818,-0.998966873,0.127286494,-0.150943249,-0.408302486,0.0942950249,0.502597511,0.456375688,0.26910001,0.163654074,-0.109102711,0.127286494,0.023656752,0.408302486,-0.0942950249,-0.502597511
0.117989689,-7.1457883e-12,0.000440554082,0.0101677682,-0.117488511,-0.0101260142,-0.234758139,7.02129521e-10,-0.0432878807,-0.999062657,0.121243931,-0.14792195,-0.412899703,0.0851005614,0.498000264,0.455080837,0.26910001,0.155885041,-0.103923365,0.121243931,0.0266780369,0.412899703,-0.0851005614,-0.498000264
0.118202947,-1.94672837e-12,0.000445519603,0.0109242732,-0.136100113,-0.0110436995,-0.271972597,1.78054071e-10,-0.040748667,-0.999169409,0.114127867,-0.14436394,-0.418027043,0.0748459548,0.492872983,0.453555971,0.26910001,0.146735832,-0.0978238881,0.114127867,0.0302360654,0.418027043,-0.0748459548,-0.492872983
0.118427023,-6.07455822e-11,0.000425886275,0.0112443632,-0.15349859,-0.0115644131,-0.30676654,2.40364617e-10,-0.0378483981,-0.999283493,0.106000833,-0.140300423,-0.423503548,0.0638929158,0.487396449,0.451814473,0.26910001,0.13628678,-0.090857856,0.106000833,0.0342995822,0.423503548,-0.0638929158,-0.487396449
0.118653044,-9.94377844e-11,0.000385345775,0.0111261727,-0.169538617,-0.0116871102,-0.338863939,1.39392176e-09,-0.0346133746,-0.999400795,0.0969368145,-0.135768399,-0.429134429,0.0526311584,0.481765568,0.449872166,0.26910001,0.124633044,-0.0830887035,0.0969368145,0.0388315953,0.429134429,-0.0526311584,-0.481765568
0.118872337,-8.72414016e-11,0.000328957191,0.0105821621,-0.184097469,-0.0113862352,-0.368003577,2.10568993e-11,-0.0310710445,-0.999517202,0.0870129243,-0.130806461,-0.434722692,0.0414546207,0.476177335,0.447745621,0.26910001,0.111873761,-0.0745825097,0.0870129243,0.0437935367,0.434722692,-0.0414546207,-0.476177335
0.119076535,-3.07751845e-11,0.000262785907,0.00963877328,-0.196996868,-0.0106905699,-0.393849999,-2.04709055e-10,-0.0272532422,-0.999628544,0.0763185248,-0.125459269,-0.440069854,0.0307603125,0.470830142,0.445453972,0.26910001,0.0981238186,-0.0654158816,0.0763185248,0.0491407365,0.440069854,-0.0307603125,-0.470830142
0.119258031,-3.15884714e-11,0.000193437794,0.0083377501,-0.20814985,-0.00961304549,-0.416181862,3.01673519e-10,-0.0231939983,-0.999731004,0.0649490207,-0.119774505,-0.444986612,0.0209267847,0.465913385,0.443017662,0.26910001,0.0835058764,-0.0556705855,0.0649490207,0.0548254922,0.444986612,-0.0209267847,-0.465913385
0.119410135,-7.10973988e-11,0.000127433232,0.00673076604,-0.217476457,-0.00819759537,-0.434880495,1.92090144e-09,-0.0189295541,-0.999820828,0.0530059114,-0.113802947,-0.449299067,0.0123019032,0.461600929,0.440458417,0.26910001,0.0681504533,-0.0454336368,0.0530059114,0.0607970469,0.449299067,-0.0123019032,-0.461600929
0.11952731,4.45962234e-12,7.0688111e-05,0.00487570651,-0.224899441,-0.00649120891,-0.449748039,1.85385207e-09,-0.0144964056,-0.999894917,0.040591348,-0.107595675,-0.452856123,0.00518775685,0.458043873,0.437798142,0.26910001,0.0521888807,-0.0347925834,0.040591348,0.067004323,0.452856123,-0.00518775685,-0.458043873
0.119605184,-1.05708445e-11,2.81524917e-05,0.0028336884,-0.230298936,-0.00455753552,-0.46056971,4.65441907e-10,-0.00993460231,-0.999950647,0.0278173424,-0.101208672,-0.45553121,-0.000162420998,0.455368787,0.435060859,0.26910001,0.0357651524,-0.0238434356,0.0278173424,0.0733913258,0.45553121,0.000162420998,-0.455368787
0.119640663,1.47568659e-11,3.54281929e-06,0.000670356618,-0.233655423,-0.00245728111,-0.467295796,-3.06941944e-10,-0.00528490357,-0.999986053,0.0147978002,-0.0946988985,-0.457229674,-0.003559337,0.453670323,0.432270944,0.26910001,0.019025743,-0.0126838293,0.0147978002,0.0799010992,0.457229674,0.003559337,-0.453670323
0.119631998,-6.28263378e-14,2.96008693e-08,5.02914118e-05,-0.234960094,-0.000276761013,-0.469903052,1.2492456e-09,-0.000588586845,-0.999999821,0.00164804154,-0.0881240219,-0.457891643,-0.00488330657,0.453008324,0.429453135,0.26910001,0.0021189109,-0.00141260703,0.00164804154,0.0864759833,0.457891643,0.00488330657,-0.453008324
0.119642675,7.67985881e-13,1.42733859e-06,-0.000347007881,-0.234180897,0.00191440957,-0.468354166,2.21314678e-09,0.00411323924,-0.999991536,-0.0115171019,-0.0815414488,-0.457493931,-0.00408783136,0.453406066,0.426632047,0.26910001,-0.014807703,0.00987180136,-0.0115171019,0.0930585489,0.457493931,0.00408783136,-0.453406066
0.119618118,-1.33693265e-11,2.02020783e-05,-0.00230120937,-0.231329352,0.00404476468,-0.462634623,5.12904219e-10,0.00877855718,-0.999961495,-0.0245802756,-0.0750098675,-0.456050396,-0.00120081427,0.454849601,0.423832804,0.26910001,-0.0316032134,0.0210688096,-0.0245802756,0.0995901376,0.456050396,0.00120081427,-0.454849601
0.119550623,-2.55832907e-11,5.8543068e-05,-0.00437961938,-0.226429731,0.0060269176,-0.452806741,8.01400002e-10,0.0133659653,-0.999910653,-0.0374258198,-0.0685870871,-0.453612149,0.00367572531,0.457287878,0.421080202,0.26910001,-0.048118908,0.0320792682,-0.0374258198,0.106012911,0.453612149,-0.00367572531,-0.457287878
0.119442917,4.13976076e-11,0.000112166825,-0.00628822157,-0.219516784,0.00779355317,-0.438967466,1.95768113e-09,0.0178347696,-0.999840975,-0.04993999,-0.0623300076,-0.450265259,0.0103694629,0.460634768,0.418398559,0.26910001,-0.0642085597,0.0428057089,-0.04993999,0.11226999,0.450265259,-0.0103694629,-0.460634768
0.119299054,1.39907374e-11,0.00017638439,-0.00796290394,-0.210668907,0.00928896572,-0.421234548,1.75655845e-09,0.0221453309,-0.999754786,-0.0620119981,-0.0562940016,-0.44612807,0.0186438598,0.464771926,0.415811718,0.26910001,-0.0797297135,0.0531531423,-0.0620119981,0.118306004,0.44612807,-0.0186438598,-0.464771926
0.119124323,7.31140235e-12,0.000245470117,-0.00934464671,-0.199957445,0.0104534095,-0.399770349,7.82146348e-10,0.0262594707,-0.999655187,-0.0735349581,-0.0505325198,-0.441346735,0.0282065216,0.469553262,0.413342506,0.26910001,-0.0945449397,0.0630299672,-0.0735349581,0.124067478,0.441346735,-0.0282065216,-0.469553262
0.118925139,1.65396394e-11,0.000313039403,-0.0103812041,-0.187465802,0.011253125,-0.374752283,1.59250546e-09,0.0301407389,-0.999545693,-0.0844068453,-0.0450965762,-0.436090231,0.0387195274,0.474809796,0.411012828,0.26910001,-0.108523086,0.0723487213,-0.0844068453,0.129503429,0.436090231,-0.0387195274,-0.474809796
0.118708886,-1.12751492e-11,0.000372509268,-0.0110295117,-0.173324302,0.0116511928,-0.346449435,1.8252726e-09,0.0337545797,-0.99943018,-0.0945307761,-0.0400346108,-0.430544645,0.0498107001,0.480355352,0.408843398,0.26910001,-0.12153957,0.0810263753,-0.0945307761,0.134565398,0.430544645,-0.0498107001,-0.480355352
0.118483707,-5.96416042e-11,0.000417559262,-0.0112564191,-0.15764679,0.011634063,-0.315083146,-1.41503642e-10,0.0370697156,-0.999312699,-0.103818975,-0.0353905149,-0.424904972,0.061090108,0.485995084,0.40685308,0.26910001,-0.133481532,0.0889876932,-0.103818975,0.139209479,0.424904972,-0.061090108,-0.485995084
0.11825832,1.48701381e-11,0.000442797958,-0.0110455547,-0.140566692,0.0112126134,-0.280918956,-3.40814543e-10,0.0400561877,-0.999197423,-0.112187341,-0.0312063284,-0.419371396,0.0721571669,0.491528571,0.405059844,0.26910001,-0.144240871,0.0961605757,-0.112187341,0.143393666,0.419371396,-0.0721571669,-0.491528571
0.11804153,1.47652238e-11,0.000444237172,-0.010397112,-0.122246973,0.0103873238,-0.244277105,-4.89576768e-10,0.0426880531,-0.999088466,-0.119562864,-0.0275185686,-0.414138943,0.0826221108,0.496761054,0.403479397,0.26910001,-0.153723687,0.102482453,-0.119562864,0.147081435,0.414138943,-0.0826221108,-0.496761054
0.117842056,-1.13717401e-12,0.00041962415,-0.00932763424,-0.102836497,0.00919973943,-0.205467641,-1.21791327e-10,0.0449417457,-0.998989582,-0.125879273,-0.0243603643,-0.409393102,0.0921138227,0.501506925,0.402125865,0.26910001,-0.161844775,0.107896514,-0.125879273,0.150239632,0.409393102,-0.0921138227,-0.501506925
0.117668048,7.12529211e-12,0.000369012356,-0.00787668303,-0.0825294554,0.0076901596,-0.1648729,9.03614628e-10,0.0467973761,-0.998904407,-0.131080508,-0.0217597429,-0.40530172,0.100296557,0.505598307,0.401011288,0.26910001,-0.168532088,0.112354726,-0.131080508,0.152840257,0.40530172,-0.100296557,-0.505598307
0.117526643,8.46730411e-12,0.000288534269,-0.0059743626,-0.0589734316,0.00566164311,-0.11781729,-4.5996229e-10,0.0482391976,-0.998835802,-0.13512221,-0.0197389014,-0.402008146,0.106883727,0.508891881,0.400145262,0.26910001,-0.173728526,0.115819022,-0.13512221,0.154861107,0.402008146,-0.106883727,-0.508891881
0.117428795,4.09771652e-12,0.000145445665,-0.00295542134,-0.0178165287,0.00173221529,-0.0356014743,-9.64583968e-11,0.0491536744,-0.998791218,-0.137685761,-0.0184571166,-0.399748534,0.111402921,0.511151433,0.399432629,0.269263297,-0.177024558,0.11801637,-0.137685761,0.156142876,0.399748534,-0.111402921,-0.511151433
0.117408283,1.49758313e-11,-4.86802746e-05,0.000993274036,0.0387490168,-0.00375393732,0.077407591,-4.96402253e-10,0.0489511602,-0.998801172,-0.137118042,-0.0187409781,-0.399306893,0.112286188,0.511593103,0.398300439,0.270517111,-0.176294625,0.11752975,-0.137118042,0.155859023,0.399306893,-0.112286188,-0.511593103
0.117468573,2.91199426e-11,-0.000229811747,0.00482194405,0.0929874107,-0.00875634421,0.185780391,-3.06640408e-11,0.0476055257,-0.9988662,-0.133345842,-0.0206270814,-0.40076068,0.109378614,0.510139346,0.3967354,0.272890478,-0.171444654,0.114296436,-0.133345842,0.153972909,0.40076068,-0.109378614,-0.510139346
0.11760138,1.51956035e-11,-0.000366825203,0.00810091104,0.140390888,-0.0125779286,0.280487686,7.21068538e-10,0.0452355854,-0.99897635,-0.12670289,-0.0239485558,-0.403937638,0.103024751,0.506962359,0.3948057,0.276243687,-0.162903711,0.108602472,-0.12670289,0.150651455,0.403937638,-0.103024751,-0.506962359
0.117792942,-2.82697715e-12,-0.000445754413,0.0106049189,0.179381847,-0.0149460174,0.358449191,2.66337064e-10,0.0419957153,-0.999117792,-0.117622584,-0.0284887049,-0.40855515,0.0937896967,0.502344847,0.392558485,0.280436695,-0.151229039,0.100819364,-0.117622584,0.146111295,0.40855515,-0.0937896967,-0.502344847
0.118025951,-2.94157858e-11,-0.000464984565,0.0122061875,0.20886232,-0.0158007406,0.417419076,-4.92081931e-10,0.0380665995,-0.999275208,-0.106612235,-0.0339938812,-0.414250284,0.0823994055,0.496649712,0.390024751,0.285329759,-0.137072876,0.0913819149,-0.106612235,0.14060612,0.414250284,-0.0823994055,-0.496649712
0.118281543,2.0631585e-11,-0.000433623005,0.0128799733,0.228206456,-0.0152973114,0.456146806,8.29284863e-10,0.0336473547,-0.999433756,-0.0942303762,-0.0401848145,-0.420612305,0.0696753636,0.490287691,0.387225658,0.290782094,-0.121153347,0.0807688981,-0.0942303762,0.134415179,0.420612305,-0.0696753636,-0.490287691
0.118541442,-1.03615207e-11,-0.000367526867,0.0126927048,0.237269983,-0.0137198167,0.474338591,8.15994716e-10,0.0289436243,-0.999581039,-0.0810534656,-0.046773266,-0.427222371,0.0564552397,0.483677596,0.384176701,0.296654671,-0.104211591,0.0694744065,-0.0810534656,0.127826735,0.427222371,-0.0564552397,-0.483677596
0.118789464,7.67043026e-11,-0.000284698937,0.0117802126,0.236355007,-0.0114512481,0.472568989,1.4495013e-09,0.0241605397,-0.999708116,-0.0676560849,-0.0534719564,-0.433684975,0.0435300767,0.477215052,0.380895108,0.302807182,-0.0869863927,0.0579909272,-0.0676560849,0.121128045,0.433684975,-0.0435300767,-0.477215052
0.119012788,-1.62723376e-11,-0.000201316652,0.0103260325,0.226210937,-0.00888186414,0.452331156,1.57555635e-09,0.0194923263,-0.99980998,-0.05458197,-0.0600090139,-0.439660221,0.0315795578,0.471239775,0.377404243,0.309099615,-0.0701768175,0.0467845425,-0.05458197,0.11459098,0.439660221,-0.0315795578,-0.471239775
0.119202584,-4.23885926e-11,-0.000129034277,0.00853645895,0.208001867,-0.00637939852,0.415956229,1.55761781e-09,0.0151139423,-0.999885798,-0.0423206426,-0.0661396831,-0.444887578,0.0211248323,0.466012418,0.373739213,0.315392077,-0.0544122569,0.0362748392,-0.0423206426,0.108460322,0.444887578,-0.0211248323,-0.466012418
0.119354285,6.95933415e-12,-7.39422103e-05,0.00661737844,0.1832688,-0.0041959295,0.366505235,5.20694488e-10,0.0111731756,-0.999937594,-0.0312855393,-0.0716572329,-0.449201047,0.0124978656,0.46169892,0.369951338,0.321544588,-0.0402242653,0.02681618,-0.0312855393,0.10294278,0.449201047,-0.0124978656,-0.46169892
0.119467296,-5.3159018e-12,-3.70278576e-05,0.00475686556,0.153834119,-0.00248994841,0.307658613,1.1174881e-09,0.00778385159,-0.999969721,-0.0217950065,-0.0764024928,-0.452534825,0.00583035219,0.458365172,0.366112471,0.327417195,-0.0280221514,0.0186814349,-0.0217950065,0.0981975049,0.452534825,-0.00583035219,-0.458365172
0.119544566,-5.3591593e-12,-1.5616275e-05,0.00311076432,0.121785812,-0.00130276219,0.243559569,-6.16056706e-10,0.00502001354,-0.999987423,-0.0140560977,-0.0802719519,-0.454918712,0.00106255396,0.455981284,0.362317741,0.332870215,-0.0180721264,0.0120480843,-0.0140560977,0.0943280458,0.454918712,-0.00106255396,-0.455981284
0.119591728,2.62864708e-13,-5.21190987e-06,0.00178943563,0.089379251,-0.000575869693,0.178767234,4.90623098e-10,0.00291265268,-0.999995768,-0.00815543626,-0.0832222775,-0.456463277,-0.00202661077,0.454436719,0.358689934,0.337762475,-0.0104855616,0.00699037453,-0.00815543626,0.0913777128,0.456463277,0.00202661077,-0.454436719
0.119616143,3.459681e-13,-1.22977906e-06,0.000851228018,0.0590060204,-0.000204369091,0.11801286,-4.06433692e-10,0.0014447103,-0.999998927,-0.00404518889,-0.0852774084,-0.457339108,-0.00377815636,0.453560919,0.355377555,0.341955572,-0.00520095695,0.00346730393,-0.00404518889,0.0893225968,0.457339108,0.00377815636,-0.453560919
0.119625777,-1.40465398e-13,-1.621557e-07,0.000293552817,0.0330061205,-5.00603928e-05,0.0660047755,8.65779837e-10,0.000552390062,-0.999999821,-0.00154669001,-0.0865266547,-0.457745433,-0.00459089316,0.453154564,0.352559209,0.345309347,-0.0019886021,0.00132573501,-0.00154669001,0.088073343,0.457745433,0.00459089316,-0.453154564
0.119627886,-1.63412849e-14,-6.29163965e-09,5.04776835e-05,0.010693077,-7.27037559e-06,0.0213878863,4.64496608e-10,0.000124642,-1,-0.000348995003,-0.0871255025,-0.457878947,-0.00485790288,0.453021049,0.35044232,0.347682893,-0.000448707986,0.000299139007,-0.000348995003,0.0874744952,0.457878947,0.00485790288,-0.453021049
0.119627796,3.18516766e-15,3.48245738e-10,-2.79396772e-06,0.00299811456,-2.98112059e-06,0.00599163026,4.64496608e-10,0.000124642,-1,-1.34849606e-05,-0.0872932523,-0.45789969,-0.00489945291,0.453000307,0.349260539,0.348936558,-1.73376629e-05,1.15591092e-05,-1.34849606e-05,0.0873067454,0.45789969,0.00489945291,-0.453000307
0.119627774,8.86890167e-15,2.68332687e-12,-5.58793545e-07,0.00311732292,-2.99623116e-06,0.00623166561,-2.30544039e-11,4.80200015e-06,-1,-8.20556623e-10,-0.0873000026,-0.457899988,-0.00490000006,0.453000009,0.349099994,0.349099994,-1.05499265e-09,7.03369141e-10,-8.20556623e-10,0.0873000026,0.457899988,0.00490000006,-0.453000009
0.119627774,0,0,0,0.00011920929,1.63142886e-06,0.000241398811,0,0,-1,0,-0.0873000026,-0.457899988,-0.00490000006,0.453000009,0.349099994,0.349099994,0,0,0,0.0873000026,0.457899988,0.00490000006,-0.453000009
0.119627774,0,0,0,0,0,0,0,0,-1,0,-0.0873000026,-0.457899988,-0.00490000006,0.453000009,0.349099994,0.349099994,0,0,0,0.0873000026,0.457899988,0.00490000006,-0.453000009
0.119627774,0,0,0,0,0,0,0,0,-1,0,-0.0873000026,-0.457899988,-0.00490000006,0.453000009,0.349099994,0.349099994,0,0,0,0.0873000026,0.457899988,0.00490000006,-0.453000009
0.119627774,0,0,0,0,0,0,0,0,-1,0,-0.0873000026,-0.457899988,-0.00490000006,0.453000009,0.349099994,0.349099994,0,0,0,0.0873000026,0.457899988,0.00490000006,-0.453000009
0.119627774,0,0,0,0,0,0,0,0,-1,0,-0.0873000026,-0.457899988,-0.00490000006,0.453000009,0.349099994,0.349099994,0,0,0,0.0873000026,0.457899988,0.00490000006,-0.453000009
0.119627774,0,0,0,0,0,0,0,0,-1,0,-0.0873000026,-0.457899988,-0.00490000006,0.453000009,0.349099994,0.349099994,0,0,0,0.0873000026,0.457899988,0.00490000006,-0.453000009
0.119627774,0,0,0,0,0,0,0,0,-1,0,-0.0873000026,-0.457899988,-0.00490000006,0.453000009,0.349099994,0.349099994,0,0,0,0.0873000026,0.457899988,0.00490000006,-0.453000009
0.119627774,0,0,0,0,0,0,0,0,-1,0,-0.0873000026,-0.457899988,-0.00490000006,0.453000009,0.349099994,0.349099994,0,0,0,0.0873000026,0.457899988,0.00490000006,-0.453000009
0.119627774,0,0,0,0,0,0,0,0,-1,0,-0.0873000026,-0.457899988,-0.00490000006,0.453000009,0.349099994,0.349099994,0,0,0,0.0873000026,0.457899988,0.00490000006,-0.453000009
0.119627774,0,0,0,0,0,0,0,0,-1,0,-0.0873000026,-0.457899988,-0.00490000006,0.453000009,0.349099994,0.349099994,0,0,0,0.0873000026,0.457899988,0.00490000006,-0.453000009
0.119627774,0,0,0,0,0,0,0,0,-1,0,-0.0873000026,-0.457899988,-0.00490000006,0.453000009,0.349099994,0.349099994,0,0,0,0.0873000026,0.457899988,0.00490000006,-0.453000009
0.119627774,0,0,0,0,0,0,0,0,-1,0,-0.0873000026,-0.457899988,-0.00490000006,0.453000009,0.349099994,0.349099994,0,0,0,0.0873000026,0.457899988,0.00490000006,-0.453000009
0.119627774,0,0,0,0,0,0,0,0,-1,0,-0.0873000026,-0.457899988,-0.00490000006,0.453000009,0.349099994,0.349099994,0,0,0,0.0873000026,0.457899988,0.00490000006,-0.453000009
0.119627774,0,0,0,0,0,0,0,0,-1,0,-0.0873000026,-0.457899988,-0.00490000006,0.453000009,0.349099994,0.349099994,0,0,0,0.0873000026,0.457899988,0.00490000006,-0.453000009
0.119627774,0,0,0,0,0,0,0,0,-1,0,-0.0873000026,-0.457899988,-0.00490000006,0.453000009,0.349099994,0.349099994,0,0,0,0.0873000026,0.457899988,0.00490000006,-0.453000009
