0.122571997,-0.00650275592,-0.00104735792,-0.316331118,-0.0402749069,-0.0352668539,-0.0389140509,-0.00167461962,0.000318253296,-0.999998569,-0.00177079695,-0.0901700556,-0.457974821,-0.00239056209,0.447859436,0.345684707,0.349480301,0.000711860019,-0.000108075001,0.00113349501,0.092243053,0.457773328,0.00914034154,-0.445179105
0.116245173,0.00222637597,0.00534470985,-0.191096768,-0.0403864384,-0.0352873653,-0.0387796313,-0.00518947747,0.000523519702,-0.99998641,-0.00480273319,-0.0972369313,-0.458027452,0.000348010013,0.441565931,0.338474482,0.350068778,0.00376799703,-0.000482431991,0.00222994294,0.100689001,0.457699925,0.0163284205,-0.432398736
0.114928581,0.0211231355,0.0137918964,-0.0153601244,-0.0967714712,0.120359614,-0.00705309305,-0.00308698067,0.00192564051,-0.999993384,-0.00807466358,-0.0995264575,-0.453050345,0.0129786627,0.447438776,0.339541167,0.357807755,0.00839657802,-0.00125189405,0.00249495707,0.101880237,0.451571614,0.00746243307,-0.4277834
0.115632318,0.0280911028,0.0135895489,0.0311653391,-0.107895061,0.127518684,0.039399378,-0.000373112416,0.00438998127,-0.999990284,-0.0102930078,-0.0995393842,-0.446213216,0.023749806,0.455608428,0.340030015,0.366423011,0.0131292492,-0.00169393094,0.0026286291,0.101713583,0.444717437,0.000625003013,-0.430505365
0.116173215,0.0211757142,0.010444005,0.0207605157,-0.0831292942,0.117218263,0.02710375,0.00202167453,0.00624096114,-0.999978483,-0.010948264,-0.099548161,-0.440262496,0.032273788,0.460943133,0.336439043,0.373625457,0.0176364072,-0.00172498601,0.00268620509,0.101543486,0.441149712,-0.000834822014,-0.432444066
0.116458401,0.0131226052,0.00810050778,0.0100068776,-0.0610787608,0.104150318,0.00545957917,0.00432051299,0.00771508832,-0.999960899,-0.0110321231,-0.0995582417,-0.436353892,0.0388533995,0.464326054,0.329610467,0.37957105,0.0216164738,-0.00171357603,0.00271049095,0.101184584,0.440206438,-0.00115045474,-0.432091206
0.116568707,0.00764959073,0.00543454802,0.00336217601,-0.0372512117,0.0780634657,0.0133753829,0.00618931651,0.00868281163,-0.999943137,-0.0110182436,-0.0995690897,-0.433842719,0.0439987853,0.466393411,0.320909381,0.384591281,0.0246472005,-0.00170823105,0.00273202802,0.100716434,0.440122426,-0.00120158296,-0.431441784
0.116589099,0.00373076159,0.00332308863,0.000185593686,-0.0180432443,0.0515005663,0.019324962,0.00744756684,0.00920135621,-0.999929905,-0.0109623913,-0.0995805338,-0.432293266,0.0479372293,0.467420667,0.311216742,0.388869494,0.0266970433,-0.00171548198,0.00275726197,0.100168884,0.440147758,-0.00138991501,-0.430916518
0.116573796,0.0014537815,0.00187236711,-0.000916135905,-0.00383346784,0.0327361971,0.0182710513,0.00825640466,0.00939865969,-0.999921739,-0.0108057884,-0.0995900109,-0.431529105,0.0505981259,0.468133897,0.301397532,0.392330885,0.0279155876,-0.00173385697,0.00278371293,0.0995504707,0.440164059,-0.00187096198,-0.430746526
0.116551273,0.000351317925,0.000833923812,-0.00104328163,0.00641139038,0.0184915755,0.0137286372,0.00876377244,0.00934863836,-0.999917924,-0.0105267931,-0.0995967984,-0.431320965,0.0521990769,0.468795806,0.292019099,0.394931912,0.0284506697,-0.00176045101,0.00281232898,0.0988957286,0.440157413,-0.00242943689,-0.430717975
0.116531633,-7.10774402e-05,0.000215420427,-0.000866362709,0.0126501909,0.00683297729,0.00666242093,0.00900127832,0.00913771056,-0.999917746,-0.0101819523,-0.0996013507,-0.43128112,0.053027641,0.469406813,0.283386201,0.396719843,0.0285616945,-0.00179347093,0.00284130406,0.0982222706,0.440125644,-0.00286628958,-0.430726439
0.116516568,-0.000243837407,-6.11702417e-05,-0.000709116692,0.0152324783,-0.000379290868,0.00192722166,0.00903951004,0.00884022377,-0.99992007,-0.00984758418,-0.0996045023,-0.431267738,0.0533173494,0.469870031,0.275689214,0.397778958,0.0285890363,-0.00183145294,0.00286930311,0.0975445062,0.440077484,-0.003148661,-0.430752009
0.11650338,-0.000384419516,-7.65398217e-05,-0.000659809215,0.00780933024,-0.00132327178,0.00033247532,0.00898689497,0.00852778275,-0.999923229,-0.00955977384,-0.0996065959,-0.431256771,0.0533762127,0.470162868,0.269040138,0.39821142,0.0286020823,-0.00187238504,0.00289595407,0.0968786925,0.440023482,-0.0033435449,-0.430784076
0.116490342,0.000980929122,-0.000248545752,-0.000562198984,0.0140762152,-0.00405915966,0.0211759545,0.00898689497,0.00852778275,-0.999923229,-0.0093280999,-0.0996064618,-0.431240976,0.053396441,0.47033456,0.263475567,0.398292691,0.0286102612,-0.0019135949,0.00292122411,0.0962341353,0.439969659,-0.00348956394,-0.430818141
0.116480626,0.00113120629,3.89819179e-05,-0.000446824153,0.0140762161,-0.00405916153,0.0211759601,0.00883157831,0.007957316,-0.999929368,-0.00904613826,-0.0996155515,-0.431110293,0.0533827618,0.470463693,0.259287745,0.398303956,0.0286119469,-0.00195351895,0.00294947694,0.0957757309,0.439525902,-0.00322893797,-0.432222813
0.116472058,-0.000808984158,0.000542692957,-0.000519374444,0.0077939867,-0.00647668727,-0.00423705345,0.00883157831,0.007957316,-0.999929368,-0.00892612524,-0.0996043384,-0.431085765,0.0533905849,0.470515698,0.255759239,0.398315281,0.0286279563,-0.00198805495,0.00297952793,0.0952096656,0.439402819,-0.00356314261,-0.432362854
0.116459966,-0.000791501428,0.000210834172,-0.000642052677,0.013489522,-0.0152121298,0.00801892765,0.00857123919,0.00764709432,-0.999934018,-0.00886844657,-0.099589929,-0.431065112,0.0534047745,0.470556825,0.252837002,0.398327023,0.0286386572,-0.00201958907,0.00300745107,0.0946450159,0.439359248,-0.00388802891,-0.432355553
0.116446584,-0.000409090397,0.000128600499,-0.000544101931,0.00901505165,-0.0139948213,0.0145250224,0.00822548475,0.00741539244,-0.999938667,-0.00875079539,-0.0995836705,-0.430958718,0.0533971526,0.470598042,0.250790983,0.398325682,0.0286402926,-0.00204831804,0.00303367898,0.0942019746,0.439080089,-0.00373538211,-0.433217794
0.116438299,-0.001499985,0.000486315519,-0.000495406974,0.00634163059,-0.0141087864,-0.00168826373,0.00801584776,0.00728158001,-0.999941349,-0.00867628492,-0.0995576605,-0.430909872,0.0533949509,0.470622033,0.249432176,0.398320198,0.028664086,-0.00206971308,0.00306053995,0.0937260613,0.438919932,-0.00388075504,-0.433448166
0.116427109,-0.000995349023,0.000434350804,-0.000597799604,0.00301615009,-0.00885174982,-0.00395706994,0.0076607489,0.00716216816,-0.999944985,-0.0086312294,-0.0995289683,-0.430885017,0.0534053184,0.470645607,0.248380125,0.398323208,0.0286789797,-0.002088557,0.0030869951,0.0932192802,0.438882351,-0.00416003494,-0.433273584
0.116414569,-0.000156354072,0.000583629124,-0.000677665521,0.00473498972,-0.0181635413,0.0166055951,0.0076607489,0.00716216816,-0.999944985,-0.00852636248,-0.0995105579,-0.430753946,0.0533060618,0.470780611,0.248026147,0.398309588,0.0286838226,-0.00210668496,0.00311890966,0.0928478837,0.438498735,-0.00393263856,-0.434214979
0.116399884,0.000530126854,0.000202845855,-0.000256249565,0.00510536926,-0.0250747893,0.0363613777,0.00693891896,0.00696805678,-0.999951661,-0.00846701674,-0.0994754583,-0.430656701,0.0531610325,0.47102499,0.247906953,0.398295254,0.0286964495,-0.00212107692,0.00314845401,0.0924189091,0.438248098,-0.00393279316,-0.434415847
0.116404116,0.0013408009,-0.000675548217,0.000260931265,9.51072798e-05,-0.0100407433,0.0318613537,0.00666779373,0.00694773486,-0.999953628,-0.00840258133,-0.0992546082,-0.43054536,0.0529964045,0.471194983,0.247915521,0.398276269,0.0287100971,-0.00213252194,0.00328056002,0.0923491865,0.437448114,-0.00377153396,-0.435040087
0.116410151,0.000623482221,-0.000793476007,-0.00061353104,0.00185876689,-0.00513912505,0.0138457501,0.00654623797,0.00695584947,-0.999954402,-0.00836351514,-0.0989434198,-0.430514812,0.0529348217,0.471228987,0.247901753,0.398257464,0.0287405755,-0.00214134273,0.00335752079,0.0923635513,0.436792135,-0.00388470176,-0.435089439
0.116379634,0.000325602829,-0.000628460897,-0.00074134249,0.00152432034,-0.00391408382,0.00431299582,0.00646614237,0.00686962297,-0.999955475,-0.0083298143,-0.0986464769,-0.430475026,0.0528932139,0.47143355,0.247881144,0.398238331,0.0287721194,-0.00214877701,0.00339809409,0.0921375901,0.436516464,-0.0039833528,-0.434897751
0.116380587,0.00048749891,-0.000529160956,0.000126319355,-0.00190725003,-0.00399250491,0.00771342358,0.00639092969,0.00689382292,-0.999955833,-0.00829526782,-0.0983396396,-0.430458963,0.0527713932,0.471535444,0.247868091,0.398223519,0.0287909806,-0.00215698499,0.003436459,0.0920883343,0.436104685,-0.00425650598,-0.434838563
0.116384707,0.000309483905,-0.000804632495,-0.00015358461,-0.00245492114,-0.00476617599,0.00124889729,0.00630864128,0.00694396207,-0.999956012,-0.00826223008,-0.098023437,-0.430447876,0.0526437052,0.471584499,0.247853473,0.398206592,0.0288117491,-0.00216475199,0.00347519293,0.0920997933,0.435623407,-0.00449587172,-0.434819758
0.11637459,0.000158857583,-0.00100621511,-0.00027670461,-0.000899811217,-0.00574603025,0.00168008322,0.00620057294,0.00699178316,-0.99995631,-0.00822916068,-0.0975799114,-0.430447727,0.0523129776,0.471715659,0.247828901,0.398187727,0.0288384277,-0.00217041397,0.0035079848,0.0922781304,0.435117811,-0.00505381078,-0.434484988
0.116373882,0.000392944377,-0.000746481528,-0.000112908478,-0.000667388784,-0.00623364979,0.0109589715,0.00607924862,0.00697956514,-0.999957144,-0.00819743797,-0.0972619504,-0.430445552,0.0522044003,0.47173807,0.24781324,0.398169577,0.0288568344,-0.00217607501,0.00354949594,0.0923063159,0.434631079,-0.0053070602,-0.434443712
0.116370186,0.000574943726,-0.000424141734,-0.000247108255,-0.00093090249,-0.00316233141,0.00538336765,0.00595430145,0.00701570883,-0.999957681,-0.00816677418,-0.0969669446,-0.430439413,0.0520168543,0.471780419,0.247802243,0.39814657,0.028878754,-0.00217956491,0.0035895491,0.0923120677,0.434173375,-0.00544430595,-0.434427023
0.11636398,0.000284143054,-0.000599119638,-0.00033444888,-0.00266572414,-0.00462905271,0.00360305468,0.00595430145,0.00701570883,-0.999957681,-0.00813674368,-0.0966729745,-0.430431157,0.0517666936,0.471836686,0.247793943,0.398120999,0.0289023109,-0.00218132394,0.0036272218,0.0923130736,0.433762342,-0.00554766366,-0.434408188
0.116356909,1.0686801e-05,-0.000809746969,-0.000331309304,-0.00327719958,-0.00732122967,0.00371798384,0.00577018224,0.00712156296,-0.999957979,-0.00810829736,-0.0963052586,-0.430449635,0.0516023599,0.471854329,0.247769475,0.39809981,0.0289299265,-0.00218096701,0.00366353197,0.0924311057,0.433460623,-0.00579292513,-0.434140623
0.116350956,0.000319359242,-0.000493465865,-0.000281312648,-0.00224517635,-0.00508299191,0.00210862351,0.00566244451,0.00714590959,-0.999958456,-0.00807961635,-0.0959799513,-0.430456072,0.051357355,0.471879274,0.247756317,0.39807713,0.0289480537,-0.00218187994,0.00369847193,0.0924771577,0.433130562,-0.00602724683,-0.434026748
0.116345726,0.00047845993,-0.000356342091,-0.000212628656,-0.00246962183,-0.00458591525,0.00543459086,0.00556745753,0.00721094804,-0.999958515,-0.00805105735,-0.0956993327,-0.430451781,0.0510670394,0.471899211,0.247751728,0.398048729,0.0289671179,-0.00218087109,0.003735248,0.0924728885,0.432784975,-0.00613644393,-0.434004188
0.116342448,0.000410274515,-0.00042585039,-0.000139795287,-0.00159879669,-0.00364130456,0.00683963299,0.00548046874,0.00724363001,-0.999958754,-0.00802308414,-0.095438689,-0.430453479,0.0508775935,0.471891046,0.247743189,0.398020834,0.0289888214,-0.0021778089,0.00377395307,0.0924625471,0.43248105,-0.00619801087,-0.433988273
0.116340168,0.000351694354,-0.000423074089,-0.000247794058,-0.0021063881,-0.00154969876,0.00206476334,0.00542363524,0.00727323582,-0.999958813,-0.00799647719,-0.0951822326,-0.430458605,0.050727386,0.47184673,0.24773249,0.397993654,0.0290115215,-0.00217392202,0.00381245208,0.0924511254,0.432223499,-0.00624935422,-0.433971137
0.116332583,0.000189569153,-0.00050894008,-0.000396854128,-0.0020852352,0.000274117658,-0.00598690892,0.00541898608,0.00732742716,-0.999958456,-0.00796993915,-0.0948918834,-0.430462301,0.0505276062,0.471799046,0.247721791,0.397964656,0.0290370733,-0.00216879207,0.00384746096,0.0925043002,0.432018489,-0.00641935598,-0.433784902
0.116324402,0.000307118462,-0.000468099402,-0.000274478574,-0.00154746091,7.43034834e-05,-0.00366715668,0.00543276966,0.00735812169,-0.999958158,-0.00794607401,-0.0945907682,-0.430464357,0.0503117032,0.471746445,0.247713357,0.397934675,0.0290589556,-0.00216407306,0.00387385208,0.0925650448,0.431879491,-0.00668897713,-0.433578312
0.116321675,0.000648640795,-0.000283599307,-0.000134185815,-0.00193887053,6.8389847e-05,0.00315052434,0.00542082591,0.00738995103,-0.999957979,-0.00791905075,-0.0943502188,-0.430464923,0.0501092114,0.471675366,0.247707307,0.397904843,0.0290750042,-0.00215902692,0.00390947796,0.0925495476,0.431685984,-0.00675588381,-0.433554351
0.116318978,0.000757625618,-0.000276230741,-0.000108767003,-0.00113605161,0.000375052128,0.00215725624,0.00543645211,0.00743508246,-0.999957561,-0.0078918431,-0.0941221192,-0.430464,0.0499244779,0.471601605,0.24770084,0.397873878,0.0290938299,-0.00215275004,0.00394747499,0.092525281,0.431478441,-0.00678943004,-0.433545172
0.116317242,0.000525393931,-0.000495075481,-0.00020199889,-0.000852594385,0.00222128909,0.000741440163,0.00543645211,0.00743508246,-0.999957561,-0.00786510017,-0.0939028487,-0.430467099,0.0497893952,0.471499741,0.247690782,0.397843987,0.0291145593,-0.00214549201,0.00398609648,0.0924995318,0.431294322,-0.00681687705,-0.433535546
0.116310932,0.00040125841,-0.00053616392,-0.00028734337,-0.000852594385,0.00222128909,0.000741440046,0.0055254749,0.00746897748,-0.999956846,-0.00784023385,-0.0936270058,-0.430484056,0.0496433266,0.47139737,0.247662917,0.397815645,0.0291383415,-0.00213722605,0.00402090093,0.0925662741,0.431155205,-0.00699781394,-0.433281273
0.116305821,0.000653366733,-0.000303151086,-0.000175985479,-0.00160391163,0.00249129254,0.000531448342,0.0055254749,0.00746897748,-0.999956846,-0.00781502202,-0.0933827162,-0.430488884,0.0494537614,0.471314162,0.247649506,0.397786617,0.029153185,-0.0021304891,0.00405371096,0.0925761983,0.430998415,-0.00715393107,-0.433175325
0.116303839,0.000676927797,-0.000321778498,-0.000137575451,-0.00198773551,0.00453881733,0.000934559619,0.005625322,0.0075330874,-0.999955833,-0.00778937619,-0.0931756273,-0.430488795,0.0493176207,0.471213043,0.24764204,0.397755772,0.0291689355,-0.00212240103,0.00409014849,0.0925477743,0.430839926,-0.00719557283,-0.433161914
0.116300263,0.000549521414,-0.000336607656,-0.000345313194,-0.00179464964,0.00388172246,-0.00383569533,0.00570726255,0.00754824094,-0.999955237,-0.0077644242,-0.0929481909,-0.430498928,0.0492376871,0.471100271,0.247618526,0.397726327,0.0291893147,-0.00211225008,0.00412636111,0.0925697088,0.430712461,-0.00729986979,-0.433006525
0.116290003,0.000560246175,-0.000354182674,-0.000194483888,-0.00141679891,0.00182913116,-0.00424174266,0.00577916671,0.00760573661,-0.999954402,-0.00774076534,-0.0927162617,-0.430496126,0.0490123965,0.471077085,0.247601449,0.397692472,0.0292072296,-0.00210339529,0.0041525499,0.0925924852,0.43059057,-0.00750694331,-0.432831943
0.116292462,0.000871763448,-9.81320045e-05,-0.000106354273,-0.00207940675,0.0051045455,0.00381527492,0.00577916624,0.00760573661,-0.999954402,-0.00771697378,-0.0925319865,-0.430504441,0.0490071997,0.470900565,0.247587308,0.397664815,0.0292219762,-0.00209376705,0.00418892782,0.0925623626,0.430478752,-0.00754392939,-0.432821333
0.116285577,0.000756382651,-0.000116332405,-0.000337620411,-0.00236505782,0.00784819853,0.000887047267,0.00598451355,0.00768806553,-0.999952555,-0.00769290514,-0.0923569575,-0.430490285,0.0488710441,0.470858693,0.247585982,0.397629499,0.0292381551,-0.00208442612,0.00422009686,0.0925188884,0.430352062,-0.00757820299,-0.432819366
0.116278812,0.000539881352,-0.000385132007,-0.000192655207,-0.000477572525,0.00534293381,-0.000793664309,0.0060933698,0.00770012755,-0.99995178,-0.0076681599,-0.0921269134,-0.430488646,0.0488226712,0.470790774,0.247540012,0.397602648,0.0292577464,-0.00207309797,0.004252424,0.0925780684,0.430272967,-0.00778431213,-0.432538778
0.116277859,0.000557972817,-0.000142489575,-0.000377637974,-0.00219978392,0.00815563928,0.0120213833,0.00619794568,0.00770717626,-0.999951065,-0.00764354598,-0.0919666514,-0.43048656,0.0488118008,0.470686972,0.247526765,0.397574157,0.0292723253,-0.00206285692,0.00428717583,0.0925372466,0.430173755,-0.00782754831,-0.432520419
0.116263613,0.000120742981,-0.000133137713,-0.000604533823,-0.00307594938,0.00713574886,0.0111169117,0.00642330246,0.0077850176,-0.999949038,-0.00757919718,-0.0917552933,-0.430518061,0.0495606251,0.471152425,0.248470023,0.40092209,0.0441430397,-0.00592644,0.00450591417,0.0925279632,0.430024624,-0.00779559882,-0.431790262
0.116253689,-0.00080307544,-0.00068293704,-0.000217506138,-0.00107107928,0.00157371291,0.0012263743,0.00648674555,0.00782745145,-0.999948323,-0.0075376411,-0.0914558321,-0.43050909,0.0503185429,0.472651273,0.250934422,0.41008389,0.0814999789,-0.0145011637,0.00461327285,0.0925106779,0.429860741,-0.00777625712,-0.430793047
0.116255336,-0.00149857742,-0.000968877517,-5.57035173e-06,0.0012637272,-0.0135045396,0.00552046765,0.00648674555,0.00782745145,-0.999948323,-0.0075299372,-0.0911145806,-0.430467516,0.0509016067,0.473466963,0.25486666,0.424936712,0.135755181,-0.0252520163,0.00455022324,0.0925089121,0.429734975,-0.0077814851,-0.430261701
0.116254158,-0.00087833096,-0.000218249756,-0.000361213752,-0.00456475839,-0.0243448578,0.00719767436,0.00594807835,0.00777536724,-0.999952078,-0.00753634702,-0.0907630473,-0.430383086,0.0510295592,0.473619193,0.259993911,0.444147468,0.199112624,-0.0352606252,0.00441164803,0.092517145,0.429396361,-0.00783705059,-0.430142254
0.116241165,7.79071852e-05,0.000418583804,-0.000629547227,-0.0124178166,-0.0220427196,0.0090823127,0.00551521173,0.00800829288,-0.999952734,-0.00754958484,-0.0903880745,-0.430133283,0.0507950447,0.473718524,0.265921921,0.466108382,0.265391469,-0.0423657335,0.00422108639,0.0925329402,0.428661406,-0.00803754665,-0.430100232
0.116228826,0.0007379952,0.000467325939,-0.000589772069,-0.0131306788,-0.0215170179,0.0183295291,0.00506933639,0.00827025715,-0.999952972,-0.00756494282,-0.0900096074,-0.429820091,0.0505901501,0.473681122,0.272076249,0.489538252,0.330343097,-0.0455002598,0.00412240718,0.0925569236,0.427705199,-0.00822838861,-0.430061162
0.11621727,0.00146565353,0.00045249259,-0.000634373573,-0.0128249181,-0.0187915228,0.0224672873,0.00466059521,0.00852964446,-0.999952734,-0.0075767911,-0.089628242,-0.429449469,0.0503891408,0.473506749,0.278158098,0.513398349,0.39138779,-0.0454789735,0.00406799093,0.0925868154,0.426603228,-0.00840464421,-0.430012882
0.116203025,0.00143332931,-1.49104726e-05,-0.000748152204,-0.0084462529,-0.0142800426,0.0211302955,0.00432529021,0.00877900049,-0.999952137,-0.00758007914,-0.0892452747,-0.429060131,0.050129313,0.473355353,0.284030259,0.536926746,0.447124541,-0.042876415,0.00402425323,0.0926151574,0.425394684,-0.00860272069,-0.429882467
0.116187103,0.00165516138,-0.00033120974,-0.000797875517,-0.00516237505,-0.00999700557,0.0193158984,0.00409682142,0.00886402279,-0.999952316,-0.00757183181,-0.0888790637,-0.428832233,0.049967289,0.473089576,0.289486229,0.559663236,0.496984661,-0.0378675424,0.00398703385,0.0926720873,0.424292058,-0.00893154182,-0.4290995
0.116170958,0.00237336918,-0.000524423202,-0.000589589588,-0.00299080042,-0.00419863919,0.00973334908,0.00393237267,0.00898216572,-0.999951899,-0.007552044,-0.0885168388,-0.428586513,0.0496210195,0.473054349,0.29475376,0.581279039,0.540757596,-0.0309882145,0.00394822657,0.0927013606,0.423030972,-0.00924041774,-0.428364545
0.116163336,0.00235982263,-0.00105365412,-0.000342555024,0.00254224869,-0.00213255989,0.0254646912,0.0039323722,0.00898216665,-0.999951899,-0.007522617,-0.0882026777,-0.428426743,0.0493570007,0.472837955,0.299718231,0.601583898,0.57877773,-0.0227711089,0.00392025104,0.0927303508,0.421838552,-0.00943922531,-0.427574337
0.116157264,0.00250195316,-0.00125909003,-0.000272369769,0.00533899199,-0.00162287441,0.0398736894,0.00385613414,0.00887643732,-0.999953151,-0.00748570077,-0.0879193023,-0.428346217,0.0490486361,0.472580463,0.30436492,0.620486677,0.611548543,-0.0137868924,0.00388770411,0.0927499831,0.420725793,-0.00964527577,-0.426552117
0.116152503,0.00294093671,-0.00154979317,-9.79091128e-05,0.00832190178,0.00224040868,0.0238420833,0.00388143095,0.0087622609,-0.999954104,-0.00735975988,-0.0876689777,-0.428298086,0.0486355647,0.472293913,0.308798015,0.6379565,0.639542699,-0.00450345688,0.00386610208,0.0927561894,0.41957441,-0.00980028044,-0.425656945
0.116153434,0.00380276795,-0.00269952277,0.000293744088,0.0192930214,0.00914658047,0.0098126987,0.00395412417,0.00854004174,-0.999955714,-0.00709901471,-0.0874184892,-0.428150356,0.0480943359,0.472100466,0.313075781,0.654030323,0.663377345,0.00475410745,0.003838595,0.0927592888,0.418456018,-0.00997749437,-0.42462039
0.116164573,0.00448323833,-0.00340279029,0.000341691135,0.0262241773,0.0146440202,0.00247465563,0.00425068289,0.00798887108,-0.999959052,-0.00668779109,-0.0871953815,-0.427906841,0.0472980104,0.472086549,0.31736359,0.66872263,0.683586776,0.0138014983,0.0038172889,0.0927730054,0.417404473,-0.0101975659,-0.423218966
0.116167426,0.00449278997,-0.00194722239,-0.000141340497,0.0138504896,0.0122624496,0.0194544978,0.00454059662,0.00749069219,-0.999961615,-0.00625206577,-0.087046057,-0.427850902,0.0461745858,0.471808106,0.32145223,0.682260752,0.700372159,0.0224082377,0.00378932618,0.0927454308,0.416295856,-0.0104362713,-0.421833873
0.116158687,0.00393092539,-0.000299044885,-0.000424467638,-0.000886206806,0.0113096936,0.0369937345,0.00474676676,0.00743107777,-0.999961138,-0.00577287097,-0.0869416073,-0.427840263,0.0450621322,0.470615894,0.32527703,0.694737256,0.714152396,0.0305146165,0.00377955195,0.092686981,0.415039212,-0.0105816359,-0.421298236
0.116149791,0.00254993932,-0.000222303512,-0.000430748565,-0.0031305016,0.0116909845,0.0335990451,0.00500404136,0.00751925493,-0.99995923,-0.00518819271,-0.0867879167,-0.427829772,0.0443143696,0.469142944,0.328754365,0.706229806,0.725706816,0.0382446945,0.00377905206,0.0926907286,0.414049,-0.0106894877,-0.420723438
0.116141014,0.00198467379,-0.000952251197,-0.000153288769,0.00393094402,0.0109809665,0.0292704869,0.00522451568,0.00754956156,-0.99995786,-0.004503245,-0.0865778923,-0.427825809,0.0438070484,0.467838347,0.331802934,0.71686399,0.735487223,0.0456491187,0.00377448509,0.0927749798,0.413329989,-0.0108764563,-0.419730425
0.116143532,0.00167169038,-0.00122385763,-0.000888779992,0.0135752475,0.0120823402,0.0282418747,0.00545204943,0.00735596474,-0.999958098,-0.00368832308,-0.0864086598,-0.427801341,0.0433792695,0.46720773,0.334728628,0.726654887,0.743583381,0.0527467914,0.00377707998,0.0927294046,0.412693202,-0.0109054353,-0.419184029
0.11610546,0.00132300414,-0.000866825343,-0.000911611773,0.0136423744,0.0111381821,0.0249338746,0.00571589079,0.00700029079,-0.999959171,-0.00287627499,-0.0863830671,-0.427790999,0.0432896018,0.466516942,0.337386638,0.735561252,0.750116587,0.0595894083,0.00378387608,0.0922318622,0.412365675,-0.01087722,-0.418478757
0.116107009,0.00108785438,-0.000514762185,0.00011785049,0.00570233306,0.00612848904,0.0210185014,0.00590446778,0.00680450676,-0.999959409,-0.00205755001,-0.0863434598,-0.42778337,0.0429283902,0.465995044,0.339929789,0.743777692,0.755161405,0.0661872476,0.00379115995,0.0919468775,0.411940426,-0.0108768679,-0.418080777
0.116110057,0.000750047097,-0.000530594203,0.000360017293,0.00183942623,0.00143172592,0.0187121369,0.00596668944,0.00676719844,-0.99995929,-0.00126896799,-0.086244002,-0.427808672,0.0424281545,0.465332121,0.342168778,0.751264691,0.75891614,0.0725573972,0.0037998131,0.0918815136,0.411441624,-0.0110489549,-0.417418301
0.116121374,0.00094702607,-0.000619096623,7.07795989e-05,0.00352422055,0.00029577539,0.0224047266,0.00596684497,0.00672660489,-0.999959588,-0.000486458972,-0.0860740393,-0.427821934,0.0418063924,0.464792281,0.344239295,0.758006394,0.761564612,0.0787110701,0.0038124111,0.0919277221,0.41089806,-0.0111585464,-0.416943312
0.116112828,0.000480824587,-0.000591350952,-0.000339493941,0.00481627695,0.000520813104,0.0201854073,0.00598473661,0.00662111724,-0.999960184,0.000251849997,-0.0859743282,-0.427835047,0.0413055047,0.46421212,0.346170664,0.763940215,0.763149977,0.0846307427,0.00382996397,0.0917768478,0.410410136,-0.011149372,-0.416721225
0.116107836,0.000642939005,-0.000715528033,5.599418e-05,0.00512232631,0.00175530161,0.0175735075,0.00599305145,0.00652925577,-0.999960721,0.000943785009,-0.0858587697,-0.427880406,0.0409038365,0.463584036,0.347850055,0.769164383,0.763761103,0.090335086,0.00384479808,0.0917129144,0.41005373,-0.011292317,-0.416129082
0.116115101,0.000630381051,-0.000729556952,-0.00035179421,0.00819593668,0.00425684173,0.0141772712,0.00605943892,0.0064119813,-0.999961078,0.00160363899,-0.0857419968,-0.427893966,0.0403884724,0.463177025,0.34951368,0.773624182,0.763832688,0.095798105,0.00386332208,0.0916307718,0.409638584,-0.011276098,-0.415998966
0.116093799,0.000272633915,-0.000433276582,-0.000320460007,0.00531047536,0.00250687916,0.0108409142,0.00616698712,0.00619795965,-0.999961793,0.00214613392,-0.0856790021,-0.427938908,0.0401840992,0.462644339,0.350825727,0.777343988,0.76381278,0.101030879,0.00388193503,0.091360949,0.40950647,-0.0113684284,-0.4154194
0.116102323,0.00069874234,-0.000212381201,0.000362866704,-1.97261397e-05,-0.000153218803,0.00677139265,0.00616246136,0.0061970274,-0.999961793,0.0026553811,-0.0855680853,-0.427979171,0.0396930166,0.462188631,0.351983488,0.780455887,0.76346457,0.105955079,0.00389736402,0.091304563,0.409157187,-0.0114211682,-0.415216416
0.116108194,0.000692220172,-0.000341013802,0.000207796489,-0.000950240763,0.000670491136,0.00665085064,0.00616246136,0.0061970274,-0.999961793,0.00312936632,-0.085399434,-0.428029895,0.0392186902,0.461760879,0.352963239,0.78281641,0.762587607,0.110602595,0.0039162701,0.0913482308,0.408790588,-0.0114931259,-0.414942771
0.116110548,0.000595750404,-0.000456510345,8.54101017e-05,-0.00112833316,0.00185495208,0.0186160542,0.00619100779,0.00623334805,-0.999961436,0.00356982579,-0.0852218494,-0.42808345,0.0388016477,0.46137163,0.353711009,0.784443855,0.760926008,0.114969365,0.00393602112,0.0913987234,0.408466041,-0.0115611572,-0.414680481
0.116111577,0.000469571038,-0.000556391838,-1.28490967e-06,0.000305691414,0.00234349165,0.0165442806,0.00624138117,0.00623764098,-0.999961078,0.00396123016,-0.0850532651,-0.428133458,0.0384277627,0.461016059,0.354258537,0.785337985,0.758310497,0.119023144,0.00395270484,0.0914276317,0.408190101,-0.0116072362,-0.414490014
0.116110519,0.000541593996,-0.000463175209,-1.97771315e-05,0.000455446017,0.00138788461,0.012705218,0.00628891028,0.0062170024,-0.999960899,0.00432836823,-0.0848754495,-0.428204954,0.0381092094,0.460687995,0.354610354,0.785556674,0.754649699,0.122754499,0.00397235202,0.0914873704,0.407952666,-0.0116909891,-0.414178371
0.116110764,0.000150553125,-0.000464921352,-0.000609746494,0.00550471758,-0.0010341818,0.0135193132,0.00630004751,0.00621611485,-0.99996084,0.00468513696,-0.0847422481,-0.428250343,0.0378135592,0.460428864,0.354881585,0.785578728,0.749859393,0.126143619,0.0039946218,0.0914709419,0.407641232,-0.0116893193,-0.414114505
0.116086207,-0.000481219147,-0.000575483835,-0.000494302425,0.00737214554,-0.00435357308,0.00846503023,0.00625086017,0.00599337509,-0.999962509,0.00499423686,-0.0846798941,-0.428299367,0.0377227031,0.460218877,0.354973286,0.78556174,0.744015753,0.129203364,0.00402144156,0.0911719576,0.407543361,-0.0116040353,-0.413811505
0.116091251,-7.94752996e-05,-0.000229819998,0.000313323631,0.000735710259,-0.00470702164,0.0106594916,0.0061278413,0.00591883622,-0.999963701,0.00527420687,-0.0845834985,-0.42838046,0.0374467261,0.460108966,0.355027467,0.785447538,0.736999273,0.131850094,0.00403808895,0.0910950676,0.407358766,-0.0116492081,-0.413582891
0.116098814,0.000359034806,-0.000108560307,0.000231575439,-0.00184520136,0.000218701811,0.0127055012,0.00606500171,0.00596122071,-0.99996382,0.00557938963,-0.084478654,-0.428439468,0.0371771976,0.460044235,0.355073065,0.784860432,0.728815019,0.134064972,0.00406004535,0.0910570323,0.407056332,-0.0116289612,-0.413563877
0.116100453,0.000450468709,-0.000321179541,2.59885928e-05,-0.00109293615,0.00648137275,0.00999651197,0.00613950659,0.00598957576,-0.999963224,0.00588128716,-0.0843254775,-0.428555816,0.0370154455,0.4599967,0.355092913,0.783563852,0.71964711,0.135869503,0.0040823021,0.0911065191,0.406873792,-0.0116896182,-0.413294017
0.11609982,0.000877764833,-0.00025768386,-1.62969736e-05,-0.00101467525,0.0119118067,0.0118593797,0.00632649381,0.00600228319,-0.999961972,0.00615930604,-0.0841720775,-0.428727418,0.0369154103,0.459953994,0.355099082,0.78140676,0.709516644,0.137244642,0.00410380401,0.091157347,0.406775266,-0.0117634367,-0.413024306
0.116099641,0.00118702359,-0.00029122195,-4.6799636e-05,-0.00064339547,0.0162065029,0.0118422015,0.0066187256,0.00602709316,-0.999959946,0.00640999991,-0.0840492249,-0.428940564,0.0368506908,0.459913313,0.355097473,0.778292477,0.698417306,0.138176799,0.00412564399,0.0911523253,0.406720459,-0.0117721399,-0.412935168
0.116097704,0.00123487832,-0.000482091389,-9.91593261e-05,0.000378955912,0.0185059812,0.0090479143,0.00697754137,0.00602499396,-0.999957502,0.00659832172,-0.0839022994,-0.429202169,0.0368001945,0.45987618,0.355048686,0.774229228,0.686470628,0.138688549,0.00414669281,0.0912012309,0.406690776,-0.0118628098,-0.412648231
0.116095446,0.00118286966,-0.000490791223,-0.000756657158,0.00620245375,0.0150064174,0.00961476099,0.00736101856,0.00600953307,-0.99995482,0.00670819683,-0.0837560296,-0.42949146,0.0367516018,0.459840238,0.354928941,0.769223332,0.673716068,0.138838112,0.00416650716,0.0912537128,0.406667292,-0.0119714169,-0.412336081
0.116067208,-0.000179958515,-0.000776572677,-0.00115291728,0.0140477875,0.00718827033,-0.0024317021,0.00757992035,0.00577392895,-0.999954581,0.00676032435,-0.0837193877,-0.42964074,0.0367739983,0.459788918,0.354527682,0.763294697,0.660177946,0.138876483,0.00419400958,0.0908646584,0.406675965,-0.0118357949,-0.412218451
0.116049565,-0.000317920087,-0.000291150442,-3.79196354e-05,0.00567632169,0.00751717668,-0.00290567568,0.0076482445,0.00544838514,-0.999955893,0.00679254299,-0.0836981609,-0.429797053,0.0368546732,0.45974195,0.353680402,0.756559551,0.645873904,0.138888329,0.00427851686,0.0906678066,0.406943023,-0.0119555891,-0.411115199
0.116065852,0.00130244193,0.000698329182,0.00065640785,-0.00686295936,0.0154702617,0.0130291441,0.00787990354,0.00554781687,-0.999953568,0.00683008693,-0.0836460069,-0.430056036,0.036786899,0.459705353,0.352993041,0.748843253,0.630602658,0.138877645,0.00430084812,0.0905975401,0.406929493,-0.0119542787,-0.411013871
0.116075255,0.00166960456,0.000615983736,0.000329898292,-0.00716054114,0.0191415865,0.0142472563,0.00826975424,0.00571858278,-0.999949455,0.00686503388,-0.0835665315,-0.430342853,0.0367614739,0.459672809,0.352125347,0.740177572,0.614662647,0.138847843,0.00432006782,0.0905576721,0.406892657,-0.0119094234,-0.411036342
0.116078354,0.00102986221,-9.23350308e-06,6.71576418e-05,-0.0035317759,0.0155113786,0.00967253745,0.00864875223,0.00582938176,-0.999945581,0.00689494889,-0.083442159,-0.430620641,0.0367481783,0.45965147,0.350736976,0.73073566,0.598214328,0.138694689,0.0043373378,0.0905836523,0.406871378,-0.0119034862,-0.410891056
0.116077587,0.00060016202,-0.000284318783,-4.45732258e-05,-0.000712333771,0.00607464183,0.00350928027,0.00889240392,0.00585635565,-0.999943316,0.00692119403,-0.0832789168,-0.430898577,0.0367258713,0.459644914,0.348739535,0.720618963,0.581177592,0.13811177,0.0043498571,0.0906674787,0.40685901,-0.0119895739,-0.410593033
0.116076425,0.00052716065,-0.000261637353,-7.34033893e-05,-0.00131793437,0.0111670364,0.00956870615,0.00889240392,0.00585635565,-0.999943316,0.00694488967,-0.0831416547,-0.431180835,0.0367109664,0.459643453,0.346369565,0.709764242,0.563449681,0.136852369,0.00436110515,0.0907066241,0.406841695,-0.0120286131,-0.410426259
0.116074525,0.000408530293,-0.000248285738,-8.14740415e-05,-0.00212700991,0.0159246866,0.0148781799,0.00934136286,0.00590552483,-0.999938905,0.00696626911,-0.0829976946,-0.431461215,0.036695268,0.45965299,0.343574733,0.698227882,0.544989765,0.134838596,0.00437063491,0.090759933,0.406829566,-0.0120873367,-0.410230339
0.116073072,0.000335170131,-0.000194911336,-7.19134114e-05,-0.000809117919,0.00475509465,0.00530852424,0.00953280553,0.00593589945,-0.999936938,0.00698642479,-0.0828692764,-0.431733876,0.0366834104,0.459672958,0.340433985,0.686029315,0.52576524,0.132072747,0.00437925896,0.0907876417,0.40681538,-0.0121018412,-0.410108924
0.116071567,0.000148818552,-0.00019731115,-6.69982692e-05,-0.00143583084,0.00576152978,0.00730116805,0.00953280553,0.00593589945,-0.999936938,0.00700311037,-0.0827376992,-0.431963444,0.0366710313,0.45970881,0.336883247,0.673232436,0.505859733,0.1286228,0.00438319193,0.0908288583,0.406810015,-0.0121187698,-0.409974188
0.116070382,4.63118977e-06,-0.000143906116,-4.47782477e-05,-0.00232271524,0.00679896865,0.0106667923,0.00976508483,0.00599077158,-0.999934375,0.00701779686,-0.0826151073,-0.432157189,0.0366598107,0.459761143,0.332944423,0.659874618,0.48530221,0.124566123,0.00438494096,0.0908644125,0.4068093,-0.0121221226,-0.409908235
0.116069809,-0.000504627766,-0.000262657442,-5.25423457e-05,-0.000889890769,0.00103431847,0.00336143142,0.00980732217,0.00602488779,-0.999933779,0.00703027891,-0.0825011954,-0.432334781,0.0366522782,0.459880233,0.328635663,0.646000266,0.46414572,0.120001614,0.00438638078,0.0908930823,0.406818241,-0.0121049723,-0.409946412
0.116068542,-0.00085609511,-0.000234611478,-3.16045516e-05,-7.44066492e-05,-0.00190853304,0.00101871998,0.00980732217,0.00602488779,-0.999933779,0.00703903893,-0.0823712647,-0.432539225,0.0366432257,0.460164219,0.323874533,0.63168925,0.442497939,0.115041241,0.00438597519,0.0909626335,0.406849176,-0.0121668624,-0.409923404
0.116068937,-0.000887984002,-8.33570175e-06,1.94357945e-05,-0.00175354281,-0.00805047154,0.00792623684,0.00973123312,0.00602743309,-0.999934494,0.00704540405,-0.0822791234,-0.432759613,0.0366456211,0.460515976,0.318843931,0.616919458,0.420410782,0.10977897,0.00439068489,0.0909871086,0.406904906,-0.0121389432,-0.410107881
0.116069667,-0.00152439822,-0.000107620355,9.84190956e-06,-0.0016761662,-0.00614155037,0.0069094589,0.0094873812,0.00609194813,-0.999936461,0.00704773981,-0.0822014511,-0.432976276,0.0366526134,0.46096468,0.313489944,0.601758718,0.397975475,0.104281187,0.00439321995,0.0909748152,0.406948,-0.0120901139,-0.41045475
0.116069935,-0.00203442085,-0.000108836561,1.6917098e-05,-9.69469183e-05,-0.00654688803,0.000316099904,0.0094873812,0.00609194813,-0.999936461,0.00704501197,-0.0821080133,-0.433227837,0.0366608277,0.461515754,0.307709843,0.58623594,0.375340879,0.0986132622,0.00439680601,0.0910248607,0.40707159,-0.0121237831,-0.41065082
0.116071142,-0.00208966457,0.000137928422,5.16010296e-05,-0.0022467149,-0.0244497266,0.00559262233,0.00922557153,0.00609573163,-0.999938846,0.00703819422,-0.0820352361,-0.433465511,0.0366779268,0.462103128,0.30164969,0.570317864,0.352499008,0.0927840397,0.00440240186,0.0910346881,0.407196194,-0.0120733418,-0.411036581
0.116072737,-0.00265658577,0.000127160849,5.17529515e-05,-0.00279876613,-0.0299302917,0.00438185688,0.00851100963,0.00617975974,-0.999944687,0.00702582393,-0.0819781795,-0.433654845,0.0367004387,0.46273452,0.295291007,0.554032683,0.329469651,0.0867894292,0.00440527406,0.0909993723,0.407289386,-0.0119762849,-0.411639124
0.116074085,-0.00313043525,0.000153492321,6.07565598e-05,-0.00209285063,-0.0253322907,-0.000172491229,0.00802947767,0.00620609289,-0.999948502,0.00700753881,-0.0819120407,-0.433872104,0.0367261358,0.46342057,0.288542062,0.537417412,0.306381136,0.0806585699,0.00440849597,0.0910218731,0.407498717,-0.011930773,-0.412031412
0.116076134,-0.00316847535,0.000397445343,9.75747171e-05,-0.00345103093,-0.0280798264,0.00192669046,0.00749764731,0.00626352802,-0.999952257,0.00698417611,-0.0818609297,-0.434055001,0.0367608182,0.464124352,0.281543761,0.520510137,0.283224046,0.0743732378,0.0044131889,0.0910096243,0.407690853,-0.0118034333,-0.412591249
0.116078839,-0.00392153393,0.00038911766,4.26263468e-05,-0.00290229055,-0.029619528,-0.00532603078,0.00690686284,0.00634375075,-0.999956012,0.00695394306,-0.0818204656,-0.434212655,0.0368005671,0.464849234,0.274311066,0.503408492,0.26004985,0.0679211915,0.0044132811,0.0909548551,0.407920659,-0.0116188582,-0.413374007
0.116078824,-0.00466218079,0.000515455788,3.98031443e-05,-0.00318181724,-0.0317128971,-0.0115510495,0.00631145574,0.00638088817,-0.999959707,0.00691545894,-0.0817754641,-0.434449941,0.036867924,0.465600044,0.266753107,0.486221015,0.237030238,0.0613518953,0.00441466691,0.0909627378,0.408420622,-0.0115235914,-0.413729936
0.116081476,-0.0042948164,0.00107530341,0.000158970404,-0.00721143978,-0.0328013077,-0.00641435012,0.00563543569,0.00647397432,-0.999963164,0.00686969701,-0.081749104,-0.434659958,0.0369459614,0.466390282,0.259024739,0.469066352,0.214034736,0.0546204783,0.00440641213,0.0908740312,0.40901351,-0.0112954583,-0.414529413
0.116085872,-0.00432807161,0.0014950909,0.000137359559,-0.0102698067,-0.0307470635,-0.0101306215,0.00499769021,0.00667084986,-0.99996525,0.00681050494,-0.0817267746,-0.434766829,0.0371225215,0.4671866,0.251265615,0.451965421,0.19108139,0.0477608815,0.00440601818,0.0907656625,0.40961045,-0.0109170303,-0.415799409
0.116087437,-0.00476372289,0.00165995699,0.000132022469,-0.0113352574,-0.0297395904,-0.0177374408,0.00440292154,0.0068865167,-0.999966621,0.00666596601,-0.0817034021,-0.43486616,0.0374836586,0.468033344,0.24328962,0.435025424,0.168323949,0.0408418663,0.00439676084,0.0906670392,0.410529971,-0.0105601521,-0.416856766
0.116091534,-0.00486638863,0.00172452105,0.000161612756,-0.0117894802,-0.0290995613,-0.0202995278,0.0038031959,0.00712718628,-0.999967396,0.00644225953,-0.0816829577,-0.434962034,0.0378846489,0.468937367,0.235183507,0.418308228,0.145623848,0.0338626131,0.00438030297,0.0905530676,0.41154331,-0.0101268161,-0.418150276
0.11609415,-0.00471140398,0.0015911964,0.000272532867,-0.0106297322,-0.0279003177,-0.0216249637,0.00323317363,0.00736104604,-0.999967694,0.00616621645,-0.0816606134,-0.435105711,0.0383111946,0.469894797,0.226921454,0.401840419,0.122911736,0.0268440768,0.00436880579,0.0904548168,0.412647307,-0.00972340163,-0.419349253
0.116102576,-0.00430627586,0.00127261633,0.000380297512,-0.00802126527,-0.0257443357,-0.0249951687,0.00268082903,0.00755520118,-0.999967873,0.00585212605,-0.081635125,-0.435246199,0.0387001932,0.470994771,0.218570575,0.385632604,0.100122385,0.0197885297,0.00435638195,0.0903585479,0.413713276,-0.0092659248,-0.42072314
0.116109438,-0.00455507077,0.00118470599,0.000192451174,-0.00688181445,-0.0237173941,-0.0324763656,0.00219563092,0.00768434955,-0.999968052,0.0054030274,-0.0816148371,-0.435433388,0.0389854275,0.472108811,0.210129187,0.369649917,0.0773270726,0.0127079822,0.00433111284,0.0902539119,0.414822578,-0.00890951417,-0.422090948
0.11611031,-0.00455936929,0.00104199466,0.000259412278,-0.00563067524,-0.0229832213,-0.0355143696,0.00172224094,0.00783335418,-0.999967813,0.00485482719,-0.081593886,-0.435761482,0.0391709656,0.472970217,0.201479271,0.353967726,0.0544744134,0.00558817992,0.00430822093,0.0901607201,0.416040599,-0.00867662206,-0.423269361
0.116119802,-0.0039701541,0.000910894771,0.000322010135,-0.00505162869,-0.0212351214,-0.0321429484,0.00126524572,0.00791185349,-0.999967873,0.00428826688,-0.0815492123,-0.436049581,0.0392748155,0.473983288,0.192794621,0.3386015,0.0315989368,-0.00156524405,0.00428449502,0.0900838226,0.417223275,-0.00835664384,-0.424628735
0.116123103,-0.00393125741,0.000841635745,0.000209387959,-0.00424235454,-0.0185109768,-0.0360025093,0.00086278579,0.0080371974,-0.999967337,0.00365999271,-0.0815215036,-0.436388761,0.0393296108,0.474748701,0.184117272,0.323550791,0.00863367226,-0.00878189318,0.00425773254,0.0899838284,0.418271571,-0.00820183754,-0.426267356
0.116128042,-0.00398643408,0.000672487542,0.00012539771,-0.00224930327,-0.015894739,-0.0443762243,0.000513023871,0.00808263198,-0.999967217,0.00297127711,-0.081477955,-0.436703533,0.0394137576,0.475531459,0.175402895,0.308897972,-0.0142173804,-0.0159973148,0.00422779797,0.0899126232,0.419461578,-0.00813530665,-0.427552044
0.116127983,-0.00353351654,0.000829406141,3.94152858e-06,-0.00356722204,-0.0138931097,-0.0426028073,0.000212561528,0.00812799018,-0.999966919,0.00220341189,-0.0814487338,-0.437020391,0.0394620821,0.476177245,0.166752428,0.294666201,-0.0370206982,-0.0232164413,0.00419350201,0.0898332223,0.420621067,-0.00816255528,-0.428839564
0.11612796,-0.00310725882,0.00064448663,0.000134376911,-0.00180092978,-0.0116702942,-0.0469888858,-5.66487361e-05,0.00822560303,-0.999966145,0.00141242996,-0.081422925,-0.437280864,0.0395017378,0.476635695,0.158251166,0.280897975,-0.059831135,-0.030448135,0.00415825751,0.08974123,0.42168504,-0.00819699373,-0.430410117
0.116133139,-0.00282195676,0.000566270435,0.000134862188,-0.000905516383,-0.00970290974,-0.0516928062,-0.000269479642,0.00819987804,-0.999966323,0.000583723013,-0.0813789815,-0.437451601,0.0395410433,0.477287382,0.149908528,0.267600328,-0.0824825615,-0.0376507379,0.0041101668,0.0896716714,0.422858417,-0.00826476794,-0.431789756
0.116133139,-0.00266746338,0.000848806812,-3.55293669e-05,-0.00295116194,-0.00795439724,-0.0502519682,-0.000461726915,0.00826144405,-0.999965787,-0.000300884014,-0.0813586786,-0.437595099,0.0395619608,0.477619886,0.14175643,0.25474304,-0.105151676,-0.0448575914,0.00405367091,0.0895657465,0.42396605,-0.00833540782,-0.433366448
0.116131388,-0.00244718604,0.000838566921,-5.58101565e-05,-0.00244383723,-0.00544899749,-0.050246235,-0.000604236266,0.0083170021,-0.99996525,-0.00115343102,-0.0813394487,-0.437727839,0.0395885259,0.4777987,0.133779496,0.242303506,-0.127814174,-0.0520153902,0.00400971901,0.0894715786,0.425067633,-0.00848195516,-0.434690684
0.116130568,-0.0020998749,0.000708017324,-3.65797678e-05,-0.00118026196,-0.0031107273,-0.0491929241,-0.000696393603,0.00835799333,-0.999964833,-0.00195248274,-0.0813201517,-0.437819064,0.0396097712,0.477939606,0.126037449,0.230229929,-0.150487229,-0.0591035224,0.00396661647,0.0893763974,0.426092893,-0.00864177197,-0.436011851
0.116129629,-0.00185441459,0.000539146364,-4.57061142e-05,0.00041638891,-0.000866521557,-0.048729822,-0.000745235942,0.00836282969,-0.999964774,-0.00271178689,-0.0813035592,-0.437902033,0.0396247357,0.478055388,0.118505619,0.218478367,-0.173200667,-0.066114217,0.00392394094,0.0892798528,0.427090645,-0.00884652603,-0.437256187
0.116128504,-0.00153904094,0.000394945004,-6.74565163e-05,0.00172990852,0.00154096924,-0.047384236,-0.000747359882,0.00833973661,-0.999964952,-0.00343164708,-0.0812891722,-0.437979311,0.0396318994,0.478148311,0.11120116,0.206992999,-0.195971534,-0.073038578,0.00388174504,0.0891808197,0.428034216,-0.00909961388,-0.438479275
0.116126753,-0.00135217735,0.000199505885,-0.000140642005,0.00362457125,0.00361109409,-0.047503788,-0.000699564349,0.00829219259,-0.99996537,-0.00412052311,-0.0812766477,-0.438051492,0.0396317504,0.478215009,0.104131736,0.195740387,-0.218763798,-0.0798579007,0.00383954146,0.0890793204,0.42890808,-0.00942409318,-0.439688116
0.116122775,-0.00143326877,-4.30467226e-05,-0.000312773336,0.00642362516,0.00581261516,-0.0521033593,-0.000618752732,0.00819340069,-0.999966264,-0.00479350658,-0.0812665075,-0.438128829,0.0396266654,0.478265792,0.0972788185,0.184725195,-0.2415075,-0.0865486562,0.00379542867,0.0889769122,0.429702431,-0.00992721971,-0.440841138
0.116114222,-0.000881361018,-0.000222654227,-0.000304796878,0.0075704949,0.00654302957,-0.0458686426,-0.000484136661,0.00803397968,-0.999967635,-0.00547266379,-0.0812577233,-0.438221782,0.0396250747,0.478307366,0.0906458274,0.173965335,-0.264089048,-0.0930870399,0.00374540198,0.0888958275,0.430466115,-0.0106919622,-0.44180119
0.116110638,-0.000831731944,-0.000448455423,-0.000416003953,0.0097709205,0.00727959396,-0.0467790142,-0.000371853093,0.00788949616,-0.999968827,-0.0061213458,-0.0812505707,-0.438263714,0.0395979285,0.478344709,0.0843680054,0.163451701,-0.28665936,-0.099492617,0.00369051192,0.0887661129,0.430942446,-0.0113620209,-0.443393201
0.116097711,-0.000394615025,-0.000555293751,-0.000444317877,0.01065314,0.00877708104,-0.0437683649,-0.000207732752,0.00764244143,-0.999970794,-0.00681102695,-0.0812433437,-0.438356191,0.0395894423,0.478370756,0.0782704726,0.15325518,-0.308858365,-0.105702177,0.00363273011,0.088683635,0.431503356,-0.0124661839,-0.444272637
0.116093032,-0.000114431758,-0.00063528883,-0.000488666119,0.0114664771,0.00975472573,-0.0429681651,-3.42441817e-05,0.00746307522,-0.999972165,-0.00749682216,-0.0812380984,-0.438381732,0.0395502113,0.478392273,0.0726919323,0.143380627,-0.330874592,-0.111731566,0.003576844,0.0885393992,0.431740046,-0.0132538108,-0.445889056
0.116078354,-0.00018364258,-0.000742646283,-0.000591742108,0.0128848953,0.0103196446,-0.0462084673,0.000169788153,0.00718374271,-0.999974191,-0.00824149325,-0.0812321976,-0.438447893,0.0395350382,0.478399336,0.0673210174,0.133969367,-0.352343023,-0.117510661,0.00352172204,0.088449046,0.432118952,-0.0144828297,-0.446685344
0.116069578,-8.6698441e-05,-0.000849985285,-0.000596969097,0.0138714937,0.00918205176,-0.0457890257,0.000365244254,0.00694795512,-0.999975801,-0.0089913886,-0.081228286,-0.438471109,0.0394977853,0.478398412,0.0624688566,0.125014156,-0.373467743,-0.123057321,0.003470361,0.0883115828,0.432270676,-0.0154635496,-0.447947025
0.116054714,0.000105941261,-0.000834722305,-0.000587195507,0.0138240056,0.00961077586,-0.0451043509,0.000524519302,0.00662964908,-0.999977887,-0.00982526504,-0.0812262222,-0.438499689,0.039465487,0.478386492,0.0579126365,0.116612367,-0.393980443,-0.12834017,0.00337742106,0.0881967843,0.432521224,-0.0167405307,-0.448802173
0.116046309,0.000510812155,-0.000721557997,-0.000542367634,0.0126733948,0.0107215811,-0.0413336679,0.000737688737,0.00639601192,-0.999979258,-0.0106560485,-0.0812246352,-0.438513458,0.0394191667,0.478360862,0.0540028028,0.108714946,-0.414052933,-0.133361384,0.00331639708,0.0880440474,0.432620376,-0.0176952947,-0.450099409
0.116033189,0.000342956715,-0.000734556583,-0.000593154749,0.0130976457,0.0102929836,-0.0433802269,0.000942850776,0.00612391112,-0.999980807,-0.011533278,-0.0812213421,-0.438529104,0.0393870361,0.478323311,0.0504838228,0.101430051,-0.433437139,-0.138068348,0.00326664373,0.0879132524,0.432794362,-0.018819727,-0.45096761
0.116022751,0.000703333062,-0.00066604506,-0.000493554457,0.0121199321,0.0103308074,-0.0375247337,0.00113890041,0.00587373739,-0.999982119,-0.0123994183,-0.0812205449,-0.438541949,0.0393486395,0.478250414,0.0474965312,0.0947345495,-0.45227921,-0.142437443,0.00322405994,0.0877574086,0.432899117,-0.0197989438,-0.451942921
0.116013572,0.000684935134,-0.000649824273,-0.000541801564,0.0122263953,0.0115009639,-0.0390706025,0.00134709233,0.00564096728,-0.999983191,-0.0132828932,-0.0812200308,-0.438545316,0.0392972417,0.478121251,0.0450539626,0.0886347145,-0.470463306,-0.146453932,0.0031837509,0.0875859037,0.432974458,-0.0206951667,-0.452894688
0.116001189,0.000808560406,-0.000608111324,-0.000575321203,0.0120543279,0.0138784731,-0.0396165624,0.00159017497,0.00538667385,-0.999984205,-0.0141752027,-0.0812197775,-0.438550413,0.0392428562,0.477835327,0.043116916,0.0831851065,-0.487915456,-0.150084794,0.00315075461,0.0874319598,0.433079809,-0.0216729678,-0.453469843
0.115990639,0.00141973828,-0.000506533834,-0.000426850514,0.0107805887,0.015798172,-0.0332536288,0.00189364306,0.00516110286,-0.99998486,-0.0150397662,-0.0812189579,-0.438547134,0.0391503423,0.477410167,0.0417720228,0.078387171,-0.504702985,-0.153320611,0.00312180119,0.0872709453,0.433167934,-0.0225150455,-0.454018384
0.115984112,0.00144659355,-0.000545347517,-0.000441697834,0.0113613959,0.0168062989,-0.0347314849,0.00221518986,0.00495805219,-0.999985278,-0.0158655941,-0.0812195837,-0.438535243,0.0389751755,0.476873577,0.0409749895,0.0742353275,-0.520869493,-0.156154662,0.00309427804,0.0870806277,0.433201283,-0.0231977906,-0.454710543
0.115972951,0.0014222496,-0.000547858945,-0.000442815362,0.0116686299,0.0167009272,-0.0362828746,0.00255911285,0.00470988872,-0.999985635,-0.0166884158,-0.0812184066,-0.438523769,0.0387985036,0.47626698,0.0405826569,0.0707613602,-0.536265135,-0.158578619,0.00307072094,0.0869189203,0.433286548,-0.0240501538,-0.454984725
0.115966357,0.00115462055,-0.000364290783,-0.000454298191,0.0101677999,0.0131181404,-0.0303828474,0.00287643936,0.0044947057,-0.999985754,-0.0174906962,-0.0812182128,-0.438501239,0.0385244191,0.475626141,0.0405026376,0.067910485,-0.550985754,-0.160611928,0.00304923998,0.0867353752,0.433333963,-0.0246723052,-0.455430269
0.115954712,0.000420968834,-0.000125298247,-9.14459306e-05,0.0110783186,0.00594759267,-0.021488348,0.00307843136,0.00430680625,-0.999985993,-0.0183817893,-0.0813160539,-0.438549578,0.0382463038,0.474603623,0.0404576249,0.0657138973,-0.565019548,-0.162269995,0.00302698906,0.0865270123,0.433375686,-0.0253663361,-0.455850065
0.115962669,0.000390712637,-0.000362017163,0.000643300067,0.0204721745,-0.00127111643,-0.0264955275,0.00311061949,0.00405405927,-0.999986947,-0.0191683136,-0.0815886855,-0.438469946,0.0381382629,0.473576188,0.0404475443,0.0641685575,-0.578406036,-0.163545832,0.00302258204,0.0862365812,0.433430254,-0.0257096458,-0.456440955
0.115980454,0.000818407047,-0.000549472985,0.00070780993,0.0292909089,-0.00480237277,-0.0398300849,0.0030234484,0.00349130156,-0.999989331,-0.0198580772,-0.0820352584,-0.438037902,0.0381094478,0.473437488,0.0404702239,0.0631687865,-0.590961277,-0.164412275,0.00300579891,0.0858000219,0.433539808,-0.0258787218,-0.456712335
0.115990959,0.000859910448,-0.000247550255,-9.78620374e-05,0.0249732435,-0.00271628052,-0.0446283557,0.00291309971,0.00288711069,-0.999991596,-0.0205763951,-0.0826165229,-0.437478989,0.0380563177,0.473394483,0.0406244248,0.0626682416,-0.60291028,-0.164908141,0.00298180711,0.0852068737,0.433590114,-0.0259866435,-0.457059443
0.115976468,0.000977574266,1.02344802e-05,-0.000740703195,0.0128695844,0.00254543079,-0.0412513986,0.00290980679,0.0024976437,-0.999992669,-0.0212836806,-0.0829380155,-0.437145323,0.0377898142,0.473168135,0.0409004986,0.0625502393,-0.614251435,-0.165060371,0.00296581117,0.084797807,0.433598399,-0.0265292842,-0.457199931
0.115961216,0.00109119376,0.000508752593,-0.000448503852,0.00397009403,0.00572112994,-0.020203637,0.00301071489,0.00237736199,-0.999992669,-0.0219411887,-0.0829588994,-0.437078714,0.0371693373,0.472569495,0.0414348319,0.062531583,-0.624981165,-0.165097296,0.00295212306,0.0845694765,0.433565289,-0.0270457845,-0.457699895
0.115958348,0.00143376493,0.000240765134,0.000295821897,0.0101742353,0.00779115967,-0.0206815507,0.00313652912,0.00234123319,-0.999992311,-0.0226647705,-0.0832362324,-0.436954796,0.0369958021,0.470975131,0.0421472862,0.0625497773,-0.63499254,-0.16510655,0.00295609096,0.0843219757,0.433547974,-0.0273411162,-0.458289087
0.115972847,0.00237557688,-0.00046290204,0.000480276532,0.0197233111,0.012225884,-0.0390651822,0.00332049397,0.00197293982,-0.999992549,-0.0232108235,-0.083527483,-0.436466306,0.0369725153,0.470551491,0.0433145836,0.0626586899,-0.64402318,-0.16509372,0.00295615103,0.08404807,0.433621854,-0.0274794642,-0.458265513
0.11597728,0.00253673061,3.77940996e-05,-0.00043089845,0.0111890389,0.0171527769,-0.0313532241,0.00362242013,0.00155746448,-0.999992251,-0.023739649,-0.08384417,-0.435964942,0.0368923508,0.47032097,0.0450025052,0.0630620345,-0.652357817,-0.165057689,0.00295756198,0.0837332606,0.43366608,-0.0276726671,-0.458045065
0.115955241,0.00226578629,0.000393419788,-0.00041314913,0.00530688325,0.0181952361,-0.0240893662,0.00400446123,0.00152980525,-0.999990821,-0.02435744,-0.0840135813,-0.435857147,0.036481481,0.468917251,0.0471434668,0.064045772,-0.66019398,-0.164848387,0.00296774507,0.0835115314,0.433625817,-0.0280252807,-0.458087236
0.115960367,0.00284044072,-9.4662144e-05,0.000428530388,0.0136001492,0.0186835509,-0.0311276279,0.00434878236,0.00134915893,-0.999989629,-0.0248447303,-0.0842134729,-0.435481131,0.0363700129,0.467829555,0.0498034395,0.0658743382,-0.667167842,-0.164139882,0.00298243901,0.0833230913,0.433686703,-0.0282339975,-0.457858354
0.115971893,0.00344932103,-0.000268129515,0.000171092877,0.0150001533,0.019500196,-0.0365430787,0.00475007109,0.00099114154,-0.999988198,-0.0252064522,-0.0845140144,-0.434883147,0.0363398679,0.467329055,0.0531848781,0.0685464144,-0.673418164,-0.162710756,0.00299755903,0.0830377638,0.433704555,-0.0283124708,-0.457675338
0.115966566,0.00220625312,0.000310826174,-0.000634053838,0.00637003127,0.0168347731,-0.0294468012,0.0051274416,0.000756285328,-0.999986589,-0.0255847517,-0.0846785828,-0.434392631,0.0359681733,0.466651499,0.0570538528,0.0721114129,-0.679033041,-0.160493776,0.00301127508,0.0827982277,0.433702797,-0.028467156,-0.457516164
0.115946069,0.00210130122,0.000337634556,-0.00014463281,0.00673234556,0.0161192659,-0.0218971055,0.00542267691,0.000742247677,-0.999985039,-0.0260861609,-0.0848950967,-0.434137493,0.0357499719,0.464635849,0.0611616634,0.0766390786,-0.684016764,-0.157484591,0.00306756399,0.0826354325,0.433697283,-0.0289212577,-0.457145989
0.115960315,0.00345875043,-0.000211654551,0.00058853341,0.0145698041,0.0196735002,-0.029202899,0.00577145116,0.000491886865,-0.999983251,-0.0263000205,-0.0851359889,-0.433499485,0.0356990844,0.463712096,0.0660468563,0.0819578022,-0.6882146,-0.153668046,0.00309777306,0.0823991448,0.433672845,-0.0289536044,-0.457119614
0.115968816,0.00359215168,-8.39988061e-05,-3.78719778e-06,0.0107986555,0.020480169,-0.0323311388,0.00620905776,0.0001664015,-0.999980688,-0.0264798142,-0.085428983,-0.43281576,0.0356673934,0.46313715,0.0714356527,0.0880391449,-0.691623807,-0.149150774,0.00314771105,0.0821525902,0.433680743,-0.0290244427,-0.456830025
0.115959272,0.00268092495,8.20387431e-05,-0.000608746719,0.00488386396,0.0176689532,-0.03170266,0.00659046788,6.78412762e-05,-0.999978304,-0.0266493056,-0.0855047256,-0.432398528,0.0351086073,0.462222636,0.0771088377,0.0948692337,-0.694380939,-0.144019559,0.00319386995,0.0819821507,0.433656543,-0.0290970095,-0.456725478
0.11594376,0.00222277781,6.12877411e-05,-0.000413792295,0.00322510116,0.0159052033,-0.025050411,0.00691582356,-2.07672292e-05,-0.999976099,-0.0267919172,-0.0854905993,-0.43219927,0.0344145,0.461008608,0.082924895,0.102435134,-0.696310699,-0.138339698,0.00327148894,0.0818922296,0.433666021,-0.029458981,-0.456226826
0.115942106,0.00245175837,9.40529299e-06,-9.013198e-05,0.00260305498,0.0163402371,-0.0168450195,0.00722666457,-5.42653543e-05,-0.999973893,-0.0268635675,-0.0854596049,-0.432016641,0.0336773433,0.459709197,0.0891399384,0.110628366,-0.697477102,-0.132200554,0.00333313295,0.0817987919,0.433638066,-0.0295267254,-0.456190407
0.115939446,0.00154268835,7.28404075e-06,0.000221789029,0.00718773995,0.0120822918,-0.00850239396,0.00756937545,-0.000119937875,-0.99997133,-0.0269125495,-0.0854276344,-0.43181482,0.0330857076,0.458425552,0.0956333131,0.119415805,-0.697842181,-0.125655323,0.00347211794,0.0817340091,0.433635086,-0.0296475701,-0.455936015
0.11595051,0.00181876752,-0.000105795953,0.000799373549,0.00548907742,0.00351210427,-2.00366558e-05,0.00770996371,-0.000339404331,-0.999970198,-0.0269903746,-0.0857593268,-0.431442916,0.0330147482,0.456736326,0.102129258,0.128867656,-0.697880507,-0.118743896,0.00371579826,0.0815037116,0.433653474,-0.0296619274,-0.455650091
0.115970857,0.00264162221,-0.000370941241,0.000756260066,0.0140347397,0.0104924571,-0.0161876734,0.00770996604,-0.000339407678,-0.999970198,-0.0270232223,-0.0860411674,-0.430816829,0.0329932459,0.456040889,0.109124161,0.138790682,-0.697860241,-0.111494094,0.00395573908,0.0812784359,0.433631033,-0.0294083785,-0.455625683
0.11597994,0.0026346352,-0.000243632094,0.000387846783,0.0187100861,0.0175256934,-0.0236176867,0.00812999718,-0.000895602978,-0.999966562,-0.027053969,-0.0863053128,-0.430244267,0.0329802074,0.455659807,0.116268456,0.149294645,-0.697667241,-0.10392376,0.00433829986,0.0811187699,0.433672339,-0.029282894,-0.455052108
0.115985505,0.00253937417,0.000153509245,-5.96464524e-05,0.00519859418,0.0124598276,-0.0143982293,0.00841164961,-0.00108023593,-0.999964058,-0.0270752385,-0.086543709,-0.429727435,0.0329626277,0.455265254,0.123713121,0.160357937,-0.697085977,-0.096028693,0.00477098813,0.0809688866,0.433690101,-0.0291582141,-0.454720736
0.115976706,0.00222800928,0.000639535661,-0.000526506803,-0.00357861444,0.0121392645,-0.00557925506,0.00862910505,-0.00109869998,-0.999962151,-0.0270940196,-0.0866529495,-0.429400206,0.0326947868,0.45467627,0.131281048,0.172051147,-0.695757151,-0.087845169,0.00523339678,0.08088658,0.433705449,-0.0291357413,-0.454380095
0.115963705,0.00185866037,0.000736291928,-0.000524898118,-0.00610993197,0.0131561086,0.00155899581,0.00889748242,-0.000935231743,-0.999960005,-0.0271032173,-0.0866339058,-0.429317474,0.0322781987,0.453747571,0.139143884,0.184323654,-0.69352299,-0.0794093981,0.00579630397,0.0808489025,0.433684319,-0.0291316155,-0.454319775
0.115955077,0.00173282623,0.000152747933,0.000290113705,0.000238756315,0.0087591568,0.00184079632,0.0091552157,-0.000854917511,-0.99995774,-0.0271041617,-0.0866140798,-0.429223478,0.0320602506,0.452829957,0.147153556,0.197220147,-0.690079033,-0.0707264617,0.00649349298,0.0808505341,0.43373096,-0.0291853603,-0.453776062
0.11597468,0.00206395914,-0.000145840066,0.000650317117,0.00324886153,0.00542587088,0.00153880124,0.00924777146,-0.000945152889,-0.999956787,-0.0270904489,-0.0866902769,-0.428811938,0.0320340507,0.452308297,0.15537034,0.210766762,-0.685482919,-0.0617899187,0.00716678193,0.0808289945,0.433749497,-0.0288352594,-0.453476518
0.11598032,0.00166331872,9.95095397e-05,4.566805e-05,0.00100498274,0.0031133499,-0.000136379749,0.00937235635,-0.000985296443,-0.999955595,-0.0270743836,-0.0867574364,-0.428403348,0.031978488,0.451851547,0.163851216,0.22487542,-0.679756165,-0.0526709855,0.00785603374,0.0808216184,0.433773667,-0.0285202898,-0.453109533
0.115975887,0.00166237366,0.000288054987,8.99926017e-05,-0.00202594139,0.00578027638,0.00317557529,0.00937235635,-0.000985296443,-0.999955595,-0.0270555634,-0.0867761001,-0.428185731,0.031840194,0.451270044,0.172476232,0.239609793,-0.672894955,-0.0434225723,0.00850554742,0.0808256269,0.43379721,-0.0284340717,-0.452592909
0.115983307,0.00208191434,0.000562497589,3.66223903e-05,-0.0061037885,0.0115209529,0.0099586891,0.00960347615,-0.000905361143,-0.999953449,-0.0270242803,-0.0868292227,-0.427859217,0.0317781419,0.450778663,0.181434914,0.254930466,-0.66494894,-0.0340677686,0.00915889163,0.0808105543,0.433790177,-0.0281198397,-0.452503979
0.115976572,0.00177864486,0.000412834517,0.000178495422,-0.00292884326,0.00786364917,0.00738915941,0.00983287487,-0.000744889141,-0.999951363,-0.0269874595,-0.0868228078,-0.427726299,0.0317052193,0.45015049,0.190640002,0.270823479,-0.655862212,-0.0246500932,0.00988852605,0.0808069035,0.4337762,-0.0280064065,-0.452447116
0.11598976,0.00152943563,0.000239046596,0.000192871463,0.00114610628,0.00211731018,0.00060853886,0.00991766155,-0.000791139377,-0.999950528,-0.0269424524,-0.0869105086,-0.427376002,0.0317384303,0.449779451,0.199867979,0.287401021,-0.645483673,-0.0151624596,0.01066304,0.080824472,0.433852166,-0.0276390873,-0.451757014
0.115983687,0.00163940259,0.000530920282,-0.000134296817,-0.00581154227,0.00750997569,0.0131567083,0.00991766248,-0.000791140075,-0.999950528,-0.0268870592,-0.0869267881,-0.427206784,0.0316770561,0.449346632,0.209309593,0.30453667,-0.634098351,-0.00565533014,0.0113694919,0.0808284432,0.433844775,-0.0274659656,-0.451476544
0.115983754,0.00129653525,0.000343122607,9.85549632e-05,-0.00617937883,0.00916152913,0.016415989,0.010217878,-0.000563784502,-0.999947608,-0.0267297179,-0.0869283006,-0.427070022,0.0316561237,0.448869944,0.218932062,0.322191834,-0.621697664,0.00387232192,0.0120837558,0.080838412,0.433832049,-0.0272734333,-0.451402068
0.115987107,0.000977502787,0.000168524712,0.000136254064,-0.0022701933,0.00372613082,0.0120850224,0.0102836508,-0.00055063254,-0.999946952,-0.0264545288,-0.0869565979,-0.426840216,0.031656839,0.448556185,0.228456661,0.340303481,-0.608194351,0.0133953756,0.0128094703,0.0808933377,0.433890671,-0.0269750115,-0.450626045
0.115988806,0.00115622161,0.000431085937,-3.40427359e-05,-0.00567848003,0.00650879368,0.0212056302,0.0103667649,-0.000478111819,-0.999946177,-0.0260298233,-0.08697965,-0.426678538,0.0316403545,0.448271394,0.238037735,0.358658582,-0.59387511,0.0228695832,0.0134699624,0.0809148476,0.433881342,-0.0267073978,-0.450323731
0.115985274,0.000922445673,0.000373462884,-4.14371279e-05,-0.00522251753,0.00683837198,0.0217496492,0.0105434768,-0.000332377036,-0.999944389,-0.0254693031,-0.0869690478,-0.426609784,0.0316217095,0.447866946,0.247594535,0.377070606,-0.578766406,0.0322608314,0.0141332103,0.0809390917,0.433856219,-0.0265833251,-0.45025447
0.115986764,0.000585055852,7.13888294e-05,0.000309647585,-0.00213605328,0.00326354429,0.022380352,0.0106400102,-0.000278608059,-0.999943376,-0.0247989409,-0.0869775191,-0.426477462,0.0316212028,0.447600871,0.25684306,0.395467222,-0.562799811,0.0415407643,0.0148082161,0.0810005069,0.433888018,-0.0263310745,-0.449689716
0.115997411,0.000711180328,0.000174894929,0.000281743502,-0.0037196707,0.00350925513,0.0285880119,0.0106737232,-0.000256477244,-0.999943018,-0.0240061935,-0.0870100409,-0.426347673,0.031627275,0.447416037,0.265832633,0.413723379,-0.546209216,0.0506958365,0.0154234283,0.0810397863,0.433887243,-0.0259817485,-0.449330151
0.115997732,0.000257916574,0.00032746233,-0.000227316064,-0.00588727603,0.00471203774,0.0248418078,0.0107801165,-0.000142125951,-0.999941885,-0.0231278166,-0.0870166272,-0.426273793,0.0316075422,0.447220415,0.274607599,0.431642354,-0.529019058,0.0596815422,0.015983738,0.0810726061,0.433860302,-0.0256859027,-0.449254245
0.11598821,-4.30846485e-05,0.000181673706,0.000121536708,-0.00412032567,0.00220356835,0.0251837149,0.0108618038,-3.15773395e-05,-0.999940991,-0.0222325977,-0.0869788751,-0.426248759,0.0315960273,0.446935922,0.282891184,0.449245423,-0.511110783,0.0684840158,0.016513247,0.08116211,0.433880597,-0.0256315805,-0.448545843
0.116002612,0.00047472617,0.000221221722,0.000466566737,-0.00446297275,0.00185476488,0.0334463678,0.0108681787,1.15523462e-05,-0.999940932,-0.0212355014,-0.0870047659,-0.426146001,0.0316030942,0.446789682,0.290870637,0.466515124,-0.492669374,0.0771181211,0.0169566199,0.0812064633,0.433867216,-0.0252207629,-0.448335946
0.116006665,-9.33819974e-05,0.000313550001,-6.63625469e-05,-0.00604645349,0.00163236482,0.0271727294,0.0109358868,0.000132300527,-0.999940217,-0.0201894306,-0.0870107189,-0.426084459,0.031584356,0.446703225,0.298537821,0.48331213,-0.473666877,0.085541755,0.017352717,0.0812463462,0.433838487,-0.0247958247,-0.448281378
0.115999997,-0.000525215524,0.000361233164,-0.0001349308,-0.00655109482,8.44516908e-05,0.0254661888,0.0109334746,0.000241613816,-0.999940217,-0.0191688687,-0.0869703367,-0.426068664,0.0315739028,0.44659543,0.305603027,0.499709934,-0.453987867,0.0937381014,0.017707644,0.0813440233,0.433859348,-0.0246311035,-0.447525859
0.116001494,-4.2579577e-05,0.000478866015,0.000135698865,-0.00750977593,0.00101851101,0.0334868655,0.0109395599,0.00038306872,-0.999940097,-0.0180850513,-0.0869439244,-0.426057696,0.031560231,0.446526855,0.312350184,0.515639246,-0.433826625,0.10168653,0.017980691,0.0813937485,0.433823317,-0.0243603196,-0.447405517
0.116005436,-0.00040347458,0.000295856938,9.65029103e-05,-0.00613217521,1.41092096e-05,0.0296573471,0.0109748133,0.00052741135,-0.99993962,-0.0169595573,-0.0869169608,-0.426047951,0.0315499045,0.44647187,0.318709016,0.531058371,-0.413167417,0.109358974,0.0182279181,0.0814407393,0.43378526,-0.0240087453,-0.447373241
0.116005525,-0.000740149699,0.000145992453,0.000106737418,-0.00489429943,-0.00177333236,0.0278237816,0.0109406589,0.000615068944,-0.999939978,-0.0158496797,-0.0868665129,-0.426041037,0.0315459967,0.44642517,0.324458241,0.545991838,-0.391981155,0.116714247,0.0184553098,0.08153788,0.43379575,-0.0237565879,-0.446795642
0.116010025,-0.000547068717,0.000193383166,0.00018286884,-0.00529818004,-0.00103023357,0.0307251271,0.0109044742,0.000710947614,-0.999940276,-0.0146958819,-0.0868360475,-0.42603755,0.0315345041,0.446384788,0.329815,0.560394347,-0.370503277,0.123708613,0.0186032038,0.081595853,0.433762461,-0.0234564357,-0.446660787
0.116013072,-0.00077576685,0.000123318314,0.000131722976,-0.004756446,-0.00176986179,0.0276571121,0.0109003512,0.000813543797,-0.999940276,-0.0135250362,-0.0867944732,-0.426036566,0.0315282382,0.446349412,0.334726423,0.574237287,-0.348735988,0.130311832,0.0187292416,0.0816723555,0.433744997,-0.0231488142,-0.446387112
0.116015628,-0.000638760161,0.000159648989,0.000186947291,-0.0049071922,-0.00127211935,0.0293518584,0.010834734,0.000889174407,-0.999940932,-0.0123818126,-0.0867514983,-0.426031709,0.03151609,0.446329325,0.339098632,0.587569892,-0.326714545,0.136472002,0.0188061185,0.081750609,0.433729082,-0.0229237732,-0.446099162
0.116020821,-0.000737684255,0.00013523837,0.000139287833,-0.00472629117,-0.000899518607,0.0276141074,0.0108504836,0.000997003284,-0.999940634,-0.011198842,-0.0867227465,-0.426035464,0.0315099508,0.446310073,0.343143702,0.600325525,-0.304589778,0.142142266,0.0188575499,0.0818033516,0.433686614,-0.0226066485,-0.446080416
0.116021514,-0.000743590237,0.000129273234,0.000140381992,-0.00468460936,-0.000845067436,0.0276657604,0.0107999183,0.00106659916,-0.999941111,-0.0100455666,-0.0866713896,-0.426041037,0.0315102413,0.446301103,0.346584678,0.612590611,-0.282297164,0.147329688,0.0189152714,0.0818984509,0.433695912,-0.022413576,-0.445608765
0.116026752,-0.000690883666,0.000152512861,0.000153274086,-0.00479696505,-0.000597259146,0.028116975,0.0108177718,0.00117241009,-0.999940813,-0.00885489024,-0.0866417363,-0.42604965,0.0315075405,0.446299702,0.349711239,0.624315858,-0.260007977,0.152005911,0.0189587716,0.08195097,0.4336541,-0.0220949277,-0.445582867
0.116027936,-0.000826095406,0.000122774887,0.0001095345,-0.00458002323,-0.000944813306,0.0260315649,0.0107771298,0.0012463273,-0.99994117,-0.00770410802,-0.0865938589,-0.426059276,0.0315107517,0.446310312,0.352255076,0.635572195,-0.237673342,0.156168774,0.0189991388,0.0820372403,0.433659017,-0.0218871254,-0.445155978
0.116031483,-0.000621511077,0.000178524569,0.000173108521,-0.00497759273,-0.000705211365,0.02839927,0.010781303,0.00134434854,-0.999940991,-0.00654184399,-0.0865546018,-0.426071763,0.0315144621,0.446329743,0.354428381,0.646315634,-0.215430468,0.159789249,0.0190356132,0.0821043476,0.433635414,-0.0215962417,-0.444940209
0.116035119,-0.000801930495,0.000144566147,0.000138556963,-0.00455274712,-0.00171915244,0.0261798594,0.0107504381,0.00143338728,-0.99994117,-0.00541655486,-0.0865158737,-0.426080316,0.0315140374,0.446367204,0.356115222,0.656594396,-0.193274945,0.162853837,0.019061964,0.0821679011,0.433610082,-0.0213224124,-0.444746286
0.116037361,-0.000715432514,0.00017754233,0.000150006148,-0.00476398086,-0.0013708187,0.0267804861,0.0107140765,0.00151532213,-0.999941468,-0.00431649387,-0.0864754096,-0.426095217,0.0315218642,0.446412623,0.357325912,0.666390896,-0.171231076,0.165355608,0.0190881845,0.0822389945,0.433600038,-0.021071665,-0.444404006
0.116041414,-0.000754344626,0.000184074961,0.000174218032,-0.00468435325,-0.00282013114,0.0259526875,0.0106972903,0.00161267165,-0.999941468,-0.00321924873,-0.0864401236,-0.426114112,0.0315312035,0.446492761,0.358144581,0.675713897,-0.149335518,0.167312115,0.0191102736,0.082297802,0.43356654,-0.0207540449,-0.444201499
0.116044641,-0.000827961718,0.00016530916,0.000204226584,-0.00434966944,-0.00493125478,0.0245273598,0.0106030004,0.00169151719,-0.999942362,-0.00219142763,-0.0864018872,-0.426133215,0.0315440744,0.446749061,0.358463228,0.684631586,-0.12749204,0.168735206,0.0191226285,0.0823603719,0.433548689,-0.0204666089,-0.443889678
0.116049923,-0.00065257604,0.000169933977,0.000218096044,-0.00420284458,-0.00406268891,0.0240438115,0.0105017042,0.00177612272,-0.999943256,-0.00121931278,-0.0863703564,-0.426159918,0.0315643288,0.447116435,0.358533442,0.693123639,-0.105732307,0.169616148,0.0191263314,0.0824095011,0.433508813,-0.020123573,-0.443782866
0.116053626,-0.000557027175,0.000140387929,0.000171217733,-0.00374831422,-0.00229621958,0.0214064084,0.0104421154,0.00184936728,-0.999943793,-0.000304432993,-0.0863393322,-0.426198035,0.0315996408,0.447488338,0.358544856,0.701215982,-0.0839878917,0.169998676,0.0191286784,0.0824640542,0.433482528,-0.0198239293,-0.443496972
0.116056994,-0.000338104612,-0.000878369261,-0.000341989537,0.00167138409,-0.000636322249,0.0271930583,0.0104115587,0.00191708328,-0.999943972,0.000543763977,-0.0863090828,-0.426244438,0.0316534936,0.447864562,0.358526081,0.708912373,-0.062217541,0.170078859,0.0191238783,0.0825183243,0.433453202,-0.019534409,-0.443155706
0.116040155,-0.00107620645,-0.00133112608,-0.000317385304,0.00347530656,0.000146707462,0.0168059152,0.0104187177,0.0017710129,-0.99994415,0.00139622693,-0.0861417055,-0.426353335,0.0318129882,0.448276877,0.358416259,0.716146648,-0.0403585136,0.170101643,0.0191076323,0.0829159543,0.433424354,-0.0190635808,-0.442740738
0.116044842,-0.000872884411,2.71258305e-05,0.000454964029,0.000257300504,-0.00167390984,0.00273028505,0.0104187177,0.00177101057,-0.99994415,0.00204486726,-0.0860509723,-0.426604003,0.0318641067,0.448806882,0.35814333,0.723118126,-0.0183975622,0.170100525,0.0190745294,0.0831099078,0.433376342,-0.0192430727,-0.441857606
0.116058715,0.00036412623,0.00105611875,0.000555511331,-0.0119359773,0.00206125574,0.0321033187,0.0103518711,0.00175964728,-0.999944866,0.00264877873,-0.0860281065,-0.426843494,0.0319224931,0.449338406,0.357995242,0.729569137,0.00352737331,0.170076981,0.0190396328,0.0831568241,0.433213025,-0.0191057529,-0.441998333
0.116066836,-0.000542962283,0.00113180408,0.000192974272,-0.0171947777,-0.000423748832,0.0356131345,0.0105035966,0.00223507197,-0.999942362,0.00317088701,-0.0860062018,-0.426993698,0.0321625955,0.44992125,0.357447028,0.7354936,0.0257617198,0.170025736,0.0190024152,0.083192043,0.43314445,-0.0187749434,-0.442095131
0.11606656,-0.00112661102,0.00110714731,9.44285639e-05,-0.0115481913,-0.00778666185,0.0208742823,0.0103378445,0.00243250863,-0.999943614,0.0035372891,-0.08598122,-0.427055478,0.0326281972,0.450765431,0.356008857,0.741018534,0.0484811999,0.169654056,0.0188888349,0.0832397267,0.433166057,-0.0185310896,-0.441630781
0.116070971,-0.00163122884,-7.64094584e-05,-0.000523875642,-0.00509974407,-0.0109316455,0.0264705438,0.0101942094,0.00268849172,-0.999944448,0.003911993,-0.0859608948,-0.427106678,0.0331875421,0.45172745,0.354175746,0.74599272,0.0714870766,0.168633163,0.0187065117,0.0832697302,0.43312183,-0.018031083,-0.441764712
0.11604628,-0.00299087586,-0.000421970704,-0.00044109195,-0.00271606329,-0.0194703061,0.0154027417,0.00990347937,0.00262574898,-0.999947488,0.00431076996,-0.0857909396,-0.427210152,0.033965338,0.452884108,0.351510078,0.750444651,0.0949997455,0.16690734,0.0183696747,0.0836934075,0.433129489,-0.017627975,-0.441005498
0.116054557,-0.00259135361,0.00104237592,0.000461885094,-0.0120110158,-0.0226953775,0.0147576267,0.00941700861,0.0027909202,-0.99995178,0.00457694056,-0.0857434347,-0.427379519,0.0343824811,0.454184502,0.34827283,0.754489005,0.118737534,0.164379135,0.0178544242,0.083793506,0.432937384,-0.0176252667,-0.44066003
0.116065614,-0.00155257504,0.00170146639,0.000451586762,-0.0168635361,-0.0187915619,0.0242425352,0.00899745431,0.00310080359,-0.9999547,0.00482354918,-0.0857241005,-0.427476913,0.0348080583,0.455446631,0.344792455,0.757851243,0.1426581,0.161092088,0.0173018631,0.0838304758,0.432675034,-0.0173374396,-0.441025287
0.116072968,-0.00189586822,-0.000645154563,-0.000863597554,-0.00464043207,-0.0185136795,0.033593405,0.00866831653,0.00345670758,-0.999956429,0.00503756385,-0.0857051909,-0.42752701,0.0354075246,0.456734359,0.340835452,0.760510206,0.167014703,0.157169417,0.0167398136,0.0838608816,0.432530016,-0.01680406,-0.441400111
0.116031818,-0.00398566201,-0.00167312752,-0.000771388586,0.000525684096,-0.0262075048,0.0119536621,0.00826163962,0.00327479327,-0.999960482,0.0054044011,-0.0853479952,-0.427669048,0.0363075584,0.458214581,0.336088806,0.762499034,0.191959903,0.152761102,0.0158672109,0.0846774876,0.432497203,-0.0160289593,-0.441064864
0.11604365,-0.00418714201,0.000953125185,0.000830996782,-0.0141398525,-0.033005774,-0.00352473441,0.00762176281,0.00343130133,-0.999965072,0.00551796611,-0.0851721093,-0.428015292,0.0366130061,0.459800988,0.330581486,0.764107645,0.217144638,0.14788343,0.0148931677,0.0849783644,0.432333916,-0.0163234528,-0.440079987
0.116066203,-0.00240444136,0.00231865677,0.000907550799,-0.0219583753,-0.0315365419,0.0166021008,0.00694107683,0.00384178967,-0.999968529,0.00558395777,-0.0851476416,-0.428181857,0.0367738269,0.461249739,0.325027406,0.76502043,0.242142379,0.142558709,0.014013241,0.0850270018,0.431933194,-0.0161444135,-0.44040361
0.116080262,-0.00184311485,0.00246284087,0.000583576504,-0.0227410495,-0.0274643898,0.025062073,0.00636299886,0.00430507679,-0.999970496,0.00564736594,-0.0851334259,-0.428230911,0.0371816345,0.462613255,0.319251388,0.765250921,0.267209142,0.136930481,0.0133057078,0.0850479677,0.431656212,-0.0155879157,-0.440938026
0.11608959,-0.00249661691,-0.000200292518,-0.000789499085,-0.00659457035,-0.0288223885,0.0351059251,0.00584679749,0.00474497583,-0.999971628,0.00570811285,-0.0851175264,-0.428257197,0.0377870239,0.464009523,0.313186467,0.765276015,0.292442352,0.131064147,0.0126658166,0.0850651637,0.43152833,-0.0147860544,-0.441328138
0.116049305,-0.0053577004,-0.0012759614,-0.000964184641,-0.00108674215,-0.0381205119,0.0218843557,0.0052169445,0.00456079282,-0.999975979,0.00598620391,-0.0848278552,-0.428359509,0.0386811048,0.46556893,0.306643039,0.765263379,0.317798197,0.125025511,0.011778119,0.0858068764,0.431479812,-0.0137963817,-0.440883607
0.116052374,-0.00573577639,0.00130258955,0.000672844588,-0.0167884547,-0.0473333821,0.010018467,0.00432611909,0.00478306459,-0.999979198,0.00607271586,-0.0847694948,-0.428817034,0.0391899496,0.4667449,0.299562305,0.76523149,0.342743516,0.118705064,0.0109360004,0.0860908777,0.431263655,-0.0141018899,-0.439742565
0.116076961,-0.00302430848,0.00239273836,0.00107815652,-0.0223354045,-0.0450189412,0.0244400539,0.00332578411,0.00523101399,-0.999980807,0.00618337793,-0.0847634971,-0.428933591,0.0393241197,0.46822989,0.292836785,0.764747977,0.367006719,0.112095036,0.0101774847,0.0861288905,0.430728912,-0.0138165811,-0.440098941
0.116095401,-0.00160605367,0.00227923575,0.00076958607,-0.020977363,-0.0337706842,0.0312836729,0.00253058248,0.00567348767,-0.999980688,0.00629582489,-0.084752053,-0.428955048,0.0395874903,0.469824612,0.286258638,0.76334101,0.390782803,0.105278865,0.00958834309,0.0861393511,0.430295527,-0.0131069664,-0.440608025
0.116107389,-0.000911456125,0.000200608643,-0.000464583922,-0.00670966832,-0.0244128481,0.045467779,0.00198216364,0.0060671065,-0.999979615,0.00639280071,-0.0847389922,-0.428964645,0.0400669836,0.471321732,0.279645711,0.760869145,0.414146394,0.0982760936,0.00908472389,0.0861469433,0.429996133,-0.0122229643,-0.440840095
0.116076842,-0.00310419733,-0.00103268004,-0.00101218163,0.000730616739,-0.0216160342,0.0296202861,0.00156507164,0.00593839632,-0.999981165,0.00666278694,-0.0845917389,-0.42899847,0.0408768244,0.472742021,0.272867441,0.757282794,0.437053829,0.0911039189,0.0084146997,0.0866492614,0.429796129,-0.0110069411,-0.440706849
0.116067342,-0.00377634075,0.00077506114,0.000329939125,-0.0115161017,-0.0258913524,0.00815639086,0.00112461741,0.0060355193,-0.999981165,0.0067653181,-0.0845344737,-0.429383516,0.0415562801,0.473499209,0.265568912,0.752754629,0.459400952,0.0837415382,0.00763312913,0.0869112164,0.429646105,-0.0112776142,-0.43903321
0.116090022,-0.000913698925,0.00192542037,0.00100650778,-0.0181721486,-0.0249062628,0.02265664,0.000531415688,0.00639862288,-0.999979377,0.0068265372,-0.0845255032,-0.429466367,0.0416930057,0.474592268,0.25862211,0.747224629,0.480719656,0.0760591328,0.00694620842,0.0869435892,0.429066747,-0.0111644575,-0.438962787
0.116107129,0.00079092267,0.00141682255,0.000406998326,-0.0138353687,-0.014350838,0.0379268043,0.000134262693,0.00676205102,-0.999977112,0.00687874621,-0.0845155641,-0.429477692,0.0418992639,0.475826651,0.251998097,0.740540266,0.501184642,0.0681616738,0.00653498806,0.0869486108,0.428446293,-0.0107027497,-0.439113915
0.116105914,-0.000752695254,-0.000912563701,-0.00119136355,-0.000645731518,-0.00751352496,0.0510421507,-3.21912667e-05,0.00695205387,-0.99997586,0.00695288181,-0.0844899267,-0.429476053,0.0423788242,0.476935685,0.245547041,0.732778847,0.520978689,0.0601486526,0.00623694621,0.0870611072,0.427953154,-0.00996547379,-0.439195663
0.116059728,-0.00234713661,-0.0010291941,-0.000661177735,0.00409999304,-0.00319020194,0.0283120982,-0.000152146866,0.00678790966,-0.999976933,0.00703405216,-0.0844753236,-0.429818481,0.0435779765,0.477349609,0.238711283,0.724220037,0.540163159,0.0520944558,0.00590510294,0.0877016634,0.427704722,-0.00979808159,-0.43761763
0.116079733,-0.000233271421,0.00116761925,0.0010285282,-0.0129899969,-0.0138781201,0.0146154426,-0.000152148714,0.00678790687,-0.999976933,0.00707152206,-0.0844410062,-0.429914773,0.0438366756,0.478450537,0.232170925,0.715109766,0.558406532,0.0438588932,0.00548103405,0.0878110975,0.427219152,-0.00995288044,-0.43678984
0.11610055,0.00175700919,0.00176387897,0.000723949983,-0.0217547379,-0.0125200422,0.0375544727,-0.000702973804,0.00730780279,-0.999973059,0.00710212253,-0.0844303295,-0.42992413,0.0439319685,0.479483485,0.226328582,0.705067575,0.575466454,0.0354604758,0.00520970207,0.0878181756,0.426472336,-0.00978959072,-0.436777055
0.116108224,0.00149423792,-0.000287694042,-0.000895954901,-0.00374955451,0.00390734244,0.0559871644,-0.000641863095,0.00765926577,-0.999970436,0.00711936923,-0.0844945982,-0.429976672,0.0443225168,0.480016977,0.220841751,0.694176495,0.591597795,0.0270476211,0.00512449862,0.0878142416,0.425824732,-0.00946148392,-0.436800718
0.116064839,-0.000153678906,-0.00125762669,-0.000849376374,0.00311839581,0.00221798336,0.0276084077,-0.000529409735,0.00745930942,-0.999972045,0.00727654528,-0.0843974873,-0.430078924,0.0453178287,0.480370194,0.215393499,0.682656407,0.607000709,0.0187434405,0.00495933834,0.0884178579,0.425433785,-0.00886436366,-0.435912341
0.116074622,0.000512117229,0.0007319703,0.000768197875,-0.0097727133,0.00101951207,0.00548757194,-0.00054485671,0.00753518986,-0.999971449,0.00730798906,-0.0843194425,-0.430136442,0.0456500463,0.481048793,0.210062787,0.670800507,0.621531308,0.0104811676,0.00466773612,0.0886028782,0.425128788,-0.00913566537,-0.434287161
0.116095357,0.00231973059,0.0017084115,0.000656032353,-0.0168553218,0.00731877005,0.0298918057,-0.00048692344,0.00785023812,-0.999969065,0.00732444413,-0.084303081,-0.430137157,0.0457092337,0.481591433,0.205505282,0.658419728,0.634685516,0.00219056406,0.00449858885,0.0886123925,0.424496502,-0.00906445459,-0.434136152
0.116100371,0.00117845531,0.00083282683,-0.000509045844,-0.0101470202,0.00935037527,0.0364230424,-0.000242657523,0.00820996147,-0.999966264,0.00732066901,-0.0843386203,-0.430202335,0.0460188985,0.481650829,0.201370284,0.645589232,0.646769166,-0.00596371852,0.00445336988,0.088607423,0.423947155,-0.0088841198,-0.433921456
0.116074733,0.000778496731,0.000378483848,-0.000354221003,-0.00619205879,0.00663656741,0.0289861318,-0.000100889389,0.00825641677,-0.999965906,0.00733649358,-0.084327735,-0.430279046,0.0468462184,0.481618673,0.197239205,0.632544398,0.658005178,-0.0139090791,0.00440004934,0.0888442099,0.4237535,-0.0086046597,-0.432731569
0.116086081,0.00207094778,0.000101787606,8.19256275e-06,-0.00365694822,0.00987764914,0.0257053785,3.23839158e-05,0.00845762342,-0.999964237,0.00735111302,-0.0843061805,-0.430279911,0.0471162051,0.481921464,0.193729505,0.61929518,0.668154538,-0.0217504445,0.00436124578,0.0888621882,0.423303425,-0.00851820502,-0.432389915
0.116075024,0.00170825189,-0.000277040672,-0.000145984348,-3.80695747e-05,0.0125681283,0.0136692114,0.000302906235,0.00840271171,-0.999964654,0.00736744609,-0.0842356831,-0.430275917,0.0474333651,0.482135177,0.190729722,0.605740488,0.67728287,-0.0294020418,0.00432874402,0.0890847072,0.422941566,-0.0081543196,-0.431667477
0.116080314,0.00210244185,0.000585528032,0.000417002244,-0.00674437452,0.0142258881,0.0120743616,0.000539706147,0.00845909957,-0.999964058,0.00736891013,-0.0842044801,-0.430281848,0.0476045087,0.482217997,0.187967643,0.592100322,0.685359061,-0.0369006842,0.00428968621,0.0891359821,0.422668964,-0.00819900259,-0.430255353
0.11609146,0.00285971863,0.000319994288,-0.000119521137,-0.00532281632,0.0181148946,0.0253292322,0.000876180828,0.00867197663,-0.999962032,0.00737270387,-0.0841815472,-0.430278748,0.0477076657,0.482255578,0.185861424,0.578284323,0.692223966,-0.0442867316,0.00426454423,0.0891380906,0.422162831,-0.00810050592,-0.430079132
0.116075322,0.00195741816,-0.000247052085,-0.000427329796,-0.000849942095,0.0185607336,0.015803434,0.00127319212,0.0086711999,-0.999961615,0.0073778471,-0.0841097385,-0.430277526,0.0481457673,0.482282132,0.184006304,0.564375401,0.69820565,-0.0514177978,0.00424591033,0.0893335417,0.42190668,-0.00778431678,-0.429228157
0.116074353,0.00234445138,0.000461296295,0.000222781484,-0.00664907414,0.0186738241,0.0160581265,0.00162415882,0.00870534405,-0.99996078,0.00737177487,-0.0840605348,-0.430290341,0.0484814271,0.482294947,0.182358325,0.550488174,0.703340232,-0.0583257489,0.00421718648,0.0894275606,0.421643585,-0.00777376117,-0.427819908
0.11608392,0.00295132585,0.000737259281,-3.04611021e-05,-0.00903976895,0.0210679434,0.0270636883,0.00202584104,0.00893626921,-0.999958038,0.00736733619,-0.0840329379,-0.430295616,0.0486997366,0.482294649,0.181259364,0.536563456,0.707414329,-0.0650957078,0.0042035589,0.0894371793,0.421175182,-0.00769837201,-0.427574992
0.116072632,0.00189036923,-1.37946436e-05,-0.000595614081,-0.00330471969,0.0211465154,0.0197095126,0.00247651688,0.00906483363,-0.999955833,0.00736449985,-0.0839723125,-0.430299371,0.0492315143,0.48228845,0.180408627,0.522636473,0.71064961,-0.0716300458,0.00419899588,0.0895692706,0.420908958,-0.00743969018,-0.426858068
0.116059914,0.00194190966,0.00031387902,-0.000111337067,-0.00615475886,0.0199418776,0.0179508533,0.00287874206,0.0090665482,-0.99995476,0.00736179994,-0.0838980377,-0.430320352,0.0498280525,0.482280701,0.179671139,0.508827627,0.713178277,-0.0778864324,0.00419659819,0.0897387564,0.420710534,-0.00735908421,-0.425147325
0.116067842,0.00290788803,0.000581376487,-0.000149899672,-0.00896821823,0.0213581864,0.0312858075,0.00328066456,0.00930879265,-0.999951303,0.00735408207,-0.0838659406,-0.430332631,0.0501701385,0.482260317,0.179406151,0.495045245,0.714734852,-0.0840224996,0.0041982918,0.089759849,0.420276135,-0.00730442582,-0.424586415
0.11605332,0.00214848318,0.000174180081,-0.000455439353,-0.0060657463,0.0218186621,0.023486346,0.00374481594,0.00942095742,-0.999948621,0.00735000987,-0.0837757587,-0.43034023,0.0507442877,0.482229501,0.179330707,0.481172383,0.715459228,-0.0899565592,0.0042083431,0.0899730921,0.419966578,-0.00699118292,-0.424177557
0.116049238,0.00186700688,0.000800480018,8.02380964e-05,-0.0101993373,0.0199707728,0.0164638907,0.00416217512,0.00954789575,-0.99994576,0.00733394688,-0.0836990327,-0.430364996,0.0512855425,0.482188106,0.179204106,0.467338264,0.715655386,-0.0956549123,0.004210799,0.0900959149,0.41974172,-0.00699828286,-0.422566742
0.116055913,0.00277702021,0.00027889802,-0.000492223597,-0.00746296626,0.0200095437,0.035109438,0.00455004536,0.00982614979,-0.999941349,0.00731881661,-0.0836635605,-0.43037957,0.0516482033,0.482140839,0.17917791,0.4534702,0.715659261,-0.101196624,0.00422429666,0.0901105851,0.419369102,-0.00693759788,-0.422079444
0.116028935,0.00189542084,-0.0011990919,-0.000997079536,0.000699191587,0.0222368203,0.0261537135,0.00497633591,0.00983968936,-0.999939203,0.00731245941,-0.0835051909,-0.430384696,0.0522867106,0.482090771,0.179163441,0.439524412,0.715627074,-0.106496014,0.00424220739,0.0904677883,0.419127882,-0.00646743365,-0.421942621
0.116016127,0.00144923001,-0.000121799116,0.000128343992,-0.00673058489,0.0193110127,0.0108339973,0.00544982962,0.00979355164,-0.999937177,0.00729761412,-0.0832674727,-0.430554599,0.0527667813,0.481997848,0.179088891,0.425683558,0.715526521,-0.111454383,0.00425734092,0.090859592,0.418935537,-0.00662703579,-0.419941604
0.1160338,0.00232596975,0.00167281099,0.000668846711,-0.0173487086,0.0163173303,0.0199699868,0.00575279258,0.0101062935,-0.999932408,0.00727434596,-0.0832108706,-0.430601746,0.0528526194,0.481874317,0.179073706,0.411899716,0.714786351,-0.116247088,0.00427696295,0.0908991024,0.418477267,-0.00665213121,-0.419101179
0.116041668,0.0024910199,0.00148537906,-7.9295598e-05,-0.0153047843,0.0202250145,0.0282591376,0.00611066446,0.0104826866,-0.999926388,0.00725095207,-0.0831735209,-0.430618227,0.0530816838,0.481629282,0.179068983,0.398038536,0.713279843,-0.120818533,0.00431131804,0.0908994079,0.418124646,-0.00661465479,-0.418911427
0.116029397,0.00172917638,-0.000834206527,-0.00121751078,-0.000748674036,0.0231737848,0.0258371104,0.00657373713,0.0107113477,-0.999921024,0.00723159686,-0.0830965713,-0.430624813,0.0536367558,0.481328636,0.179064438,0.384134293,0.711022019,-0.125097409,0.00434928806,0.0910197794,0.41795969,-0.00642882613,-0.418785095
0.115992874,0.00119785557,-0.000907253299,-0.00051950413,0.00506338291,0.0117689567,0.00969461817,0.00704856217,0.0105060218,-0.999919951,0.00722071435,-0.0828109607,-0.430715948,0.0543547533,0.48114413,0.179040983,0.370392621,0.708080769,-0.129023135,0.00438589416,0.0915612206,0.417876929,-0.00641060947,-0.417288631
0.116008662,0.00174671179,0.00136598549,0.000675476214,-0.0150240036,0.0146027543,0.0140217403,0.00704857707,0.0105060162,-0.999919951,0.00719687762,-0.0827382728,-0.430764169,0.0544889942,0.480986714,0.179039925,0.35680908,0.703959644,-0.132819727,0.00442157965,0.0916221887,0.417524159,-0.00651160162,-0.41627124
0.116018824,0.00208976353,0.00182527711,0.00030485008,-0.0233188923,0.0253191814,0.0244032871,0.00763860019,0.011103021,-0.999909163,0.00717202108,-0.0826964229,-0.430783033,0.0546508618,0.480713874,0.179044887,0.343155473,0.698750198,-0.136399955,0.00446834182,0.0916185826,0.417227477,-0.00649844669,-0.416018635
0.116019405,0.00217781775,0.00118450262,-0.000344423228,-0.0122428592,0.0229007807,0.0241518207,0.00807199534,0.0114313252,-0.99990207,0.00714795012,-0.0826532841,-0.430795074,0.055042509,0.480380028,0.179047003,0.329499841,0.69271332,-0.139667839,0.00453917589,0.0916085467,0.417106569,-0.00646557612,-0.415914744
0.116003804,0.00165473879,-0.002534281,-0.00200339407,0.00877951458,0.0257859081,0.0258345008,0.00856575184,0.0115847737,-0.999896228,0.00712824613,-0.0825678259,-0.430800349,0.0556499735,0.480100989,0.17904526,0.315947622,0.685941875,-0.14259392,0.00463351421,0.0917195752,0.417062432,-0.00631874893,-0.415773064
0.115939885,0.000758632086,-0.00317713432,-0.00126462709,0.0112050166,0.0249881614,0.00613368675,0.00911528431,0.0110711902,-0.999897182,0.0071226228,-0.0820315257,-0.430947959,0.0564607978,0.479988575,0.179012462,0.302591503,0.678625703,-0.145098895,0.00470260717,0.0926875323,0.417017221,-0.00642049778,-0.414509803
0.115954354,0.00132596446,0.000731484673,0.000884076406,-0.0120853838,0.0194559935,-0.000124301179,0.00956792291,0.0111344187,-0.999892235,0.00709231012,-0.0818636194,-0.431164563,0.0565988161,0.479884595,0.179003596,0.289458334,0.670291126,-0.147439733,0.00474313507,0.0928993598,0.416625232,-0.00738529721,-0.413062304
0.115974411,0.00235045259,0.00223661819,0.000722899218,-0.0210617464,0.0185576323,0.0148821138,0.00989339966,0.011554433,-0.999884307,0.00706360815,-0.0818196535,-0.43120259,0.0566297136,0.479746729,0.179001018,0.276338965,0.660915315,-0.149546415,0.00484970491,0.0928954706,0.416272372,-0.00760162296,-0.412839174
0.115981303,0.00250335061,0.00204019505,0.000189040555,-0.0184104238,0.0232552141,0.0191590171,0.0103169717,0.0119708627,-0.999875128,0.00703737,-0.0817784443,-0.431217849,0.0568400696,0.479487687,0.17899166,0.26326412,0.650963902,-0.151267901,0.00502566295,0.0928689241,0.416110426,-0.00759853516,-0.412798017
0.115979962,0.00279828324,0.00095246901,0.000181920739,-0.00907040853,0.0271454602,0.0173481237,0.0108326245,0.0122827552,-0.99986589,0.00701163011,-0.081733793,-0.431224138,0.0572552718,0.479170382,0.178974465,0.250356346,0.640627146,-0.152566239,0.00522821583,0.0928399041,0.416064113,-0.00757528888,-0.412762254
0.115986899,0.00258725509,2.47517401e-05,-5.47433265e-05,-0.000872465083,0.0276003573,0.00748451287,0.0114110885,0.0123260422,-0.999858916,0.00698868977,-0.0816441104,-0.431172132,0.0576182604,0.479001999,0.178959951,0.237671718,0.629979491,-0.153425187,0.00542145688,0.0928214788,0.416041464,-0.00752768712,-0.412714899
0.115976579,0.00214697793,1.76892991e-05,-0.000328843103,-0.00080977421,0.0248770509,0.00397290615,0.0119400742,0.0123141557,-0.999852896,0.006956778,-0.0815874562,-0.431173593,0.05785539,0.478689641,0.178863987,0.225335598,0.618888915,-0.15391326,0.00561025692,0.0928040519,0.41602844,-0.00768383592,-0.412019134
0.115972713,0.0023746232,-0.000306971284,-0.000446578051,0.000864840287,0.0231843404,0.0106022432,0.0124078747,0.0123566138,-0.999846697,0.00692547578,-0.0815236717,-0.431175947,0.0580257252,0.478289038,0.178820267,0.213307932,0.607225776,-0.154090226,0.00575633394,0.0927786529,0.416000158,-0.00771884993,-0.411708087
0.115957692,0.0014078425,-0.00153414661,-0.000855797436,0.0104657542,0.0219619721,-0.00221717451,0.0128726671,0.0122743184,-0.999841809,0.00689393422,-0.0814219564,-0.431174517,0.0581761152,0.477849931,0.178781301,0.201482967,0.595114827,-0.154133096,0.00588869117,0.0928706378,0.415976465,-0.00764621003,-0.411622822
0.115938514,0.000929098809,-0.0012106467,-0.000286955503,0.00782305282,0.0198485777,-0.0108085563,0.0132852215,0.0119395247,-0.999840438,0.00685902778,-0.0812849551,-0.43120262,0.0583728515,0.477514744,0.178560644,0.18997936,0.582730293,-0.154146656,0.00602161977,0.0930517465,0.415926814,-0.00819154456,-0.410075992
0.1159463,0.00191050128,0.000341186358,0.000358253659,-0.00475741364,0.0197842736,0.000795044994,0.0136612225,0.0119669791,-0.999835074,0.0068207928,-0.0812176615,-0.431204766,0.0584004112,0.477187246,0.17847389,0.178677499,0.569639444,-0.154148936,0.00607910007,0.0930463299,0.415842116,-0.00843799114,-0.409680992
0.115951635,0.00240620249,0.000639516336,0.000235011423,-0.00681693712,0.0218990613,0.00530318543,0.0140767386,0.0121291745,-0.999827325,0.00678227004,-0.0811545551,-0.431197286,0.0584267415,0.476789743,0.178388447,0.167540565,0.555997074,-0.154127225,0.00615548203,0.093022801,0.415803164,-0.00847295392,-0.409637481
0.115954034,0.00252032094,0.00036275966,0.000141132827,-0.00420845347,0.0226147696,0.00530812796,0.0145395771,0.0122364527,-0.999819398,0.0067429659,-0.0810820833,-0.431180596,0.0584587976,0.476406723,0.17824994,0.15666917,0.541975617,-0.154047176,0.00623546215,0.0929997191,0.415776432,-0.00847885292,-0.409623891
0.115955636,0.00213937252,0.000137662442,-0.000125158709,-0.00149125396,0.0110738967,0.00254223822,0.0149838105,0.0122944508,-0.999812126,0.00670325104,-0.0810024515,-0.431146801,0.058493156,0.475991368,0.177988946,0.146195784,0.5275805,-0.153643742,0.00631607883,0.0929771811,0.415756434,-0.00848230813,-0.40960893
0.115947679,0.001489677,-0.000327979884,-0.000120687306,-0.000465626712,0.0101719266,-0.000609954877,0.0149838105,0.0122944508,-0.999812126,0.00665161526,-0.0809435099,-0.431124955,0.0585243143,0.475480229,0.177555665,0.136205584,0.51278615,-0.152663708,0.00639702752,0.092956461,0.415757418,-0.00860482361,-0.409351647
0.115950078,0.00139219558,-0.000404288905,-6.40306171e-05,0.00222465652,0.0244108792,-0.00470157247,0.0153902397,0.0123132868,-0.999805748,0.00659976853,-0.0808593854,-0.431017369,0.0585457012,0.475149751,0.176968202,0.126794457,0.497572035,-0.151018322,0.0064538992,0.0929393023,0.415767819,-0.00875366759,-0.409065217
0.11594446,0.00155505084,-0.000250003039,-6.95208e-05,0.00432809861,0.0219885353,-0.00698465621,0.0159576517,0.0122082923,-0.999798119,0.00654976582,-0.0808106512,-0.430962414,0.0585378334,0.474671662,0.176476195,0.117895573,0.481755912,-0.148711219,0.00650173984,0.0929097459,0.415751219,-0.00881278608,-0.409029037
0.115946427,0.00113270083,-0.000277579791,-0.000161744669,0.00212970749,0.0133517114,-0.00771656772,0.0162662286,0.0121445516,-0.999793947,0.00649488904,-0.0807374343,-0.430880845,0.0585396886,0.474327534,0.176023647,0.10961508,0.465533644,-0.145683512,0.00655259192,0.0928936228,0.415772021,-0.00889781024,-0.408816218
0.115937389,0.00109314278,-0.0001449259,-0.000191831714,0.000730865286,0.0116512543,-0.00569309248,0.016487902,0.0121282777,-0.99979049,0.00637242617,-0.0807009265,-0.430838704,0.0585191995,0.47390461,0.175522223,0.102027468,0.448823124,-0.142042577,0.00659307605,0.0928672478,0.415795475,-0.00910016522,-0.408583522
0.115938105,0.00147473824,1.00264206e-05,-3.68685614e-05,-0.000740141259,0.0125350803,-0.000811337086,0.0167293083,0.0121189672,-0.999786615,0.00628466904,-0.0806416199,-0.430775523,0.0584997833,0.473576695,0.175213814,0.0951090977,0.431596249,-0.137829378,0.00663434388,0.0928373784,0.415782839,-0.00914460607,-0.40857929
0.115934923,0.00107674184,-0.000193973159,-9.58455639e-05,0.00180469395,0.0109686581,-0.00763905467,0.0169887841,0.0121586649,-0.999781728,0.00619163178,-0.0805928409,-0.430724233,0.0584753677,0.473176211,0.175037384,0.0888931453,0.413880646,-0.133097276,0.0066759265,0.0928053185,0.415765196,-0.00917140115,-0.408598572
0.115933634,0.000871932076,-0.000379932288,-4.3287896e-06,0.00368972169,0.00855873805,-0.010170457,0.0171642248,0.0120520974,-0.999780059,0.00604714546,-0.0805547982,-0.430639833,0.0584359057,0.472911894,0.174858391,0.0834680572,0.395761847,-0.127873376,0.00671662111,0.0927814543,0.415829539,-0.00932860747,-0.408266038
0.115934335,0.00116617256,-0.000118508236,2.13934782e-05,0.000896980695,0.00407571113,-0.00247472082,0.0173261072,0.0120178219,-0.999777675,0.0059081302,-0.0805108771,-0.43054989,0.0583791584,0.472602725,0.174797475,0.0787411034,0.377042115,-0.122257069,0.00675151823,0.0927455798,0.415818006,-0.00936481543,-0.408272117
0.115933739,0.000648504647,-9.49958558e-05,-0.000204155178,0.0014906429,0.00585589884,-0.0104926638,0.0173261128,0.012017821,-0.999777675,0.0057553486,-0.0804701522,-0.430466354,0.0582960434,0.472231895,0.174764261,0.0747218728,0.357750207,-0.11628601,0.0067849597,0.0927080289,0.41579622,-0.00937981065,-0.408325225
0.115925767,0.000284104666,-0.00025203402,-0.000172969623,0.00327077764,0.00523289712,-0.0161823239,0.0175551232,0.0119654108,-0.999774277,0.0055270209,-0.0804413036,-0.430400699,0.0581559837,0.471812755,0.17465809,0.0715187564,0.337979615,-0.109993815,0.00681462977,0.0926757678,0.415814817,-0.00963667128,-0.4080832
0.115926743,0.000590091629,-0.000414274458,0.000189299215,0.0044644908,-0.00216275291,-0.0107630184,0.0175275188,0.0118983742,-0.999775589,0.00528323511,-0.0804163367,-0.430339307,0.0578284487,0.471428752,0.174621657,0.0690769106,0.317652851,-0.103449821,0.00683942297,0.0926252156,0.415797234,-0.00969833508,-0.408259213
0.11593312,-6.44831089e-05,-0.00048012918,0.000120083801,0.00594028318,-0.00669281557,-0.0168507863,0.0174635053,0.0117945326,-0.999777913,0.00502905808,-0.0803856328,-0.43029803,0.0573682077,0.471105725,0.174606949,0.0673565492,0.296865731,-0.0966893137,0.00686426787,0.0925700217,0.415773779,-0.00970122777,-0.408689231
0.115931816,-0.000593024539,-0.000350241549,-1.43220796e-05,0.00495131221,-0.0123912171,-0.0192347635,0.0172518902,0.0116724754,-0.999783039,0.0046769781,-0.0803622901,-0.430273831,0.0568878315,0.470669359,0.174553752,0.0665009245,0.275698274,-0.0897555575,0.00688645523,0.0925233066,0.415797234,-0.00992261618,-0.408732116
0.11593312,-0.000455520902,-0.000582725741,0.000175536508,0.00723682065,-0.0138610229,-0.0203443021,0.0169587806,0.0116097471,-0.999788761,0.00428809319,-0.0803497508,-0.43026948,0.0562002696,0.470102787,0.174546137,0.0662826374,0.254075468,-0.0826878101,0.00690357015,0.0924538672,0.415771216,-0.00994376466,-0.409243733
0.115939416,-0.000494896667,-0.000820879941,0.000311392709,0.00989092514,-0.0144361584,-0.0237598475,0.0166879855,0.0113965422,-0.999795794,0.00386500009,-0.0803277493,-0.430262178,0.0555046536,0.469721198,0.174530059,0.0662642941,0.232179374,-0.0754603222,0.00692087319,0.0923959687,0.415798008,-0.0100940783,-0.409564048
0.115946278,-0.000554697996,-0.00067774835,0.000151534841,0.00869907252,-0.0154142492,-0.025905896,0.0163705386,0.0112300608,-0.999802947,0.0033873939,-0.0803121254,-0.430266708,0.0547270514,0.469211698,0.17453371,0.0662860796,0.209892079,-0.0681284964,0.00693495106,0.0923205763,0.4157933,-0.0101479087,-0.410004169
0.115946144,-0.000587591145,-0.000783916155,0.000269532437,0.0100455219,-0.0171105843,-0.0281598773,0.0160599537,0.0110656777,-0.999809802,0.00281646289,-0.0803098232,-0.430289,0.0538584292,0.468522549,0.174539492,0.0664287731,0.187361717,-0.0606737137,0.00694910018,0.0922471881,0.415832877,-0.0102947168,-0.410295963
0.115957782,-0.000421266363,-0.000766154437,0.00046946021,0.00970021263,-0.0200260673,-0.0249783099,0.0156735908,0.0108464351,-0.999818325,0.00221044989,-0.0802985355,-0.430298984,0.0529289842,0.467958361,0.174575463,0.0669347867,0.164607838,-0.0530898012,0.00696030492,0.0921555981,0.415838659,-0.010292572,-0.410751939
0.115965515,-0.000908657967,-0.000819099543,0.000337679812,0.0108903293,-0.0230543017,-0.0320342146,0.0152482428,0.0106933238,-0.99982655,0.00154776801,-0.0802954733,-0.430328429,0.051865004,0.467233539,0.174629912,0.0680320039,0.141687244,-0.0454086401,0.00697166286,0.0920534208,0.41581735,-0.0102447802,-0.411441892
0.115972191,-0.00112029724,-0.000948848319,0.000416970084,0.0124529032,-0.0257063713,-0.0347269811,0.0147378985,0.0104301674,-0.999836981,0.000785804004,-0.0802958459,-0.430359483,0.0507968105,0.466598004,0.1747545,0.0700103566,0.11879272,-0.0376010314,0.00698112091,0.0919629857,0.41588819,-0.0103248386,-0.411592245
0.115983248,-0.000603424327,-0.000849905948,0.000557456689,0.0110643776,-0.0253360886,-0.0279335845,0.0142056523,0.0102160061,-0.999846876,1.70380008e-05,-0.0802979022,-0.430416763,0.0495886765,0.46588394,0.175139263,0.0728702694,0.0957793891,-0.0297235921,0.00698855799,0.0918449685,0.415877014,-0.0102481432,-0.412202001
0.115995176,-0.0010529788,-0.00105251849,0.000491241051,0.0135562224,-0.0260911975,-0.0346353799,0.0137132239,0.0100035816,-0.999855936,-0.000759152987,-0.0802988857,-0.430508643,0.0483234078,0.465122551,0.175816119,0.0766534731,0.0727182329,-0.0217898954,0.0069984491,0.0917246044,0.415865034,-0.0101412637,-0.412909627
0.116003893,-0.00127833209,-0.00112135231,0.000508832978,0.0143903801,-0.0273120031,-0.0352771431,0.0131483097,0.00969255622,-0.999866605,-0.00159525895,-0.0803041458,-0.430645704,0.0470354557,0.46444872,0.176575482,0.0814326778,0.0497005396,-0.0138000753,0.0070086671,0.0916235223,0.415963024,-0.0101552326,-0.413032055
0.116016634,-0.000658236851,-0.001004591,0.000675758056,0.0128976647,-0.0254252255,-0.026437344,0.0126072112,0.00944670103,-0.999875903,-0.00240533194,-0.080311954,-0.430847824,0.0456426293,0.463664949,0.177673608,0.0870870799,0.0265520476,-0.0057997941,0.00701829605,0.0914921314,0.415967554,-0.0100449733,-0.413598448
0.116031632,-0.00115955109,-0.00110189081,0.000575097394,0.0143278604,-0.0256028455,-0.0316085741,0.0121214185,0.00919028185,-0.999884307,-0.00318896794,-0.0803183764,-0.431075573,0.044210989,0.462904006,0.179047391,0.0935629457,0.00333959633,0.00221150462,0.00703133037,0.0913579762,0.415972114,-0.00986839831,-0.414254576
0.116040602,-0.00146663061,-0.00108370278,0.000541746791,0.0142981326,-0.0273144506,-0.031050615,0.0115716215,0.00888861995,-0.999893546,-0.00400822796,-0.0803293139,-0.431384027,0.0427872688,0.462131768,0.180396944,0.100892574,-0.0198848527,0.0102276085,0.00704617565,0.0912483856,0.416122198,-0.00982285012,-0.414329529
0.116054364,-0.0008034989,-0.00105183094,0.000788482954,0.0135903088,-0.0268268771,-0.021889532,0.011017899,0.00863306224,-0.99990201,-0.00477043493,-0.0803465694,-0.431731045,0.0412524492,0.461368203,0.181962773,0.108932473,-0.0432589725,0.0182187874,0.00706028799,0.0911024362,0.416149884,-0.00962480996,-0.414878309
0.116072856,-0.00147455395,-0.000991721987,0.000810596219,0.014980006,-0.0270223543,-0.0254489854,0.0104910377,0.00835499726,-0.999910057,-0.00546418503,-0.0803583786,-0.432054996,0.0397239327,0.460742861,0.183661819,0.117615715,-0.0667089224,0.0261828229,0.00707981223,0.0909534693,0.4161762,-0.00931131188,-0.415527254
0.116087735,-0.00169953355,-0.000640074897,0.0012090978,0.0187964998,-0.0288045462,-0.0232421812,0.00992871169,0.00804426055,-0.999918342,-0.00614534179,-0.0804600492,-0.432452828,0.0383862406,0.460085034,0.185195342,0.126952291,-0.0901740193,0.0341170132,0.00710134394,0.0907865092,0.416462064,-0.0090728933,-0.415605634
0.116122097,-0.00143629743,-0.00027666596,0.00140988955,0.0214986354,-0.0278291721,-0.0225352366,0.0093313558,0.0076125362,-0.999927461,-0.00664702011,-0.0808638632,-0.432553202,0.0372980908,0.459813207,0.18686296,0.136802077,-0.113769047,0.042029079,0.00712015899,0.0903658792,0.416744411,-0.00826917682,-0.41613704
0.116144747,-0.00198639557,-0.000143217054,0.000969295332,0.0172239784,-0.0252862535,-0.0261060819,0.00880890246,0.00719262799,-0.999935329,-0.00712964265,-0.0813072845,-0.432733238,0.0362762772,0.459572673,0.188466087,0.147115216,-0.137405843,0.0498866737,0.00714388769,0.0899451673,0.417256922,-0.00762883667,-0.416392237
0.116161607,-0.00220430712,-0.000143059573,0.00107281643,0.0144649521,-0.0242548231,-0.0237712562,0.00831252337,0.00693276897,-0.999941409,-0.0075297337,-0.0815475658,-0.433122247,0.035061501,0.459128946,0.190016299,0.15788205,-0.161223739,0.0576755777,0.00717143016,0.0896795392,0.417748541,-0.00712486356,-0.416831404
0.116188429,-0.00251787249,-0.000139040145,0.00126725819,0.0156571697,-0.0226987787,-0.0263275672,0.00783218537,0.00662187114,-0.999947429,-0.00784540828,-0.0818653032,-0.433494568,0.0339347944,0.458843797,0.191499487,0.169069171,-0.185106665,0.0654264688,0.00719294744,0.089372173,0.418483466,-0.00641713245,-0.417407781
0.116213121,-0.0026748525,-0.000105973741,0.00125346554,0.0145762647,-0.0213366579,-0.0242086835,0.00739764376,0.00631465437,-0.999952674,-0.00805800594,-0.0821851417,-0.433985233,0.0327702835,0.45860669,0.192872986,0.180650249,-0.209050074,0.0731344968,0.00722910371,0.0890859291,0.41938293,-0.00574161485,-0.417977452
0.116239384,-0.00352919567,-0.000290727359,0.00116316893,0.0145661198,-0.0208678357,-0.0299890973,0.00697270688,0.00604608702,-0.999957383,-0.0081547359,-0.082471326,-0.43458274,0.0314755887,0.458375752,0.194163978,0.192611083,-0.233106136,0.0807929188,0.00726921717,0.0888146311,0.420299351,-0.00498986663,-0.418785125
0.1162607,-0.00355142565,-0.000383708219,0.00127822894,0.0133444602,-0.0217074454,-0.0265707672,0.00655579148,0.00574019272,-0.999962032,-0.00827015005,-0.0827037245,-0.435381889,0.0301955454,0.458164483,0.19518362,0.204945192,-0.257080525,0.0883785114,0.00730509683,0.0886384696,0.421550363,-0.00451442413,-0.419268489
0.11629153,-0.00339346775,-0.000429766631,0.00132478855,0.0121154506,-0.0208927635,-0.0241339412,0.00609822944,0.00551955914,-0.999966145,-0.00830961671,-0.0828946382,-0.43617928,0.0286251865,0.457930028,0.196259558,0.217544839,-0.281163514,0.0958332419,0.00733906496,0.0884261131,0.422525257,-0.00370206893,-0.42056793
0.116314612,-0.00380827975,-0.000663598941,0.00127826224,0.0124038374,-0.0205011591,-0.0271883458,0.00571491802,0.00526139652,-0.99996984,-0.00835456233,-0.0830346793,-0.437105238,0.0271274596,0.457675725,0.197091907,0.230416328,-0.305016816,0.103121422,0.00739816809,0.0883227289,0.423788846,-0.003190852,-0.42130357
0.11634367,-0.00397329358,-0.000844278373,0.00128725823,0.0129630212,-0.0208362322,-0.0276898108,0.00527251046,0.00502970349,-0.999973476,-0.00837889779,-0.0831323341,-0.438074857,0.0254713278,0.457412541,0.197856799,0.243528441,-0.328859508,0.110213809,0.00743902707,0.0882050991,0.424888104,-0.00255872705,-0.422528923
0.116367109,-0.00399566861,-0.000984656042,0.0013039374,0.0134680066,-0.0210390333,-0.0280916356,0.00487602828,0.004748601,-0.999976814,-0.0084040314,-0.0832155049,-0.439114273,0.0238465667,0.45713973,0.1984265,0.256836504,-0.352399945,0.117069013,0.00749344192,0.0881450847,0.426183075,-0.00212788093,-0.423342437
0.116396792,-0.00394084025,-0.00107422925,0.00131234049,0.0139323175,-0.0209122691,-0.0286281873,0.0044255415,0.00449662935,-0.999980092,-0.00841435138,-0.0832726806,-0.440144569,0.0220645722,0.456850797,0.19897075,0.270317703,-0.375783652,0.123652034,0.00753030088,0.0880561918,0.42727375,-0.00156636594,-0.424691617
0.116420493,-0.00383618125,-0.00113292539,0.00130431843,0.0142735774,-0.0203975365,-0.0293148533,0.00403445074,0.00419612927,-0.999983072,-0.00842860807,-0.0833342224,-0.441199452,0.0203496609,0.456536055,0.199352622,0.283948809,-0.398699194,0.129927397,0.00757148908,0.0880068466,0.428548515,-0.00118493498,-0.425589949
0.116449773,-0.00368635752,-0.00115003076,0.00128941506,0.0142905498,-0.0194613542,-0.0300780591,0.00360449171,0.00393047789,-0.999985754,-0.00842869561,-0.0833783969,-0.44220829,0.0185238905,0.456196398,0.199742466,0.297729731,-0.421287268,0.135877043,0.00760143111,0.0879231244,0.42961058,-0.000684214989,-0.427011609
0.116472781,-0.00351251662,-0.0011440767,0.00125607057,0.0141408499,-0.0182009079,-0.0309802089,0.00325143943,0.00362862926,-0.999988139,-0.00843294524,-0.0834285393,-0.443212509,0.0168121662,0.455829144,0.200023606,0.311658055,-0.44324106,0.14147979,0.00763450889,0.0878772065,0.43086198,-0.000349431008,-0.427948415
0.116500638,-0.00363780907,-0.00116846419,0.00118591625,0.0143746305,-0.0174003523,-0.0342224762,0.0028718512,0.00336901518,-0.999990225,-0.00842351094,-0.0834645256,-0.444143653,0.0150378393,0.455442786,0.200354099,0.325742811,-0.464704067,0.146734118,0.00765804015,0.0877966061,0.431900114,9.63529965e-05,-0.429396093
0.116520792,-0.00325303269,-0.00108937197,0.00117544422,0.0134277921,-0.0163366273,-0.0333411805,0.00255092978,0.00305731199,-0.999992073,-0.00842065364,-0.0835096464,-0.445096642,0.0134398825,0.455072761,0.20054549,0.340006232,-0.485370576,0.151628524,0.00768344291,0.087759003,0.433205187,0.000329144998,-0.430173218
0.116548121,-0.00230430136,-0.00117687404,0.00125798117,0.012423709,-0.0138440393,-0.0270018186,0.00221423036,0.00283562252,-0.999993503,-0.0084030591,-0.0835343301,-0.445883662,0.0117490031,0.454693466,0.200899765,0.354389042,-0.505400538,0.156146735,0.00769819878,0.0876788944,0.434156269,0.000773751992,-0.431803495
0.116571449,-0.00227283291,-0.00122265646,0.000853625068,0.0145209832,-0.0105607491,-0.0274968315,0.00199438259,0.00256300718,-0.999994755,-0.00838493835,-0.083540976,-0.446673691,0.0101367151,0.454222023,0.201220497,0.368881911,-0.524523735,0.160286307,0.00771449786,0.0877162367,0.43511793,0.00103638403,-0.432920933
0.116582572,-0.0028102058,-0.000981452642,0.000108987377,0.0198728759,-0.00830473658,-0.0376189128,0.00178883632,0.0022569974,-0.999995828,-0.00836069696,-0.0836235583,-0.447317153,0.00880717486,0.453629822,0.201514065,0.383491278,-0.542855203,0.164035603,0.00772739295,0.0875344798,0.436114907,0.00144502497,-0.434164643
0.116576098,-0.00248471997,-0.000584836933,0.000565931026,0.0153407129,-0.00742106792,-0.0421120487,0.00165899098,0.00177059113,-0.999997079,-0.00835028663,-0.0838750228,-0.447707027,0.00808794796,0.453281045,0.201741993,0.398232549,-0.560200691,0.167415932,0.00781633519,0.0872099474,0.43766129,0.00184787274,-0.434581459
0.116605416,-0.00207681116,-0.000202748124,0.000562633621,0.010584401,-0.00712365797,-0.0376159362,0.00148878933,0.00164614583,-0.999997556,-0.00832170714,-0.0839285553,-0.448205918,0.00681463676,0.453003347,0.202104107,0.413069248,-0.576945841,0.170377493,0.00782932434,0.0870923251,0.438524157,0.00193228933,-0.436121553
0.11659874,-0.00226803357,4.12761765e-05,0.000392012618,0.00982869044,-0.00663890596,-0.0415452495,0.00137159973,0.00134929817,-0.999998152,-0.00829993933,-0.0840928704,-0.448459327,0.00620409008,0.452607274,0.202344015,0.427900106,-0.592739701,0.172917575,0.00789384078,0.0868089497,0.439918399,0.00230889511,-0.437009692
0.116621219,-0.002215744,0.00019542512,0.000451467029,0.00748138269,-0.00654737651,-0.0432650968,0.00122106052,0.0012551368,-0.99999845,-0.00826776866,-0.0841899812,-0.448744863,0.00533473305,0.452378422,0.20263949,0.442764282,-0.607779026,0.175043344,0.00790927,0.0866269097,0.440985024,0.00245523802,-0.438393474
0.116616897,-0.0021695327,0.000298645144,0.000480337418,0.00578986248,-0.00683506718,-0.042851489,0.00110739307,0.00105239463,-0.999998808,-0.00824193377,-0.0843027756,-0.448895127,0.00486573018,0.452136457,0.202859163,0.457520992,-0.621859372,0.176719889,0.00795745384,0.0863901004,0.442384899,0.00279999594,-0.43932116
0.116640516,-0.00229894044,0.000274038262,0.000563233974,0.00425549131,-0.00712141488,-0.0442282781,0.000945735606,0.00102563435,-0.999999046,-0.00820678193,-0.0843613967,-0.449113011,0.00408799993,0.451963544,0.203118816,0.472213924,-0.63513577,0.177942932,0.00796316285,0.0862505212,0.44341293,0.0029277869,-0.440770894
0.116639502,-0.00222227746,0.000330825715,0.00034026397,0.00343968393,-0.00695717614,-0.0403619334,0.000820796064,0.000883810397,-0.999999285,-0.00817987882,-0.084408164,-0.449264675,0.00365466438,0.451759547,0.203297675,0.486726195,-0.647368252,0.178677604,0.00799808837,0.0861317441,0.444770843,0.00312721101,-0.441660017
0.116654187,-0.00262232404,6.11763826e-05,0.000507741584,0.00436055986,-0.00695086969,-0.0475928187,0.000666047446,0.000889293558,-0.999999404,-0.00814356096,-0.0844306499,-0.449411213,0.0030782558,0.451597899,0.203531891,0.501047313,-0.658723116,0.178914219,0.00798997004,0.0859723538,0.44574663,0.0033005306,-0.443206668
0.11665988,-0.00227183057,-5.63738686e-05,0.000759062357,0.00397524145,-0.00913130399,-0.0465593673,0.00054124312,0.000710718799,-0.999999583,-0.00812153984,-0.0844467282,-0.449662715,0.00255592284,0.451487035,0.203664213,0.515195429,-0.668918133,0.178960502,0.00800238084,0.0860186294,0.447102606,0.0032271184,-0.443721473
0.116684601,-0.00177462492,3.70061316e-05,0.000225434531,0.00532300305,-0.00814549997,-0.0382768251,0.000299480831,0.000731520529,-0.999999702,-0.0080852164,-0.0844386965,-0.449824691,0.00163012627,0.45141238,0.203949064,0.529081583,-0.6783548,0.178966492,0.00798005424,0.0859618261,0.447762847,0.00326576293,-0.445545346
0.116668917,-0.00204333127,6.69793226e-05,-0.000190581064,0.00694568921,-0.00461275177,-0.0397853628,0.000214523723,0.000498217007,-0.999999881,-0.00806479622,-0.084489733,-0.449890375,0.00141858601,0.451317459,0.204182133,0.542645812,-0.686680555,0.17894958,0.00797872525,0.0857750922,0.449046791,0.00341124902,-0.446333587
0.116676994,-0.00194653345,0.000277704967,0.000361070677,0.00299277552,-0.00497714942,-0.041604165,0.000114218652,0.000453982037,-0.999999881,-0.00803736784,-0.0845256448,-0.44992727,0.00109751895,0.451259702,0.204519451,0.555995584,-0.694188714,0.178908527,0.00795204099,0.0855607316,0.449975759,0.00351571501,-0.44769606
0.116683364,-0.00195232464,0.000142578036,0.000741917058,-2.46647687e-05,-0.00539832748,-0.0465598032,1.46354241e-05,0.000378737837,-0.99999994,-0.00802075677,-0.0845407099,-0.449970752,0.000806247001,0.451216638,0.204808176,0.569142222,-0.700698197,0.178616479,0.00792813674,0.0855322331,0.451081902,0.00346414093,-0.448491126
0.116706669,-0.00165494601,0.000352042902,0.000748926657,-0.0050370656,-0.00726618106,-0.0282292832,-0.000102312719,0.000454983761,-0.999999881,-0.00799770467,-0.084457159,-0.450074911,0.000192934007,0.451182634,0.205143526,0.582044125,-0.706312954,0.177750081,0.00789691042,0.0857117325,0.451696962,0.00320505211,-0.449474573
0.116713308,-0.00146609964,0.000548064767,-0.000979772885,0.00277662626,0.00587197207,-0.0037136178,-0.00027658898,0.000580331427,-0.999999821,-0.00797778182,-0.0844449624,-0.450225294,-0.000219027002,0.45063591,0.205432147,0.594695866,-0.711136878,0.176123798,0.00786416139,0.0857609138,0.452227473,0.00305897905,-0.450849384
0.116667449,-0.000825637195,0.0020512552,-0.00239811884,-0.00447403593,0.0302343685,0.0133171929,0.000132261703,0.000343707361,-0.99999994,-0.00737712812,-0.0847311839,-0.449987054,0.00216888497,0.453069925,0.205598921,0.598310113,-0.69567275,0.165238842,0.0080195507,0.0854661167,0.452951103,0.00304201711,-0.450900614
0.116617359,-0.000530284131,0.00490225898,-0.00301854452,-0.0354227386,0.0398902632,0.00407962641,0.000932924508,0.000759221555,-0.999999285,-0.00691482378,-0.0850434527,-0.449286491,0.00671185413,0.456691265,0.204476058,0.58845067,-0.650077403,0.141622677,0.00803291518,0.0852796882,0.453022122,0.00180309603,-0.450674295
0.116546579,0.000585662841,0.00692061195,-0.00334981526,-0.0570172742,0.0380326658,-0.01095975,0.00172755553,0.00176122854,-0.99999696,-0.00682841986,-0.0851728171,-0.447765887,0.0122329723,0.460538775,0.201309368,0.567043066,-0.581980467,0.109713785,0.0076254732,0.0853042305,0.452893645,-8.64510002e-05,-0.450448632
0.116482839,0.00272933184,0.00747946464,-0.00295230467,-0.063191846,0.0366700217,-0.0119761163,0.00245343521,0.00304086413,-0.999992371,-0.00681032613,-0.0852619931,-0.445485741,0.0179240331,0.46390143,0.196846455,0.538397968,-0.503079653,0.0755386576,0.00695637707,0.0852865428,0.45265469,-0.00144002703,-0.451045066
0.11642731,0.00459429994,0.00658799475,-0.00246161525,-0.0557824485,0.0380838215,-0.020348886,0.00319286459,0.00429016026,-0.999985695,-0.00684491778,-0.0853238255,-0.442776114,0.0231476165,0.466280729,0.192186981,0.50685662,-0.422574967,0.0439924933,0.00628937315,0.085262537,0.452329576,-0.00226121792,-0.451568604
0.116382658,0.00504737953,0.00243693101,-0.00381689053,-0.0283806659,0.0375294425,0.0110046845,0.00397294341,0.00527490117,-0.999978185,-0.00687674992,-0.0853060484,-0.439959645,0.0274524465,0.467814744,0.188361824,0.476027161,-0.34645924,0.0180340763,0.00580947008,0.0852496997,0.451902241,-0.00283710705,-0.451449394
0.116273321,0.00338879204,-0.000711727713,-0.00350712729,-0.00539894216,0.0376767963,0.00557240099,0.0046972339,0.00542256562,-0.999974251,-0.00692127086,-0.0852071196,-0.437767446,0.0315366909,0.467734396,0.185969993,0.44841665,-0.278303772,-0.001159181,0.00547372922,0.0860484689,0.4511244,-0.0033335411,-0.451056182
0.116241895,0.00309131294,0.000386605185,-0.000619280734,-0.00846779253,0.0195789542,-0.0153331021,0.00548099587,0.00549124321,-0.9999699,-0.00696883723,-0.085092485,-0.436517894,0.0336159654,0.467739522,0.185228616,0.425571263,-0.218979001,-0.0136279147,0.00519633386,0.086403966,0.449934185,-0.00580335595,-0.449138463
0.116247788,0.00408475753,0.00134207529,0.000229977988,-0.0144653404,-0.00961814169,0.0202984829,0.00547719654,0.00576413563,-0.99996841,-0.00701994821,-0.0850668252,-0.435380489,0.0342337489,0.46773085,0.185607791,0.407892913,-0.169284523,-0.0204136819,0.00508097,0.0864402577,0.447985739,-0.00725525618,-0.448869437
0.116249889,0.00376926223,0.000236695138,-0.000834875973,-0.00697600935,-0.0205249265,0.0478712134,0.00510110846,0.00606570346,-0.999968588,-0.00707528088,-0.0850495771,-0.43425405,0.0345979482,0.46769166,0.187156871,0.395055383,-0.128218889,-0.0226921309,0.00506171212,0.0864434391,0.445984483,-0.00779289193,-0.448833972
0.116213568,0.00155641662,-0.00174835918,-0.00166369416,0.000648191548,-0.0110158138,0.0311930478,0.00466795731,0.00603370927,-0.999970913,-0.00711771892,-0.0849417895,-0.433198571,0.0353571996,0.46749264,0.189947039,0.386375278,-0.0944774896,-0.022587711,0.00504709734,0.0868042484,0.444231689,-0.00775571028,-0.448688298
0.116183475,0.000190905805,-0.00108113524,-0.000569843978,0.00258880947,-0.0126619805,0.0301356856,0.00466794427,0.00603370834,-0.999970913,-0.00715632178,-0.0848230273,-0.432832718,0.0360255428,0.467202812,0.193639562,0.381196558,-0.0668138713,-0.0211129915,0.00503148464,0.0871655867,0.442653179,-0.0089062918,-0.446516812
0.116191,0.000994308619,0.000831287995,0.00031622863,-0.00449128309,-0.0219198391,0.0527612902,0.00416860636,0.00592486793,-0.999973774,-0.00719573023,-0.0848119259,-0.432614863,0.0361315645,0.466986567,0.19814074,0.378855228,-0.0448473431,-0.0188380815,0.00502717681,0.0872160122,0.440957904,-0.0096822558,-0.44540447
0.116195761,0.00132655434,0.00133272179,4.01372963e-05,-0.0140042501,-0.0130101852,0.0449851528,0.00380355353,0.00620424328,-0.999973536,-0.00723024504,-0.084807016,-0.432329893,0.036273241,0.466816187,0.203056201,0.378343105,-0.0275415443,-0.0161404051,0.00503920019,0.0872317031,0.439531893,-0.00984681305,-0.444796205
0.116192073,0.0014581735,0.00123813283,-0.000284487964,-0.0127923815,-0.00264079589,0.0434386916,0.0036594735,0.00647809217,-0.999972343,-0.00725850603,-0.0848003924,-0.432070345,0.0367259011,0.466650337,0.208031192,0.378311038,-0.0139159067,-0.0133275799,0.00505581498,0.0872464105,0.438414901,-0.00987669546,-0.4441185
0.116183847,0.00157471839,0.000999749755,-0.000427048246,-0.010544139,0.00489082467,0.040692389,0.00370902428,0.00670953328,-0.999970615,-0.00728019094,-0.084793359,-0.431859523,0.0374073237,0.466561943,0.212804645,0.378335238,-0.00327011198,-0.0106585091,0.00507420395,0.0872614533,0.437516987,-0.00988775119,-0.443323225
0.116174489,0.00209088926,0.000321363535,-0.000181372568,-0.00416640285,0.0098398095,0.0334269181,0.00386622432,0.00689381547,-0.999968767,-0.0072962814,-0.0847849324,-0.431698471,0.0381355062,0.466516912,0.217218086,0.378369868,0.00493617868,-0.00832516886,0.00509403832,0.0872759596,0.436750382,-0.0098961629,-0.442497492
0.116176181,0.00258320943,-0.000148706953,-0.000141651617,-0.000154727531,0.0121098449,0.0282600615,0.00411173608,0.00687102554,-0.999967933,-0.00730320346,-0.0847565457,-0.431397617,0.0387547165,0.466584474,0.221287131,0.378406912,0.0112138269,-0.00641433755,0.00511162961,0.0872878209,0.436040193,-0.0098874094,-0.441719025
0.116168439,0.00245479331,4.09714849e-05,-0.000338461832,-0.00210314896,0.0116707888,0.0290500652,0.00435848348,0.00689526554,-0.999966741,-0.00731304288,-0.0847445652,-0.431272894,0.0390970185,0.466577172,0.22484228,0.378453225,0.0157557167,-0.00503624277,0.00513435062,0.087296389,0.435296059,-0.00990876835,-0.440975457
0.116162203,0.00227352581,8.09667472e-05,-0.000287415547,-0.00224859128,0.0116097163,0.0270680953,0.00458646053,0.00695005478,-0.99996531,-0.00731982151,-0.0847242624,-0.43119207,0.03944223,0.466572225,0.227856904,0.378504694,0.0189827755,-0.00414641621,0.00515958387,0.0873052031,0.434604496,-0.00992701016,-0.440260887
0.116156504,0.00217897538,-4.51612459e-06,-0.000212285944,-0.00134370662,0.0115010375,0.024097519,0.00483051082,0.00698013324,-0.999963999,-0.0073263729,-0.0847058594,-0.431116968,0.0397447348,0.466569185,0.230415121,0.378560305,0.0212741718,-0.00364811602,0.0051837042,0.0873109624,0.433989197,-0.00994678587,-0.439572275
0.116153292,0.00160441303,-0.00102295435,-0.000892223616,0.0058321734,0.0103605129,0.0214569476,0.00505339354,0.00699912617,-0.999962747,-0.00732863089,-0.0846811458,-0.431033581,0.0400426574,0.466588497,0.232543662,0.3786771,0.0228378177,-0.003448945,0.00521028321,0.0873161629,0.433425486,-0.00996153802,-0.438976884
0.116120778,0.00103144092,-0.00127249002,-0.000748621416,0.00712486682,0.00639785081,0.0161835346,0.00525095221,0.00674231863,-0.999963462,-0.00732582621,-0.0845850036,-0.430986285,0.0404685438,0.46658057,0.23421286,0.378869623,0.0238943063,-0.00337710208,0.00523529109,0.0876064375,0.432977051,-0.01007492,-0.438050032
0.116123475,0.00128571095,-2.03884647e-05,0.0002322699,-0.00217846222,0.00346359098,0.0150423003,0.00531369541,0.00671066111,-0.999963343,-0.00732435193,-0.0845517814,-0.430942416,0.0405890867,0.466596991,0.235564098,0.379258722,0.0243521444,-0.00333702704,0.00525900722,0.0876654163,0.432352066,-0.0104115075,-0.437393278
0.116129801,0.00148773752,0.00072920823,0.00014935332,-0.0077134301,0.00387329841,0.0184934344,0.00539358659,0.00682631088,-0.999962151,-0.00732523296,-0.0845352411,-0.430889606,0.040630877,0.466616094,0.236759171,0.379650772,0.0244670324,-0.00330082304,0.00528670987,0.0876673535,0.431817949,-0.010502167,-0.437159032
0.116128929,0.000901473686,0.000504329568,-3.13897035e-05,-0.00456831278,0.00481208414,0.0113650393,0.00547361281,0.00701490883,-0.999960423,-0.0073255552,-0.08452034,-0.430867314,0.0407366492,0.466596812,0.23769021,0.380040556,0.0245175175,-0.00326421694,0.00531861419,0.0876620114,0.431392342,-0.0105297063,-0.437069446
0.116128206,0.000851947814,-0.00010005795,-2.81642733e-05,0.000724674319,0.00580415083,0.00596713275,0.00558917085,0.0070065991,-0.999959826,-0.00732210092,-0.0844912753,-0.430788457,0.0410201624,0.466702163,0.238352522,0.380435735,0.0246435218,-0.00322498311,0.00534930779,0.0876715407,0.431159586,-0.0106731271,-0.436407954
0.11612764,0.00127985107,9.28127047e-05,-0.000131005771,-0.00179244229,0.00511739915,0.0125013543,0.00570741249,0.00698442617,-0.99995935,-0.00731902895,-0.0844744518,-0.430729151,0.0411175564,0.466771573,0.238944516,0.380820125,0.0247123055,-0.00319123897,0.00537593802,0.0876649395,0.430869102,-0.0107157342,-0.436180204
0.116122648,0.000584641239,0.00032794039,-0.000378011115,-0.00326855527,0.00340542803,0.00982393324,0.0057972623,0.00707530696,-0.999958158,-0.00731614092,-0.0844588056,-0.430710942,0.0411982611,0.466758937,0.239380687,0.381210804,0.0247518942,-0.00315941311,0.00540722022,0.0876563564,0.430520684,-0.0107365204,-0.436127573
0.116112292,0.000414080365,9.87045787e-05,-0.000197305999,-0.00100252917,0.00270345085,0.00792689715,0.00584648317,0.00711276382,-0.999957621,-0.00731486687,-0.0844423547,-0.430698246,0.0414242893,0.466744661,0.239573419,0.381627649,0.0248270445,-0.00312693208,0.00543781416,0.08766222,0.430306524,-0.010918363,-0.435483396
0.116114631,0.00121419469,-2.23280531e-05,2.47104526e-05,-0.000538093038,0.00425370689,0.0134924734,0.00590769947,0.00711346744,-0.999957263,-0.007307461,-0.0844153911,-0.430644482,0.0415603369,0.466807663,0.2397919,0.38198474,0.0248713531,-0.00309546199,0.00546527281,0.0876557752,0.430027783,-0.0109330555,-0.435389876
0.116113,0.000832371472,-1.06456046e-05,-0.000257522479,-0.000266551971,0.00471637212,0.00807667896,0.00602057343,0.00713111274,-0.999956429,-0.00730181113,-0.0843959972,-0.430614471,0.0416218601,0.466825634,0.239989132,0.382267714,0.0249076653,-0.00306649297,0.0054947501,0.0876475573,0.429699272,-0.0109431762,-0.435363173
0.116104133,0.000532473146,7.27404185e-05,-0.000264467119,-0.000831878104,0.00301969796,0.00733499555,0.00609860942,0.00712219905,-0.999956012,-0.00729926303,-0.0843793973,-0.430602998,0.0417646132,0.466817945,0.240054905,0.382584363,0.0249695312,-0.00303768297,0.005523948,0.0876508281,0.429493934,-0.0111294324,-0.4348059
0.116102271,0.00066786207,0.000100676785,-0.000190203355,-0.0011131916,0.00304059777,0.00955550745,0.00614342885,0.00716262823,-0.999955475,-0.00729314983,-0.0843615234,-0.430588633,0.0418331772,0.466809094,0.240103558,0.382853657,0.0250058156,-0.0030108171,0.00555189187,0.0876414627,0.429208338,-0.0111517878,-0.434739411
0.116096333,0.000516124535,7.67184338e-06,-0.000193809727,-6.78713186e-05,0.00196972233,0.00299307867,0.00622309605,0.00716455933,-0.999954998,-0.00728836516,-0.0843436047,-0.430576235,0.0419688001,0.466801047,0.240139559,0.38308683,0.0250589587,-0.00298329489,0.00558238104,0.0876417235,0.428976357,-0.0112855136,-0.434349775
0.116094388,0.00083284796,2.16404824e-05,-5.52005222e-05,-0.000742382195,0.00240423973,0.0119450148,0.00622309605,0.00716455933,-0.999954998,-0.0072808573,-0.0843259171,-0.430561244,0.0420548208,0.466796815,0.240182146,0.383317292,0.0250946693,-0.0029581408,0.00561078219,0.0876345783,0.428732216,-0.0113426121,-0.434186071
0.116093911,0.000619476195,-5.61956585e-05,-0.000154819325,0.000238035034,0.00405211328,0.0121913664,0.00632265164,0.00719112391,-0.999954164,-0.00727293687,-0.0843071043,-0.430545986,0.0421088822,0.466792881,0.240228459,0.383462459,0.025127219,-0.00293304888,0.00563958799,0.0876250342,0.428436756,-0.011347685,-0.434170961
0.116088055,0.000532243517,-9.24233027e-05,-0.000152053544,0.000718630094,0.00314522535,0.00595201459,0.00638856273,0.00715197716,-0.999954045,-0.00726839807,-0.0842900425,-0.430533767,0.0422242433,0.466791481,0.240259781,0.383620858,0.0251780394,-0.00290724891,0.0056674229,0.0876260847,0.428269774,-0.0115183461,-0.433702767
0.11608772,0.000610818213,-7.84776203e-05,-0.000137258176,0.00056969322,0.00335602998,0.00655574352,0.00645014131,0.00716063101,-0.999953568,-0.00726058614,-0.0842725709,-0.430518299,0.042276524,0.466790617,0.240304798,0.383721352,0.0252095703,-0.00288317492,0.00569377188,0.0876162574,0.42802161,-0.01153317,-0.433663964
0.11608243,0.000545713934,-9.27029687e-05,-0.000142020595,0.0007135903,0.00314855692,0.00581598096,0.00652465923,0.00712769153,-0.99995333,-0.00725511881,-0.0842557326,-0.430505484,0.0423783101,0.466790766,0.240337461,0.383829266,0.0252518561,-0.00285835308,0.00572192017,0.087616697,0.427843928,-0.0116871763,-0.433255196
0.116081923,0.000811911013,-2.73397472e-05,-8.20300775e-05,-6.7568435e-05,0.00360526494,0.00886202138,0.00657770131,0.00713035278,-0.999952972,-0.00724683004,-0.0842388719,-0.4304896,0.0424313508,0.466792405,0.240381822,0.383917421,0.0252802204,-0.00283547305,0.00574797485,0.0876074955,0.42761448,-0.0117137693,-0.433191091
0.116078943,0.000636226905,-6.22349617e-05,-0.000135158945,0.000499697984,0.00404710881,0.00530558359,0.00667126244,0.0071279793,-0.999952316,-0.00723940646,-0.084221378,-0.430475026,0.0425050482,0.466793597,0.240420654,0.383987784,0.0253137518,-0.00281185959,0.00577649521,0.0876037553,0.427381217,-0.0117915301,-0.43298623
0.116076365,0.000752010965,-4.02189289e-05,-6.07846232e-05,8.56152037e-05,0.00387067138,0.00694403099,0.006741005,0.00710872933,-0.999952018,-0.00723503809,-0.0842050165,-0.430458307,0.0425788909,0.466795981,0.24045819,0.384080917,0.0253461748,-0.00278977677,0.00579732144,0.0875977874,0.427238315,-0.0118829412,-0.432759076
0.11607632,0.000613161828,-7.0191054e-05,-0.000123724196,-0.000387569104,0.00213559647,0.00552742742,0.0068280613,0.00712278718,-0.999951303,-0.00722656399,-0.0841885284,-0.43044281,0.0426243134,0.46679762,0.240503326,0.384135425,0.0253723226,-0.00276837777,0.00582236191,0.0875870213,0.427012384,-0.0118835587,-0.432759434
0.116071269,0.000543033879,-8.29093988e-05,-0.000124852479,0.000694209593,0.00331624714,0.00484795822,0.0068280641,0.00712278765,-0.999951303,-0.00722068036,-0.0841726735,-0.430429608,0.0427144431,0.466802448,0.240533665,0.384250998,0.0254046973,-0.00274609565,0.00584866246,0.0875868723,0.426873773,-0.0120434137,-0.432353586
0.116071202,0.000613961951,-6.04860033e-05,-0.000114065726,0.00143679592,0.00509598246,0.00531979557,0.00696203252,0.00709363585,-0.999950588,-0.00721172523,-0.0841562897,-0.430413753,0.0427585281,0.46680662,0.240578085,0.38432315,0.0254300628,-0.00272516697,0.00587326288,0.0875765532,0.426655531,-0.0120493881,-0.432340324
0.116066553,0.000533557788,-7.50714025e-05,-0.00012102208,0.000623694505,0.003092831,0.00496707717,0.00703330711,0.00706389314,-0.99995029,-0.00720528187,-0.0841403455,-0.430400312,0.0428407677,0.466811061,0.240609661,0.384428263,0.0254599601,-0.00270328694,0.00589984283,0.0875758603,0.426501155,-0.0121914214,-0.431984812
0.116066232,0.000622234424,-4.99334456e-05,-0.000101187579,0.000336194178,0.00319043687,0.00610521249,0.00708708772,0.00706720119,-0.999949932,-0.00719601801,-0.0841244236,-0.430384606,0.042886138,0.466816008,0.240653276,0.384518296,0.0254826657,-0.00268312893,0.00592435477,0.0875661224,0.426299512,-0.012208825,-0.431946337
0.116062343,0.000481382507,-7.28245723e-05,-0.00019153516,0.000335941033,0.00319052534,0.00610518176,0.00716267806,0.00704881549,-0.999949515,-0.00718861585,-0.0841083154,-0.430370837,0.0429587588,0.466820508,0.240687251,0.384610951,0.0255106501,-0.00266196299,0.00595130818,0.0875642672,0.426124543,-0.0123228468,-0.431664854
