0.122571997,-0.00650275592,-0.00104735803,-0.316331118,-0.0402749069,-0.0352668539,-0.0389140509,-0.00167461962,0.000318253296,-0.999998569,-0.00177079695,-0.0901700556,-0.457974821,-0.00239056209,0.447859436,0.345684707,0.349480301,0.000711860019,-0.000108075001,0.00113349501,0.092243053,0.457773328,0.00914034154,-0.445179105
0.116245173,0.00222637597,0.00534470985,-0.191096768,-0.0403864384,-0.0352873653,-0.0387796313,-0.00518947747,0.000523519702,-0.99998641,-0.00480273319,-0.0972369313,-0.458027452,0.000348010013,0.441565931,0.338474482,0.350068778,0.00376799703,-0.000482431991,0.00222994294,0.100689001,0.457699925,0.0163284205,-0.432398736
0.114928581,0.0211231373,0.0137918964,-0.0153601235,-0.0967714712,0.120359614,-0.00705309305,-0.00308698067,0.00192564051,-0.999993384,-0.00807466358,-0.0995264575,-0.453050345,0.0129786627,0.447438776,0.339541167,0.357807755,0.00839657802,-0.00125189405,0.00249495707,0.101880237,0.451571614,0.00746243307,-0.4277834
0.115632318,0.0280911066,0.0135895479,0.0311653391,-0.107895061,0.127518684,0.039399378,-0.000373112416,0.00438998127,-0.999990284,-0.0102930078,-0.0995393842,-0.446213216,0.023749806,0.455608428,0.340030015,0.366423011,0.0131292492,-0.00169393094,0.0026286291,0.101713583,0.444717437,0.000625003013,-0.430505365
0.116173215,0.0211757179,0.0104440087,0.0207605176,-0.083126314,0.117215268,0.0271037593,0.00202167453,0.00624096114,-0.999978483,-0.010948264,-0.099548161,-0.440262496,0.032273788,0.460943133,0.336439043,0.373625457,0.0176364072,-0.00172498601,0.00268620509,0.101543486,0.441149712,-0.000834822014,-0.432444066
0.116458401,0.0131226033,0.00810050871,0.0100068767,-0.0610787533,0.104150303,0.00545957778,0.00432051346,0.00771508832,-0.999960899,-0.0110321231,-0.0995582417,-0.436353892,0.0388534032,0.464326054,0.329610467,0.37957105,0.0216164757,-0.00171357603,0.00271049095,0.101184584,0.440206438,-0.00115045498,-0.432091206
0.116568707,0.00764958747,0.00543454522,0.00336217601,-0.0372541733,0.0780634657,0.0133723617,0.00618931651,0.00868281163,-0.999943137,-0.0110182436,-0.0995690897,-0.433842719,0.0439987853,0.466393411,0.320909381,0.384591281,0.0246472005,-0.00170823105,0.00273202802,0.100716434,0.440122426,-0.00120158296,-0.431441784
0.116589099,0.00373076159,0.0033230884,0.000185593701,-0.0180432443,0.0515005663,0.019324962,0.00744756684,0.00920135621,-0.999929905,-0.0109623913,-0.0995805338,-0.432293266,0.0479372293,0.467420667,0.311216742,0.388869494,0.0266970433,-0.00171548198,0.00275726197,0.100168884,0.440147758,-0.00138991524,-0.430916518
0.116573796,0.00145378173,0.00187236711,-0.000916135905,-0.00383346784,0.0327361971,0.0182710513,0.00825640466,0.00939865969,-0.999921739,-0.0108057884,-0.0995900109,-0.431529105,0.0505981259,0.468133897,0.301397532,0.392330885,0.0279155876,-0.00173385697,0.00278371293,0.0995504707,0.440164059,-0.00187096198,-0.430746526
0.116551273,0.000351317954,0.00083392387,-0.00104328175,0.00641139038,0.0184915755,0.0137286372,0.00876377244,0.00934863836,-0.999917924,-0.0105267931,-0.0995967984,-0.431320965,0.0521990769,0.468795806,0.292019099,0.394931912,0.0284506697,-0.00176045101,0.00281232898,0.0988957286,0.440157413,-0.00242943689,-0.430717975
0.116531633,-7.10774475e-05,0.000215420427,-0.000866362767,0.0126501909,0.00683297776,0.00666242093,0.00900127832,0.00913770963,-0.999917746,-0.0101819513,-0.0996013507,-0.43128112,0.0530276448,0.469406813,0.283386201,0.396719843,0.0285616945,-0.00179347105,0.00284130406,0.0982222706,0.440125644,-0.00286629004,-0.430726439
0.116516568,-0.000243837378,-6.11702126e-05,-0.000709116634,0.0152324783,-0.000379290868,0.00192722166,0.00903951004,0.00884022377,-0.99992007,-0.00984758418,-0.0996045023,-0.431267738,0.0533173494,0.469870031,0.275689214,0.397778958,0.0285890363,-0.00183145294,0.00286930311,0.0975445062,0.440077484,-0.003148661,-0.430752009
0.11650338,-0.000384419516,-7.65397926e-05,-0.000659809157,0.014858583,-0.00369731034,0.000813991413,0.00898689497,0.00852778275,-0.999923229,-0.00955977384,-0.0996065959,-0.431256771,0.0533762127,0.470162868,0.269040138,0.39821142,0.0286020823,-0.00187238504,0.00289595407,0.0968786925,0.440023482,-0.0033435449,-0.430784076
0.116490342,0.000980870798,-0.000248723314,-0.000562222209,0.0140781533,-0.00405345298,0.0211757571,0.00889185257,0.00824533124,-0.999926448,-0.0093280999,-0.0996064618,-0.431240976,0.053396441,0.47033456,0.263475537,0.398292691,0.0286102612,-0.00191359501,0.00292122411,0.0962341353,0.439969659,-0.00348956394,-0.430818141
0.116480626,0.00113120629,3.89819324e-05,-0.000446824153,0.0107949637,-0.00261945697,0.0198781732,0.00883157831,0.007957316,-0.999929368,-0.00904613826,-0.0996155515,-0.431110293,0.0533827618,0.470463693,0.259287745,0.398303956,0.0286119469,-0.00195351895,0.00294947694,0.0957757309,0.439525902,-0.00322893844,-0.432222813
0.116472058,-0.000809021469,0.000542588066,-0.000519426074,0.00779403653,-0.0064770719,-0.00423636613,0.00879368465,0.00780643988,-0.999930859,-0.00892612524,-0.0996043384,-0.431085765,0.0533905849,0.470515698,0.255759239,0.398315281,0.0286279563,-0.00198805495,0.00297952793,0.0952096656,0.439402819,-0.00356314308,-0.432362854
0.116459966,-0.00079150137,0.000210834187,-0.000642052619,0.00970561802,-0.0142721506,0.00883714296,0.00857123919,0.00764709432,-0.999934018,-0.00886844657,-0.099589929,-0.431065112,0.0534047745,0.470556825,0.252837002,0.398327023,0.0286386572,-0.00201958907,0.00300745107,0.0946450159,0.439359248,-0.00388802891,-0.432355553
0.116446584,-0.000409090397,0.000128600499,-0.000544101931,0.00901505165,-0.0139948213,0.0145250224,0.00822548475,0.00741539244,-0.999938667,-0.00875079539,-0.0995836705,-0.430958718,0.0533971526,0.470598042,0.250790983,0.398325682,0.0286402926,-0.00204831804,0.00303367898,0.0942019746,0.439080089,-0.00373538211,-0.433217794
0.116438299,-0.001499985,0.000486315548,-0.000495406974,0.00634163059,-0.0141087864,-0.00168826373,0.00801584776,0.00728158001,-0.999941349,-0.00867628492,-0.0995576605,-0.430909872,0.0533949509,0.470622033,0.249432176,0.398320198,0.028664086,-0.00206971308,0.00306053995,0.0937260613,0.438919932,-0.00388075504,-0.433448166
0.116427109,-0.000995349139,0.000434350804,-0.000597799604,0.0061931205,-0.0182346329,0.00985175837,0.0076607489,0.00716216816,-0.999944985,-0.00863122847,-0.0995289683,-0.430885017,0.0534053184,0.470645607,0.248380125,0.398323208,0.0286789797,-0.002088557,0.00308699533,0.0932192802,0.438882351,-0.00416003447,-0.433273584
0.116414569,-0.000156286085,0.000583629415,-0.000677680946,0.00472818967,-0.0181640591,0.0166090839,0.00728922663,0.0070310724,-0.99994874,-0.00852636155,-0.0995105579,-0.430753946,0.0533060618,0.470780611,0.248026147,0.398309588,0.0286838226,-0.00210668496,0.0031189099,0.0928478837,0.438498735,-0.00393263809,-0.434214979
0.116399884,0.000530126854,0.000202845855,-0.000256249565,0.00192761421,-0.0156908929,0.0225487314,0.00693891849,0.00696805725,-0.999951661,-0.00846701674,-0.0994754583,-0.430656701,0.0531610325,0.47102499,0.247906953,0.398295254,0.0286964495,-0.00212107692,0.00314845401,0.0924189091,0.438248098,-0.00393279316,-0.434415847
0.116404116,0.00134080369,-0.000675548217,0.000260931265,8.91788222e-05,-0.0100377416,0.0318583995,0.00666779373,0.00694773486,-0.999953628,-0.00840258133,-0.0992546082,-0.43054536,0.0529964045,0.471194983,0.247915521,0.398276269,0.0287100971,-0.00213252194,0.00328056002,0.0923491865,0.437448114,-0.00377153396,-0.435040087
0.116410151,0.000623482221,-0.000793475949,-0.00061353104,0.00185876642,-0.00513912458,0.0138457483,0.00654623704,0.00695584808,-0.999954402,-0.00836351514,-0.0989434198,-0.430514812,0.0529348217,0.471228987,0.247901753,0.398257464,0.0287405755,-0.00214134296,0.00335752103,0.0923635513,0.436792135,-0.00388470199,-0.435089439
0.116379634,0.000325599918,-0.000628460839,-0.00074134249,0.0015273001,-0.00391409779,0.0043130382,0.00646614237,0.00686962297,-0.999955475,-0.0083298143,-0.0986464769,-0.430475026,0.0528932139,0.47143355,0.247881144,0.398238331,0.0287721194,-0.00214877701,0.00339809409,0.0921375901,0.436516464,-0.0039833528,-0.434897751
0.116380587,0.00048749891,-0.000529160956,0.000126319355,-0.00190726982,-0.00399257336,0.00771642756,0.00639093062,0.00689382432,-0.999955833,-0.00829526782,-0.0983396396,-0.430458963,0.0527713932,0.471535444,0.247868091,0.398223519,0.0287909824,-0.00215698499,0.003436459,0.0920883343,0.436104685,-0.00425650645,-0.434838563
0.116384707,0.000309483905,-0.000804632495,-0.00015358461,-0.00245793955,-0.00476622675,0.00125481538,0.00630864222,0.006943963,-0.999956012,-0.00826223008,-0.098023437,-0.430447876,0.0526437052,0.471584499,0.247853473,0.398206592,0.0288117509,-0.00216475199,0.00347519293,0.0920997933,0.435623407,-0.00449587218,-0.434819758
0.11637459,0.000158857569,-0.00100621814,-0.000276704668,-0.00089684967,-0.00574608892,0.00168310478,0.00620057154,0.00699178223,-0.99995631,-0.00822916068,-0.0975799114,-0.430447727,0.0523129776,0.471715659,0.247828901,0.398187727,0.0288384277,-0.00217041397,0.00350798503,0.0922781304,0.435117811,-0.00505381217,-0.434484988
0.116373882,0.000392944348,-0.000746481528,-0.00011290847,-0.000667373824,-0.00623067049,0.0109590171,0.00607924862,0.00697956514,-0.999957144,-0.00819743797,-0.0972619504,-0.430445552,0.0522044003,0.47173807,0.24781324,0.398169577,0.0288568344,-0.00217607501,0.00354949594,0.0923063159,0.434631079,-0.0053070602,-0.434443712
0.116370186,0.000574943668,-0.000424138823,-0.000247108255,-0.00287511386,-0.00582721131,0.00920010917,0.00595430145,0.00701570883,-0.999957681,-0.00816677418,-0.0969669446,-0.430439413,0.0520168543,0.471780419,0.247802243,0.39814657,0.028878754,-0.00217956491,0.0035895491,0.0923120677,0.434173375,-0.00544430595,-0.434427023
0.11636398,0.000284015958,-0.000599136984,-0.000334525626,-0.00266604521,-0.00462892465,0.00360297947,0.00584865455,0.00709232502,-0.99995774,-0.00813674368,-0.0966729745,-0.430431157,0.0517666936,0.471836686,0.247793943,0.398120999,0.0289023109,-0.00218132394,0.00362722203,0.0923130736,0.433762342,-0.00554766413,-0.434408188
0.116356909,1.0686801e-05,-0.000809746969,-0.000331309275,-0.00133331853,-0.00465368712,-9.52515256e-05,0.00577018224,0.00712156296,-0.999957979,-0.00810829736,-0.0963052586,-0.430449635,0.0516023599,0.471854329,0.247769475,0.39809981,0.0289299265,-0.00218096701,0.00366353197,0.0924311057,0.433460623,-0.00579292513,-0.434140623
0.116350956,0.000319359242,-0.000493465865,-0.000281312648,-0.00224517635,-0.00508299191,0.00210862351,0.00566244451,0.00714590959,-0.999958456,-0.00807961635,-0.0959799513,-0.430456072,0.051357355,0.471879274,0.247756317,0.39807713,0.0289480537,-0.00218187994,0.00369847193,0.0924771577,0.433130562,-0.00602724683,-0.434026748
0.116345726,0.00047845993,-0.000356342061,-0.000212628656,-0.00246962183,-0.00458591525,0.00543459086,0.00556745753,0.00721094804,-0.999958515,-0.00805105735,-0.0956993327,-0.430451781,0.0510670394,0.471899211,0.247751728,0.398048729,0.0289671179,-0.00218087109,0.003735248,0.0924728885,0.432784975,-0.00613644393,-0.434004188
0.116342448,0.000410274515,-0.00042585039,-0.000139795302,-0.00159879657,-0.00364130409,0.0068396097,0.00548046874,0.00724363001,-0.999958754,-0.00802308414,-0.095438689,-0.430453479,0.0508775935,0.471891046,0.247743189,0.398020834,0.0289888214,-0.0021778089,0.00377395307,0.0924625471,0.43248105,-0.00619801087,-0.433988273
0.116340168,0.000351694325,-0.000423074089,-0.000247794087,-0.0021063881,-0.00154969876,0.00206476334,0.00542363524,0.00727323582,-0.999958813,-0.00799647719,-0.0951822326,-0.430458605,0.050727386,0.47184673,0.24773249,0.397993654,0.0290115215,-0.00217392202,0.00381245231,0.0924511254,0.432223499,-0.00624935515,-0.433971137
0.116332583,0.000189569153,-0.00050894008,-0.000396854128,-0.00208523497,0.000274140941,-0.00598690845,0.00541898608,0.00732742716,-0.999958456,-0.00796993915,-0.0948918834,-0.430462301,0.0505276062,0.471799046,0.247721791,0.397964656,0.0290370733,-0.00216879207,0.00384746096,0.0925043002,0.432018489,-0.00641935598,-0.433784902
0.116324402,0.000307118462,-0.000468099402,-0.000274478516,-0.00154746091,7.43034834e-05,-0.00366715668,0.00543276966,0.00735812169,-0.999958158,-0.00794607308,-0.0945907682,-0.430464357,0.0503116995,0.471746445,0.247713357,0.397934675,0.0290589556,-0.00216407306,0.00387385231,0.0925650448,0.431879491,-0.00668897713,-0.433578312
0.116321675,0.000648640795,-0.000283599307,-0.000134185815,-0.00193887053,6.8389847e-05,0.00315052434,0.00542082591,0.00738995103,-0.999957979,-0.00791905075,-0.0943502188,-0.430464923,0.0501092114,0.471675366,0.247707307,0.397904843,0.0290750042,-0.00215902692,0.00390947796,0.0925495476,0.431685984,-0.00675588427,-0.433554351
0.116318978,0.000757631438,-0.00027623077,-0.000108766973,-0.00171167287,0.00124356092,0.00481436122,0.00543645211,0.00743508246,-0.999957561,-0.0078918431,-0.0941221192,-0.430464,0.0499244779,0.471601605,0.24770084,0.397873878,0.0290938299,-0.00215275004,0.00394747499,0.092525281,0.431478441,-0.00678943004,-0.433545172
0.116317242,0.000525348296,-0.000495126762,-0.00020199205,-0.000852383731,0.00222136267,0.000741461583,0.00547187822,0.0074574328,-0.999957204,-0.00786510017,-0.0939028487,-0.430467099,0.0497893952,0.471499741,0.247690782,0.397843987,0.0291145593,-0.00214549201,0.00398609694,0.0924995318,0.431294322,-0.00681687705,-0.433535546
0.116310932,0.00040125259,-0.000536163861,-0.00028734337,-0.000910981209,0.00234492705,-0.00315631763,0.0055254749,0.00746897748,-0.999956846,-0.00784023385,-0.0936270058,-0.430484056,0.0496433266,0.47139737,0.247662917,0.397815645,0.0291383415,-0.00213722605,0.00402090093,0.0925662741,0.431155205,-0.00699781394,-0.433281273
0.116305821,0.000653388794,-0.000303114211,-0.000175967376,-0.00160405622,0.00249119918,0.000531447993,0.00556454668,0.00749454834,-0.999956429,-0.00781502202,-0.0933827162,-0.430488884,0.0494537614,0.471314162,0.247649506,0.397786617,0.029153185,-0.0021304891,0.00405371096,0.0925761983,0.430998415,-0.00715393201,-0.433175325
0.116303839,0.000676927797,-0.000321778498,-0.000137575436,-0.00135364581,0.00354997604,0.00217579398,0.00562532246,0.0075330874,-0.999955833,-0.00778937619,-0.0931756273,-0.430488795,0.0493176207,0.471213043,0.24764204,0.397755772,0.0291689355,-0.00212240103,0.00409014896,0.0925477743,0.430839926,-0.00719557283,-0.433161914
0.116300263,0.000549527234,-0.000336607714,-0.000345313165,-0.0017946494,0.00388172222,-0.00383571861,0.00570726255,0.00754824094,-0.999955237,-0.0077644242,-0.0929481909,-0.430498928,0.0492376871,0.471100271,0.247618526,0.397726327,0.0291893147,-0.00211225008,0.00412636111,0.0925697088,0.430712461,-0.00729986979,-0.433006525
0.116290003,0.000560246059,-0.000354182674,-0.000194483888,-0.000894339173,0.00373260351,-0.000974200433,0.00577916624,0.00760573661,-0.999954402,-0.00774076488,-0.0927162543,-0.430496126,0.0490123965,0.471077085,0.247601449,0.397692472,0.0292072296,-0.00210339506,0.0041525499,0.0925924852,0.43059057,-0.00750694424,-0.432831943
0.116292462,0.000871753029,-9.82479542e-05,-0.000106285937,-0.00207903073,0.0051049199,0.00381501135,0.00585625786,0.00758427242,-0.999954104,-0.00771697378,-0.0925319865,-0.430504441,0.0490071997,0.470900565,0.247587308,0.397664815,0.0292219762,-0.00209376705,0.00418892782,0.0925623626,0.430478752,-0.00754392985,-0.432821333
0.116285577,0.000756382651,-0.000116332405,-0.000337620382,-0.00288123684,0.00594284479,-0.00237331493,0.00598451402,0.00768806553,-0.999952555,-0.00769290514,-0.0923569575,-0.430490285,0.0488710441,0.470858693,0.247585982,0.397629499,0.0292381551,-0.00208442612,0.00422009686,0.0925188884,0.430352062,-0.00757820392,-0.432819366
0.116278812,0.000539881352,-0.000385132007,-0.000192655207,-0.000477572525,0.00534293381,-0.000793664309,0.0060933698,0.00770012755,-0.99995178,-0.0076681599,-0.0921269134,-0.430488646,0.0488226712,0.470790774,0.247540012,0.397602648,0.0292577464,-0.00207309797,0.004252424,0.0925780684,0.430272967,-0.00778431213,-0.432538778
0.116277859,0.00106992619,-0.000228896126,-0.000195190427,-0.0218845401,0.00850182679,0.0205151737,0.00619794615,0.00770717626,-0.999951065,-0.00764354598,-0.0919666514,-0.43048656,0.0488118008,0.470686972,0.247526765,0.397574157,0.0292723253,-0.00206285692,0.00428717583,0.0925372466,0.430173755,-0.00782754831,-0.432520419
0.11627081,0.0016616144,0.000187464146,-0.000184584642,-0.051845409,0.0111428229,0.0331199132,0.00644008163,0.00857031904,-0.999942541,-0.0073420871,-0.0908736587,-0.430318981,0.0497855023,0.471178442,0.248479918,0.40002349,0.0391904563,-0.00532488432,0.0046286257,0.0933955833,0.430152506,-0.00671153655,-0.430806994
0.116269983,0.00150229607,0.000439265015,0.000183058757,-0.05833745,0.00749470014,0.0324430466,0.00665493729,0.00977230351,-0.999930084,-0.00710982597,-0.0894313604,-0.430033207,0.0509751476,0.47259146,0.250734538,0.406417817,0.0645143613,-0.012013251,0.00479656179,0.0944979191,0.43014279,-0.00503590377,-0.428133994
0.116277561,0.00113220012,0.000754831999,0.000138069969,-0.0566712394,0.00398183381,0.0317912288,0.00675254827,0.0108949728,-0.999917865,-0.007027674,-0.0880636871,-0.429631799,0.0523612127,0.473398179,0.254076391,0.416661978,0.101257354,-0.0199745744,0.00481143314,0.0955561474,0.430146992,-0.00335677993,-0.425789744
0.116274871,0.00116307253,0.00136404077,-0.000102318685,-0.0538043156,0.00441926112,0.0306099914,0.0068278783,0.0120301824,-0.999904335,-0.00692087319,-0.0868567228,-0.429346025,0.0532095954,0.473837852,0.258270353,0.429749131,0.143837124,-0.0270213205,0.00480130315,0.0964407623,0.430122405,-0.00201903703,-0.424143553
0.116272494,0.00118041888,0.00158431695,-0.000187046884,-0.0467062518,0.00551717961,0.0339389071,0.00694409339,0.0130385263,-0.999890864,-0.00672356412,-0.085853003,-0.42923516,0.0538316257,0.474084467,0.262779802,0.444591284,0.187817812,-0.0316357352,0.00479424419,0.0971270576,0.430082977,-0.000957647979,-0.423100382
0.116266236,0.00118390599,0.00151560653,-0.000328065507,-0.0380453691,0.0046574967,0.0379296429,0.00706630806,0.013888889,-0.999878585,-0.00636031106,-0.0850500092,-0.429189295,0.0542772003,0.474372923,0.267155051,0.460241735,0.23029916,-0.0332481489,0.00479426607,0.0976068601,0.429945499,-0.000183921031,-0.422478259
0.116258197,0.00106121541,0.00107994385,-0.000384668034,-0.0278181173,0.00292989821,0.0459277555,0.00715149008,0.014549409,-0.999868572,-0.0058033797,-0.0844084471,-0.429154515,0.0546615198,0.474696547,0.271105558,0.475998014,0.269578993,-0.0329505093,0.00480534369,0.0979307964,0.429617018,0.000331940013,-0.422077298
0.116249919,0.000357119541,0.000448682345,-0.000607133203,-0.0180918872,-0.000255648891,0.0461950786,0.0072103939,0.0149885193,-0.999861658,-0.00502385106,-0.083921887,-0.429128081,0.0550833046,0.475014031,0.274521023,0.491379589,0.304764777,-0.0311442893,0.00483297696,0.0981194377,0.429057389,0.00060016202,-0.421714664
0.116233543,0.000212391213,-6.95487761e-05,-0.000531399448,-0.0105829909,-0.00335058616,0.0528345108,0.0071690022,0.01525963,-0.999857843,-0.00405387487,-0.083484143,-0.429112524,0.0554616414,0.475468993,0.277261883,0.506123722,0.335620642,-0.0279150754,0.00486605521,0.0982581303,0.428415537,0.000651831971,-0.420565873
0.116228648,0.000569391064,-0.000346709799,-0.000463479431,-0.00625079358,-0.00510674249,0.0612180978,0.00710872235,0.0153966546,-0.999856174,-0.00295067392,-0.0831667483,-0.429095805,0.0558194369,0.47588408,0.279635102,0.520025849,0.362100035,-0.0235940423,0.00495827105,0.0983084887,0.427472621,0.000688366999,-0.420007139
0.116215058,0.000574432779,-0.000515559048,-0.000579792133,-0.00440586731,-0.00779272011,0.0639365837,0.00700250128,0.0154922549,-0.999855459,-0.00172739301,-0.0828608051,-0.429084152,0.0560226738,0.47643137,0.281566083,0.532990038,0.384630919,-0.0185375493,0.00511998497,0.0983548388,0.426462144,0.000616298988,-0.419128537
0.116205618,0.000304152432,-0.000747173501,-0.000509364298,-0.00233142939,-0.00950369146,0.0685003027,0.00683673937,0.0155552635,-0.999855638,-0.000398936536,-0.0825866908,-0.429075032,0.0561782755,0.476987153,0.283194929,0.545045376,0.40348193,-0.0131116901,0.00539558847,0.09838067,0.425311983,0.000586311391,-0.418399066
0.116195068,0.000298092753,-0.000844063179,-0.000469430524,-0.00106902921,-0.00947441068,0.0716607571,0.00666495413,0.015566743,-0.999856591,0.000970984984,-0.0823055804,-0.429079622,0.0564449765,0.477441102,0.284493774,0.556209385,0.419197589,-0.00753790885,0.00577254221,0.0984138623,0.42424044,0.000512264029,-0.417239845
0.116187289,0.000652661838,-0.000730010157,-0.000462052558,-0.00132203219,-0.00982449483,0.0727568194,0.00650244672,0.0155787934,-0.999857485,0.00237156008,-0.0820617452,-0.429084599,0.0566092879,0.47789821,0.285660595,0.566514254,0.432184994,-0.00200916594,0.00625023292,0.0984273702,0.423052669,0.00043222899,-0.416475087
0.116176873,0.000342565909,-0.000836736232,-0.000488727354,-0.000173781344,-0.0105891926,0.0712626725,0.00631741714,0.0156008722,-0.99985832,0.00374916708,-0.0818285048,-0.429087758,0.0566810519,0.478426278,0.286660463,0.57604593,0.44287008,0.00332692708,0.00670900289,0.0984297618,0.421897352,0.000334295008,-0.41571635
0.116168179,0.000147177037,-0.000900431245,-0.000485178665,0.000621429062,-0.0114123924,0.0723756701,0.00612347433,0.0155677637,-0.999860048,0.00513499882,-0.0816006064,-0.429130435,0.056859117,0.478818655,0.287470877,0.584896982,0.451515138,0.00842460059,0.00728143379,0.0984308347,0.420810223,0.000213937004,-0.414849401
0.116157994,0.000254891143,-0.000833863975,-0.000499363872,0.000316855934,-0.0136787482,0.0732859895,0.00590594439,0.0155581106,-0.999861538,0.00654977886,-0.0813757256,-0.429157615,0.0569461174,0.47929129,0.288200349,0.593137681,0.45837304,0.0132613238,0.00792926457,0.0984280854,0.419678748,5.22679984e-05,-0.414039135
0.116148666,0.000325556728,-0.000808480487,-0.000460996001,0.000240463574,-0.0149834994,0.0729510561,0.00562209124,0.0155378338,-0.999863446,0.00799177866,-0.0811598077,-0.42918399,0.0569397174,0.479790419,0.288853168,0.600853741,0.463624567,0.0178194866,0.00865659118,0.0984180123,0.418498278,-0.000111538,-0.413426578
0.116139986,0.000166836457,-0.00075957051,-0.000505132775,0.000110174326,-0.0137319472,0.0685832426,0.00535207149,0.0155321388,-0.999865055,0.00935230777,-0.0809476376,-0.429211438,0.0569034889,0.480271488,0.289480001,0.608012021,0.467559159,0.0221156459,0.0093305381,0.0984012857,0.417365402,-0.000267599011,-0.412943125
0.116128899,0.000423861522,-0.00145722949,-0.000213817126,0.0068914704,-0.00964611117,0.0547225364,0.00511546526,0.0155186802,-0.999866486,0.0106404927,-0.0807300508,-0.429300785,0.0569034554,0.480719984,0.290014565,0.61465162,0.470362365,0.0262077581,0.0100130513,0.0983813927,0.416341871,-0.000458443013,-0.412250459
0.116132252,0.0018363503,-0.00234781392,0.000217796551,0.0148504497,-0.00452812249,0.0475151353,0.0050003496,0.0152452141,-0.999871254,0.011891054,-0.0805019438,-0.429317653,0.0568406954,0.482071877,0.290620953,0.62082845,0.472263694,0.0301694833,0.0106776739,0.0983807296,0.415413827,-0.000653958763,-0.411192626
0.116138674,0.00141181948,-0.00183758128,-0.000628072885,0.0118103595,-0.000151126093,0.0450722054,0.0049632946,0.0149150919,-0.99987644,0.0130459713,-0.0803116783,-0.429338515,0.0565607399,0.483512908,0.291404009,0.626575887,0.473074228,0.0338839777,0.0112527227,0.098343946,0.414283395,-0.000759061601,-0.410783052
0.116107948,0.000607223425,-0.000498769281,-0.00117885589,0.00158959441,-0.00145643996,0.0521857329,0.00502123591,0.01476401,-0.999878407,0.0140378838,-0.0801697746,-0.429625988,0.0564313978,0.483831763,0.291883022,0.631954849,0.473192096,0.0373655483,0.0117685916,0.0982897654,0.413274854,-0.00161533803,-0.40957579
0.116091698,0.00103676296,0.000200186594,-0.000706322608,-0.0051291748,-0.00607161503,0.0652496144,0.00493577775,0.0148410425,-0.999877691,0.0149677349,-0.0800463408,-0.429754853,0.0563767925,0.483874381,0.292276919,0.637085021,0.473185629,0.0406037942,0.012262458,0.0982054472,0.412093639,-0.00203760411,-0.409385413
0.116079375,0.000200043025,9.52423034e-06,-0.000618486025,-0.00347839925,-0.00791336317,0.0572834462,0.00481715053,0.0149561828,-0.999876559,0.0158629678,-0.0798768252,-0.429866344,0.0563538894,0.483890772,0.292483658,0.641862452,0.473162711,0.0437070392,0.0128155677,0.0981486291,0.411063015,-0.00225855364,-0.4090904
0.116066918,-0.000186346457,-0.000285244198,-0.000533821294,-0.000632297539,-0.00902614184,0.0520028509,0.00465339841,0.014969104,-0.999877155,0.0167118683,-0.0796894655,-0.430056542,0.0563351959,0.48391512,0.29253307,0.646292329,0.473066419,0.0466890894,0.0133083677,0.0980965123,0.410292625,-0.00258027646,-0.408582211
0.11605823,-3.99445162e-05,-0.000655563665,-0.000366363034,0.00288540521,-0.00821026042,0.0473894663,0.00448733661,0.0149718812,-0.99987787,0.017532384,-0.0795134082,-0.430180728,0.0563059933,0.483947158,0.292568773,0.650232196,0.472686499,0.0495113321,0.0137775457,0.098035045,0.409456968,-0.0027897174,-0.408292443
0.116052665,-0.000112429145,-0.000981239718,-0.00035689419,0.00693593686,-0.00709066819,0.0397797897,0.00435343385,0.0148451412,-0.999880314,0.0183140691,-0.0793319717,-0.430298388,0.0562749207,0.484135032,0.292595655,0.653692007,0.471801251,0.0521833934,0.0142201856,0.0979795605,0.40875861,-0.00307594705,-0.407764226
0.116044559,0.000542315014,-0.000679495512,-0.000397585711,0.0058465288,-0.00622836826,0.0445180647,0.00422718981,0.0146875381,-0.999883175,0.0189925376,-0.0792147145,-0.430458188,0.0561501943,0.484241545,0.292632133,0.656602442,0.47012037,0.0546274707,0.0145328064,0.097865954,0.408022106,-0.00341547094,-0.40746209
0.116037071,0.00036077635,-0.000579401036,-0.000538259686,0.00576580269,-0.00284981611,0.0389279835,0.00413044775,0.0146038169,-0.999884844,0.0196243431,-0.0791364089,-0.430570781,0.0560030602,0.484289557,0.292663813,0.658932626,0.467608482,0.0568509102,0.0148720872,0.0977119654,0.407110363,-0.00360814109,-0.407325
0.11602331,0.000335986231,-0.000625573914,-0.000496650522,0.00662817387,-0.000918880629,0.0347972922,0.00413604779,0.0144503033,-0.999887049,0.0201398842,-0.0790164694,-0.43085438,0.0559245273,0.484333068,0.292677134,0.660785317,0.46447733,0.0589125417,0.0151001988,0.0975967273,0.406499237,-0.00417096494,-0.406790495
0.116017513,0.000380008714,-0.000684708764,-0.000447139493,0.00750569953,0.000529707177,0.0313485526,0.00411375519,0.0143329194,-0.999888837,0.020623384,-0.0789413229,-0.431034625,0.0557755716,0.484385163,0.292695999,0.662129223,0.460570902,0.0607584305,0.0153214047,0.0974337682,0.405720711,-0.00442471681,-0.406743616
0.116005756,0.000240359193,-0.000786736782,-0.000454973924,0.00868191756,0.00205675652,0.0258077644,0.00417533517,0.0141449645,-0.999891222,0.0210106615,-0.0788287669,-0.431362003,0.055664368,0.484437525,0.29270035,0.663012564,0.456053644,0.0624161288,0.015448912,0.0973094925,0.40521419,-0.0050043338,-0.406320959
0.115999721,0.000498487614,-0.000760220806,-0.000364706619,0.0086817788,0.00151101814,0.0273828208,0.00421073148,0.0139814382,-0.999893367,0.0213608257,-0.0787492543,-0.431627333,0.055478543,0.484527141,0.292706251,0.663402021,0.450814933,0.0638428405,0.0155636854,0.097148113,0.404583782,-0.00536034722,-0.406289428
0.11599151,0.000151188913,-0.00082496379,-0.000390942732,0.00941404887,0.000386258063,0.0234511793,0.00425092038,0.0137931108,-0.999895811,0.0216730628,-0.0786578357,-0.431952178,0.0553053133,0.484665066,0.292703956,0.663491249,0.44491744,0.0650466233,0.0156561155,0.0969993994,0.40403831,-0.00583946519,-0.406175047
0.115984514,-0.000158294293,-0.00084387674,-0.000365902088,0.00988336653,-0.00210703257,0.0206922852,0.0042392551,0.0136010228,-0.999898493,0.0219236445,-0.0785747916,-0.432285517,0.0550997742,0.484839559,0.292698145,0.663508892,0.438405484,0.06603688,0.0157142393,0.0968409702,0.403506011,-0.00628071697,-0.406159312
0.115977362,-0.000733943947,-0.000894000579,-0.000450385705,0.0104936464,-0.00396243623,0.013997375,0.00417809049,0.0133945215,-0.999901533,0.0221029297,-0.0784930661,-0.43265596,0.0548702702,0.485039324,0.292686701,0.66350174,0.431336761,0.0668271631,0.0157591067,0.0966805518,0.403036684,-0.00675080996,-0.406154275
0.115967102,-0.000613803219,-0.000808481127,-0.00030842275,0.00991023146,-0.00751743931,0.016728824,0.00408824207,0.0131787444,-0.999904811,0.0222070124,-0.0783963203,-0.433047086,0.0546530038,0.485242188,0.292653203,0.663472652,0.423778772,0.0674310103,0.0158000067,0.0965429619,0.402661562,-0.0073266211,-0.406008244
0.115965553,-0.000606130809,-0.000715897186,-0.000273758254,0.00920338091,-0.00824310537,0.0164883304,0.00388617557,0.0129954088,-0.99990803,0.0222875457,-0.078340359,-0.433380991,0.0543185733,0.485479087,0.29263711,0.663289845,0.41555357,0.0677927583,0.0158387106,0.0963509455,0.402136117,-0.00760404207,-0.406427294
0.115956619,-0.000523833558,-0.00063206366,-0.000277010462,0.00864357688,-0.00550974067,0.0151004083,0.003767143,0.0128078349,-0.999910891,0.0223396104,-0.0782504827,-0.43375513,0.0540844649,0.485667169,0.292523712,0.662641883,0.406909913,0.0679756254,0.015874831,0.0962080434,0.401795745,-0.00812863,-0.406445861
0.115954876,-0.000715734554,-0.000660542399,-0.000327102724,0.00908606127,-0.00362491468,0.0116116311,0.00367356162,0.0126474407,-0.999913275,0.0223850608,-0.0781984776,-0.434115589,0.0538120046,0.485853523,0.292468786,0.661347628,0.397727787,0.0680406541,0.0159060266,0.0960117802,0.401406139,-0.00838019606,-0.406848043
0.115943976,-0.00046141792,-0.000565391558,-0.000275090541,0.0084251985,-0.00156230875,0.0117572118,0.00362815708,0.0124428365,-0.999916017,0.0224216096,-0.0781080723,-0.434539586,0.0536446609,0.486035079,0.292134941,0.659283817,0.388256907,0.0680813268,0.0159312058,0.0958730727,0.401204973,-0.0089962827,-0.406690747
0.115944222,-0.000347022666,-0.000477399764,-0.000254884071,0.00788731035,-0.000466538157,0.0108091356,0.00361682218,0.0123087261,-0.999917686,0.0224563498,-0.0780674368,-0.434885472,0.0533961393,0.486223966,0.291825294,0.656393707,0.378383487,0.0681095868,0.0159521755,0.095662944,0.40090245,-0.00914055109,-0.407228529
0.115934066,-0.000623969827,-0.000444942882,-0.000322836248,0.00772543717,-0.000169908919,0.00649702922,0.00361477956,0.0121258814,-0.999919951,0.0224815123,-0.0779876933,-0.435274124,0.0532597452,0.486396372,0.291089892,0.652718484,0.368359774,0.0681312904,0.0159672126,0.0955160335,0.400765836,-0.00971057732,-0.40713048
0.115931615,-0.000703446742,-0.000379915262,-0.000265656185,0.00733268959,-0.00192481268,0.00569255045,0.00361309969,0.0119989142,-0.999921501,0.0225041695,-0.0779403672,-0.435598046,0.0530903675,0.486587524,0.290227532,0.648297608,0.358041257,0.0681397244,0.0159774143,0.0953206271,0.400591314,-0.00994514301,-0.407554984
0.115923725,-0.000882074411,-0.0002884774,-0.000278689811,0.00680587301,-0.00257765013,0.00299398904,0.00354044582,0.0118316924,-0.999923706,0.0225166995,-0.0778760538,-0.435917169,0.0529745705,0.48679474,0.288975179,0.643234134,0.347574592,0.0681361258,0.0159762669,0.095156081,0.400527626,-0.010412355,-0.407655239
0.11592073,-0.000654269534,-0.000104693965,-0.000208058991,0.0053538871,-0.00242195232,0.0049078716,0.00351125631,0.0117261708,-0.999925077,0.0225259028,-0.0778370351,-0.436188012,0.0528548956,0.486977577,0.287635535,0.63751334,0.336873233,0.0681184679,0.0159745887,0.0949569196,0.400464833,-0.0106499484,-0.408168465
0.115915544,-0.00135008886,-0.000207777717,-0.000374593335,0.00643863156,-0.0047718389,-0.00204626424,0.00344588119,0.0116166892,-0.999926567,0.0225293785,-0.0777920112,-0.436442673,0.0527707897,0.487154484,0.286051154,0.631266296,0.325974762,0.068086043,0.0159684606,0.0947720706,0.400438517,-0.0109561617,-0.408528119
0.11590603,-0.00123065547,-0.000160825395,-0.000267277763,0.00595805235,-0.00649674796,0.000199905175,0.00331945415,0.011468838,-0.999928713,0.0225246046,-0.0777397901,-0.43669036,0.0527085029,0.487336695,0.284200132,0.62455982,0.314934611,0.0680314228,0.0159564409,0.0946128815,0.400434405,-0.0114409532,-0.408627957
0.115905091,-0.00105837348,-3.03603956e-05,-0.000215142645,0.00500329304,-0.006337272,0.0003199247,0.00318598957,0.0113781169,-0.999930203,0.022517208,-0.0777114779,-0.436883479,0.0526070446,0.487526387,0.282388419,0.617414653,0.303589046,0.0677465796,0.0159374941,0.0944075361,0.400399148,-0.0115983197,-0.409325868
0.115897574,-0.00102276856,5.14930798e-05,-0.000219196241,0.00442306418,-0.00652020797,-0.000703969563,0.00306610693,0.0112685831,-0.999931812,0.0224984325,-0.0776739717,-0.43705976,0.0525506698,0.487670809,0.280373365,0.609850943,0.292161286,0.067150265,0.0159152597,0.0942400247,0.400427848,-0.01200788,-0.409661084
0.115896426,-0.00135532243,2.63756228e-05,-0.00024173093,0.00484135421,-0.00839351863,-0.00410475209,0.00292485277,0.0112014059,-0.999933004,0.0224768594,-0.0776517838,-0.437178314,0.0524811596,0.487821221,0.278344572,0.601935089,0.280498952,0.0661260337,0.0158848334,0.0940345675,0.400412709,-0.012140098,-0.410406202
0.115888052,-0.00148777256,4.84536395e-05,-0.000257045525,0.00480595371,-0.00902553648,-0.00654031523,0.0027285465,0.0110754566,-0.999934971,0.0224434286,-0.0776195899,-0.437321693,0.0524248369,0.487951249,0.276028067,0.593724072,0.268778324,0.064721249,0.0158488005,0.0938733146,0.400499344,-0.0125739658,-0.410578996
0.115886286,-0.00133567234,0.000132792251,-0.000177244787,0.00406080903,-0.00972486753,-0.00611377787,0.00256094732,0.0110099716,-0.999936104,0.0224058107,-0.0776013732,-0.437405139,0.0523487478,0.488067865,0.27376914,0.585199118,0.256844252,0.0629231855,0.0158062018,0.093677178,0.40052554,-0.012732571,-0.411280811
0.115881041,-0.00150957366,0.000139871016,-0.000192934487,0.00418242393,-0.0105219902,-0.00918351021,0.00233695516,0.0109134484,-0.999937713,0.0223401673,-0.0775801241,-0.437481016,0.0522743501,0.488176256,0.271298438,0.576450646,0.2448138,0.0608050078,0.0157143474,0.093504861,0.400634378,-0.0130308317,-0.411700577
0.115878649,-0.00140690221,0.000175544643,-0.000147887054,0.00381895504,-0.0107139284,-0.00934265275,0.00213596202,0.0108434502,-0.999938905,0.0222549811,-0.0775658116,-0.437547445,0.0521763973,0.488252461,0.268831193,0.567459464,0.232566252,0.0584013313,0.0156147825,0.0933186859,0.400712579,-0.0132176662,-0.412370771
0.11587517,-0.00154349918,0.000167088103,-0.000150348293,0.00404519727,-0.011610195,-0.0144392373,0.00190449227,0.0107616698,-0.999940276,0.0220723357,-0.0775495693,-0.437622994,0.0520692542,0.488313884,0.266254842,0.558310628,0.220118433,0.0557775274,0.0154855661,0.0931453556,0.40083304,-0.0134476153,-0.412921011
0.115872681,-0.00147244777,0.000194754713,-0.000113813134,0.00403471757,-0.0119354771,-0.019283779,0.00166517834,0.0106826238,-0.999941528,0.0217416417,-0.0775361955,-0.437696218,0.0519361869,0.48837024,0.263629049,0.549020588,0.207497895,0.0529779382,0.0152649647,0.0929711312,0.400963843,-0.013644876,-0.413528532
0.115870632,-0.00146031205,0.000206346944,-9.30218739e-05,0.00422301888,-0.0123642497,-0.0251884237,0.00141878275,0.0106014693,-0.99994278,0.0212395936,-0.07752496,-0.4377684,0.0517783165,0.488421112,0.260947794,0.539631426,0.194736153,0.0500363782,0.0149420174,0.092798844,0.401115179,-0.0138350716,-0.414159
0.115868956,-0.00162152492,0.000178212766,-8.34581151e-05,0.0047960435,-0.0135764368,-0.0321469754,0.00115993689,0.0105150957,-0.999944031,0.0205722116,-0.0775156394,-0.437841088,0.0515936576,0.48846823,0.258214384,0.530196011,0.181842148,0.0469676144,0.0145265004,0.0926281288,0.401289701,-0.0140242064,-0.414813042
0.115867294,-0.0015993393,0.000189693834,-4.78354887e-05,0.00495159766,-0.0139273461,-0.0373110212,0.000862269022,0.0104112756,-0.999945402,0.0197481792,-0.0775075331,-0.437923014,0.0513736717,0.48851198,0.255409539,0.520776689,0.168828651,0.0437787175,0.0140183493,0.0924612582,0.401515067,-0.0142319901,-0.415437341
0.115867019,-0.00166008633,0.000221242677,-2.29076268e-05,0.00501631759,-0.0135453045,-0.0433005393,0.000587225193,0.0103182094,-0.999946594,0.0187975317,-0.0775022656,-0.437997758,0.0511226207,0.48854804,0.252635121,0.511380315,0.155709326,0.040472962,0.0134455897,0.0922890753,0.401754469,-0.01440538,-0.416223019
0.115866326,-0.00176328234,0.000253617007,4.29164902e-06,0.0050750277,-0.0132009033,-0.0489792451,0.000302620261,0.0102117108,-0.999947786,0.0177310649,-0.0774977803,-0.438095808,0.0508651137,0.488578081,0.249815807,0.502087414,0.142508522,0.0370600522,0.0128060281,0.0921199396,0.402130067,-0.0146085704,-0.416965842
0.115867108,-0.00176214112,0.000303556677,4.30504369e-05,0.00493610185,-0.0122849476,-0.0528839901,3.93822338e-05,0.0101159438,-0.999948859,0.0165864546,-0.077495724,-0.438194096,0.0505703799,0.488598585,0.247046053,0.492910534,0.12922132,0.0335420705,0.0121305846,0.0919436812,0.402542919,-0.0147772012,-0.41788274
0.115867928,-0.00200957572,0.000309145165,5.77243009e-05,0.00525937835,-0.0117945308,-0.058119975,-0.000210266779,0.0100143394,-0.999949813,0.0153745264,-0.0774947628,-0.438325673,0.0502615757,0.48860985,0.244280905,0.483899057,0.115868725,0.0299327374,0.0114272144,0.0917663425,0.403077751,-0.014956478,-0.418812126
0.115869276,-0.00204779371,0.000320896914,0.000104513325,0.00542535633,-0.011452374,-0.0604693592,-0.000455676054,0.00990498904,-0.999950826,0.0141147478,-0.0774953216,-0.438495904,0.0499177985,0.488611668,0.241530269,0.475080043,0.102446996,0.0262409206,0.010702665,0.091585055,0.403713405,-0.0151339816,-0.419783533
0.115871944,-0.00201796344,0.000274406455,0.00048690621,0.00893000048,-0.010073646,-0.0624424294,-0.000692325644,0.00979586598,-0.99995178,0.0128240846,-0.0774980858,-0.438684791,0.0495190322,0.488602161,0.238829926,0.46645543,0.0889535993,0.0224761236,0.00996979699,0.0913937986,0.40438062,-0.0152821532,-0.420893341
0.115888588,-0.00204437785,0.000308232178,0.000935182208,0.0174052082,-0.00645658839,-0.0684650913,-0.000883184839,0.00954596605,-0.999954045,0.0115227634,-0.0776817501,-0.438805908,0.0492844246,0.488600224,0.236176491,0.458050936,0.0754022896,0.0186603479,0.00923668407,0.0911077037,0.405251831,-0.015288014,-0.421998501
0.115909159,-0.00182971731,0.000606328424,0.000860802887,0.0229806751,-0.00276450627,-0.0744761825,-0.000976636889,0.00909714308,-0.999958158,0.0101998979,-0.0781862885,-0.438850939,0.0492152013,0.488603562,0.233594388,0.449818403,0.0617808141,0.0147907184,0.00847163331,0.0905915201,0.406350881,-0.0152166234,-0.423056483
0.115922727,-0.00178311265,0.000853799633,0.00017589693,0.0165247153,-0.00454915222,-0.0790448636,-0.00102090905,0.00862397719,-0.99996227,0.0088432245,-0.0788082182,-0.438886076,0.0490830094,0.488595814,0.231056064,0.44176966,0.0480387658,0.0108265812,0.00765357772,0.0899577588,0.407435447,-0.0152112851,-0.424241513
0.115915827,-0.00207200903,0.00081982452,-0.000269477227,0.00661112648,-0.0112116709,-0.0791687071,-0.00118585257,0.0084328223,-0.99996376,0.00743019208,-0.0790285245,-0.439092875,0.0484298766,0.488485634,0.228380576,0.433984011,0.0341798812,0.00672535086,0.00681122998,0.0895773023,0.408361137,-0.0154013,-0.425453335
0.115911573,-0.00254477654,0.000539215689,-7.75579028e-05,0.00524281524,-0.016868148,-0.0771607086,-0.00149613456,0.00835564826,-0.999963999,0.00599316228,-0.0790413544,-0.439382583,0.0474992618,0.48821035,0.225579053,0.426501304,0.0202874746,0.00253377599,0.00600129832,0.0893495977,0.409161419,-0.0155853182,-0.426804155
0.115912393,-0.00275437278,9.69263783e-05,0.000480052229,0.0106811775,-0.0187274572,-0.0758246258,-0.00188622938,0.00821860228,-0.999964476,0.00455403747,-0.0790279433,-0.439688802,0.0465212092,0.487778574,0.222672716,0.41925326,0.00646696193,-0.00168655522,0.00523286778,0.0891480073,0.409996271,-0.0157969277,-0.428089619
0.115930535,-0.00256286422,-0.000196254594,0.00100546936,0.0190629773,-0.015966177,-0.0797871947,-0.00227021449,0.00792258885,-0.999966025,0.0031347333,-0.0791565701,-0.439851999,0.0457776338,0.487400025,0.219798818,0.412140787,-0.00728958426,-0.00589586655,0.00447091134,0.088873893,0.410885304,-0.0158763397,-0.429582924
0.11595244,-0.00241315435,-0.000110987661,0.00094729627,0.0245921258,-0.0129127707,-0.0895607769,-0.00255017541,0.0074486658,-0.999969006,0.00163150299,-0.0795142427,-0.439895332,0.0452999063,0.487201184,0.216956109,0.405047119,-0.0209257714,-0.0100544291,0.00361952395,0.0884576514,0.411956936,-0.0159332044,-0.430979878
0.115968212,-0.00225714128,0.000102621809,0.000721405959,0.0255385265,-0.013194833,-0.0947905183,-0.00281337486,0.0069298204,-0.999972045,4.36806986e-05,-0.0799794272,-0.439929128,0.0446900502,0.486880183,0.214069948,0.397998869,-0.0345606916,-0.0141829243,0.00269134901,0.0879334882,0.413046598,-0.0160299037,-0.432392061
0.115981013,-0.00215509953,0.000166412341,0.000620211125,0.0249901544,-0.0148305492,-0.0962607116,-0.00310422014,0.00641655363,-0.999974608,-0.00156828098,-0.0804549977,-0.439962238,0.0438812226,0.486394227,0.211108387,0.391040534,-0.0482390672,-0.0183144063,0.00176090095,0.0873822346,0.414089203,-0.0161571912,-0.433845043
0.11599271,-0.00206093607,4.41372467e-05,0.000597060134,0.0243141986,-0.0167625714,-0.0967404097,-0.00343119423,0.00591854379,-0.999976575,-0.00317772105,-0.0808993131,-0.439996332,0.0429124944,0.485745192,0.208052069,0.38417393,-0.0619301386,-0.0224692784,0.000859975349,0.0868487284,0.415076494,-0.0163110085,-0.435330093
0.116004601,-0.00221264805,-0.000175302644,0.000554893923,0.0242585912,-0.0187818687,-0.0984834731,-0.00379740144,0.00543067791,-0.999978065,-0.0047706808,-0.0812697485,-0.440031856,0.0417763442,0.485043883,0.204900235,0.377375275,-0.0755828843,-0.0266447235,-5.16199998e-06,0.0863667876,0.415997535,-0.0164914001,-0.436840743
0.116014607,-0.0020664758,-0.000375539006,0.000598423474,0.0246745311,-0.0214132592,-0.0935543403,-0.00420397939,0.00493344618,-0.999979019,-0.00635372987,-0.0815991461,-0.440078586,0.0405856632,0.484206796,0.201593518,0.370618075,-0.0891647115,-0.0308206901,-0.000821513007,0.0859317705,0.416909993,-0.0167526603,-0.438184947
0.116028264,-0.00223726523,-0.0007129687,0.000528662174,0.0262339115,-0.0231585,-0.093949385,-0.00467263535,0.00442808401,-0.999979258,-0.00782118179,-0.0818986744,-0.440122634,0.0391886942,0.483386546,0.198234141,0.363858581,-0.10276413,-0.0349769033,-0.00153297605,0.085475035,0.417631686,-0.0169507451,-0.439895332
0.116035461,-0.00205653114,-0.000896972662,0.000511345454,0.0280198008,-0.0236879718,-0.0906053558,-0.0051468662,0.00386628811,-0.999979258,-0.00931570865,-0.0821452141,-0.440203726,0.0378505252,0.482529342,0.194675282,0.357035637,-0.116207696,-0.0390680954,-0.00220807595,0.0851054937,0.418391794,-0.0174854267,-0.44115895
0.116048433,-0.00198458205,-0.00107301935,0.000442031102,0.030358633,-0.0233089589,-0.088673465,-0.00563444523,0.00328900851,-0.999978721,-0.0107069807,-0.0824435577,-0.440254331,0.0363100693,0.481605023,0.191136837,0.350077361,-0.129669175,-0.0430848524,-0.00285347295,0.0846155584,0.418903589,-0.0178655665,-0.443093002
0.116052836,-0.00197866536,-0.0012842227,0.000359043421,0.0335563496,-0.0228497125,-0.0899311677,-0.00609073741,0.00263159792,-0.999978006,-0.0121275717,-0.0827180594,-0.440354347,0.0349020138,0.48063305,0.187383696,0.342989534,-0.142994121,-0.0469876379,-0.00346999103,0.0841958225,0.419487149,-0.0186457094,-0.444400042
0.116062447,-0.00145773042,-0.00137720921,0.000394720177,0.0367535539,-0.0227229968,-0.0831897482,-0.00655784924,0.00192514749,-0.999976635,-0.0134549364,-0.0830677971,-0.440418869,0.0333206058,0.479781747,0.183639988,0.335736156,-0.156365216,-0.0507818647,-0.00405301712,0.0836526379,0.41984275,-0.0193120465,-0.446157575
0.116068348,-0.00156994909,-0.00156330445,0.000241122689,0.0399252772,-0.021413656,-0.0822709426,-0.00700596347,0.0011397124,-0.999974787,-0.0147231845,-0.0834581628,-0.440506071,0.0317923054,0.478949338,0.179778099,0.328340769,-0.169747397,-0.0544541143,-0.00453138864,0.0830811337,0.420131803,-0.0201449934,-0.44762671
0.116071723,-0.00149976113,-0.00168083166,0.000207871868,0.0419931039,-0.0209682658,-0.0792747959,-0.00741802529,0.000305351103,-0.999972463,-0.0159453731,-0.0838750899,-0.440611869,0.0302852467,0.478090227,0.175852865,0.320798784,-0.183106765,-0.0580099709,-0.00494233612,0.0824871436,0.420368701,-0.0210933611,-0.449035317
0.116076238,-0.00132604747,-0.00168818131,0.000186449455,0.042889189,-0.0194719322,-0.0766752511,-0.00784568302,-0.000563500274,-0.999969065,-0.01716212,-0.0843124613,-0.440722138,0.0287658069,0.477199763,0.171894237,0.313156873,-0.196452588,-0.0614636689,-0.00540721603,0.0818268284,0.420532525,-0.0220960248,-0.450678468
0.116078727,-0.00121658109,-0.00169324991,0.000149680811,0.0432508849,-0.0177873727,-0.0744743049,-0.00819512084,-0.00143432198,-0.99996537,-0.0183300711,-0.084761329,-0.440845221,0.0272574294,0.476262093,0.167986184,0.305432856,-0.209710583,-0.0648041666,-0.00579018379,0.0811687931,0.420715213,-0.0231246743,-0.452249885
0.11608173,-0.00102585927,-0.00167054206,0.000155889589,0.0431418009,-0.0165900812,-0.0704936683,-0.00855284743,-0.00231783697,-0.999960721,-0.0194832105,-0.0852071196,-0.440981388,0.0257818177,0.475342423,0.164116964,0.297738314,-0.222854659,-0.0680275559,-0.00619835407,0.0804756135,0.420847505,-0.0241793599,-0.453852534
0.116084456,-0.000831805519,-0.00160143583,0.000107834639,0.0423878692,-0.0141122742,-0.0673635975,-0.00885243807,-0.00318397,-0.999955773,-0.0205737464,-0.0856597796,-0.441115975,0.02432294,0.474425226,0.160400972,0.290106446,-0.235817805,-0.0711170211,-0.00653599529,0.0797678977,0.420960218,-0.0251723006,-0.45538646
0.116085544,-0.000803497445,-0.00159571099,4.80357776e-05,0.0416841768,-0.0125171337,-0.0653326958,-0.00910867285,-0.00403702259,-0.999950349,-0.0216186009,-0.0860935077,-0.441260964,0.0229462795,0.473539621,0.1568297,0.282631546,-0.24851808,-0.07405404,-0.00681782607,0.0790759996,0.4210729,-0.0261801593,-0.456719041
0.116085827,-0.000561708468,-0.0014991127,4.36643459e-05,0.0404825099,-0.011208022,-0.0614226572,-0.00934261084,-0.00487483619,-0.999944448,-0.0226173606,-0.0865142718,-0.441396922,0.0216330532,0.472683847,0.153441161,0.275371492,-0.260914832,-0.0768249705,-0.00706035923,0.0783882365,0.42117539,-0.0271807108,-0.457983375
0.116086788,-0.000387445703,-0.00140927394,1.61726493e-05,0.0391687788,-0.00981489569,-0.0581601299,-0.0095449537,-0.00567891775,-0.999938309,-0.0235559959,-0.0869292542,-0.441497833,0.0203541778,0.471830696,0.150304258,0.268343717,-0.272975564,-0.0794190094,-0.00725765387,0.0776863992,0.421255618,-0.0280985143,-0.459301621
0.116086006,-0.000407904998,-0.00138751848,-4.85364289e-05,0.0381954834,-0.00871040672,-0.0562850051,-0.00972196274,-0.00646372046,-0.999931872,-0.0244445894,-0.087323986,-0.441584438,0.0191612802,0.470975727,0.147387356,0.261576027,-0.284652501,-0.0818177238,-0.00740463007,0.0770047083,0.421335131,-0.029039558,-0.460468769
0.11608433,-0.000163601959,-0.00129324954,-3.67214634e-05,0.0368746743,-0.0073063178,-0.0517260805,-0.00987873506,-0.00722894026,-0.999925077,-0.0252798256,-0.087702997,-0.441657394,0.0180360544,0.470127195,0.144716352,0.255069047,-0.29591912,-0.0840083137,-0.00751677807,0.076332368,0.421403289,-0.0299759582,-0.461553067
0.116084099,1.78078299e-05,-0.00123342592,-5.61168599e-05,0.0357201174,-0.00553405704,-0.0502512753,-0.00999936182,-0.00795926433,-0.999918342,-0.0260484517,-0.0880764946,-0.441714317,0.0169283487,0.469279349,0.142353132,0.248805925,-0.306760371,-0.0859853253,-0.00759835681,0.0756420642,0.421444535,-0.0308031756,-0.462693274
0.1160817,0.000191369079,-0.00122121978,-6.52849849e-05,0.0347858965,-0.00384709053,-0.0493967533,-0.0100839389,-0.00867784861,-0.999911487,-0.0268131942,-0.0884209499,-0.44176358,0.0158815086,0.46845758,0.140240848,0.242781073,-0.317063987,-0.08775419,-0.00770331593,0.0749894008,0.42149201,-0.0316979513,-0.463639408
0.116081141,0.000350071321,-0.000870571297,-0.000325109955,0.0318719596,-0.00199444173,-0.0490297042,-0.0101362551,-0.00937042758,-0.999904692,-0.0275432989,-0.0887521058,-0.441803575,0.014839245,0.467638373,0.1384397,0.236995116,-0.326889127,-0.0893288776,-0.00782160182,0.074319832,0.4215056,-0.0324947014,-0.46465832
0.116068512,0.000657027995,0.00292072562,-0.0017423383,0.014414737,0.00114865904,-0.0526756272,-0.010145437,-0.00997246895,-0.999898791,-0.0282091778,-0.0891693011,-0.441874087,0.0137702953,0.466825366,0.13689056,0.231483027,-0.33623156,-0.0906949639,-0.00790935196,0.0736501291,0.421483397,-0.0334415287,-0.465378135
0.116012886,-0.000415708957,0.00387235871,-0.00112529274,0.0140133109,0.0022628936,-0.0201382712,-0.010069333,-0.00996825937,-0.999899626,-0.0287094247,-0.0905994996,-0.44202286,0.0123084588,0.465716004,0.135681123,0.226210088,-0.34524411,-0.0919491872,-0.00812724512,0.0723100081,0.421417087,-0.0344099887,-0.46636042
0.116024882,-0.00103431009,-0.000991428504,0.00089954806,0.0359055214,0.000764076656,0.000246866257,-0.0100473827,-0.0105411634,-0.999893963,-0.0289180875,-0.0914745331,-0.442053437,0.012331441,0.46344772,0.134506539,0.221455619,-0.353794456,-0.0930068344,-0.0081895804,0.0713011473,0.421589285,-0.0347930379,-0.46707347
0.116048031,0.000191360552,-0.00354886102,0.000857096689,0.042336002,0.00135429343,-0.0217218976,-0.0100384774,-0.0114043327,-0.999884605,-0.0291314665,-0.0916208848,-0.442042917,0.0121216429,0.462927341,0.133770034,0.21700418,-0.361664146,-0.0939626694,-0.00822801236,0.070873782,0.421639174,-0.0351072811,-0.467355222
0.116057619,0.00121332752,-0.00328239659,0.000432508823,0.0375784785,0.00398238236,-0.0281414818,-0.00998297706,-0.012243256,-0.999875188,-0.0294694453,-0.0916436613,-0.442058921,0.0116345668,0.462835908,0.133327365,0.212824434,-0.369049519,-0.0947254151,-0.00826634374,0.0705516636,0.421593517,-0.0355906375,-0.467482001
0.116064206,0.00190294359,-0.00117671362,-0.000524250092,0.0247324929,0.00541947037,-0.0403320305,-0.00986536872,-0.0129188234,-0.999867857,-0.0298285764,-0.0916697755,-0.4420816,0.0109106749,0.462691754,0.133187503,0.208874896,-0.37601766,-0.0951392055,-0.00829894934,0.0701670423,0.42143321,-0.0359924324,-0.4678756
0.116036795,0.00252605672,0.00311913341,-0.00188637234,0.00587265007,0.00672884053,-0.046035748,-0.00974512659,-0.013248425,-0.999864757,-0.0301259328,-0.092101112,-0.442101568,0.00967700407,0.462540388,0.133085772,0.205126107,-0.382405579,-0.0952458903,-0.00836709421,0.069615528,0.421117216,-0.0368662551,-0.467879355
0.115991399,0.00118431542,0.00390862627,-0.00100451882,0.00546738133,0.0102948425,-6.66823835e-05,-0.00957196392,-0.0131714661,-0.999867439,-0.0302725919,-0.0932698026,-0.44211489,0.00836463086,0.462152869,0.133061856,0.201570198,-0.388468474,-0.0952852741,-0.00841421913,0.0684730709,0.420663476,-0.0375320949,-0.468205094
0.115999132,-0.000290268421,-0.000924455409,0.00097064022,0.0290326532,0.00887667295,0.0188640375,-0.00933346525,-0.0134673929,-0.99986577,-0.0303273965,-0.0940765142,-0.44205457,0.0087219961,0.459523588,0.132946134,0.198537365,-0.394098848,-0.0953112841,-0.00842298567,0.0676481873,0.420579135,-0.0377836004,-0.468421906
0.116029613,0.000442504708,-0.00412022043,0.00114456704,0.0431254879,0.00515235588,-0.00695566647,-0.00922680926,-0.0143251363,-0.999854803,-0.0303698182,-0.0941339657,-0.441985905,0.00872261822,0.458742082,0.132922694,0.195881099,-0.398954958,-0.0953374505,-0.00843709055,0.0673516989,0.420539677,-0.0379586816,-0.46829921
0.116042711,0.00129663816,-0.00298972707,5.84590452e-06,0.0332083963,0.00382899074,-0.0196611509,-0.00912319776,-0.0151946638,-0.999842942,-0.0304387957,-0.0941084027,-0.441963762,0.00846271031,0.458646208,0.132914722,0.193499908,-0.403425694,-0.0953522548,-0.00844808202,0.0671072304,0.42039597,-0.0382760018,-0.468126714
0.116028503,0.0025419842,-0.000177484952,-0.00061453908,0.0146141564,0.00600449741,-0.0238519218,-0.00906150416,-0.0156606771,-0.999836326,-0.0304918867,-0.0942940637,-0.441946059,0.0076456992,0.458633333,0.132923901,0.191350311,-0.407579839,-0.0953476056,-0.00845676009,0.0667348653,0.419979006,-0.0388092473,-0.468141943
0.116018943,0.0026034147,0.00226149638,-0.00127158186,-0.000195697125,0.01185212,-0.0291752126,-0.00886818022,-0.0157877523,-0.999836028,-0.0305299181,-0.0946431011,-0.441846162,0.00675762771,0.458630592,0.132950038,0.189325392,-0.411274552,-0.0953216404,-0.00846165419,0.0662399977,0.419536263,-0.0391666591,-0.468279809
0.115979999,0.00116017309,0.00389630301,-0.00156636443,-0.00875944924,0.0152017251,-0.00687376084,-0.0085691195,-0.015663052,-0.999840617,-0.0305615794,-0.0952392891,-0.441797137,0.00630896958,0.458592296,0.132964015,0.187623516,-0.41441986,-0.0952830762,-0.00846439227,0.0657038912,0.419326872,-0.0398281328,-0.467992067
0.115959138,0.000447725237,0.00123928511,0.00029349103,0.00747589394,0.01282077,0.0230711661,-0.00825588312,-0.0154401381,-0.999846697,-0.0305829775,-0.0960572362,-0.441689342,0.00674946932,0.457253277,0.13297753,0.186363131,-0.417296171,-0.095179081,-0.0084491102,0.0649970323,0.419259965,-0.040018741,-0.468009382
0.11599265,0.000659651239,-0.00339876325,0.00145338208,0.0336644426,0.00665640598,0.00838696491,-0.00807059184,-0.0159544498,-0.99984014,-0.0305853635,-0.0961504802,-0.441371441,0.00748044904,0.456398576,0.13308984,0.185534075,-0.419496387,-0.094829008,-0.00841854792,0.0647592321,0.419201553,-0.0399438404,-0.468059748
0.116015308,0.000903690991,-0.00406502141,0.000573513913,0.0360551625,0.00423252862,-0.0133659802,-0.0079945717,-0.0167836118,-0.999827206,-0.0306025334,-0.096017614,-0.441148818,0.00757372007,0.456307977,0.133232772,0.18506062,-0.421206266,-0.094123736,-0.00838771276,0.0646682531,0.419067413,-0.0400776416,-0.467791468
0.116013147,0.00228709192,-0.000552546931,-0.000895403966,0.0104568601,0.00664348947,-0.0277260132,-0.00789207872,-0.0174007658,-0.999817431,-0.0306181684,-0.0959915593,-0.440986782,0.00739672314,0.456303835,0.133473188,0.184878021,-0.422606975,-0.0928624868,-0.00834528357,0.0645273328,0.418854684,-0.040459048,-0.4674564
0.115979835,0.00343247014,0.00393190328,-0.00185112201,-0.0193925798,0.0143350428,-0.026205631,-0.00770962518,-0.0172102693,-0.99982214,-0.0306192338,-0.0963729545,-0.440692127,0.0065695825,0.456399977,0.134073928,0.184817016,-0.423663825,-0.0910062939,-0.00831651036,0.0641975999,0.418388486,-0.0408953913,-0.467437267
0.115942881,0.00183333107,0.00284260884,-0.000592549855,-0.0131450957,0.0197034832,0.00816461444,-0.00730071357,-0.0166334119,-0.999835014,-0.0306166783,-0.0970230028,-0.440224439,0.0066414699,0.455988795,0.134850651,0.184789956,-0.424270213,-0.0886154845,-0.00824205298,0.063703917,0.418205589,-0.0410708711,-0.467322052
0.115958564,0.000916012796,-0.00263416208,0.000442611403,0.0227640606,0.0166417249,0.0145277856,-0.00692670979,-0.0166827552,-0.999836862,-0.0305885952,-0.0971180871,-0.439570129,0.00822880585,0.4545829,0.135495156,0.184790373,-0.424446076,-0.0857618675,-0.00791091844,0.0635793805,0.418302298,-0.0411051735,-0.467180043
0.115959078,0.00199407083,-0.00432976661,0.00051391474,0.0337160788,0.0143902227,-0.00506697036,-0.00664464291,-0.0175394192,-0.999824107,-0.0305649266,-0.0969313085,-0.438907266,0.00919013843,0.454411417,0.136370018,0.184803694,-0.424463511,-0.0825699642,-0.00752879819,0.0637953356,0.418281317,-0.0411898084,-0.466438144
0.115976609,0.00326993479,-0.00164816598,0.000393858296,0.0115907639,0.019173393,-0.0092583755,-0.00634767581,-0.018032359,-0.999817252,-0.0305424575,-0.0967860594,-0.438587934,0.0093174763,0.45438531,0.137514681,0.184835777,-0.424482048,-0.0791069642,-0.00712696603,0.0637774915,0.418103248,-0.0414291359,-0.466221094
0.115974471,0.00402508862,0.00139800215,-0.000831822632,-0.0121173635,0.0250894967,-0.0145241786,-0.00587124005,-0.0180052929,-0.99982065,-0.0305120163,-0.0967953801,-0.438309282,0.00914342422,0.454419792,0.1390827,0.184917733,-0.424469084,-0.0752892494,-0.0066304151,0.0637226701,0.417902738,-0.0416694246,-0.466006845
0.115945294,0.00290966756,0.00469899736,-0.00196208479,-0.0368539542,0.0277548134,-0.00284151267,-0.0053336788,-0.0175511111,-0.999831736,-0.0304766037,-0.0970333517,-0.438019842,0.00902591366,0.454412133,0.140919223,0.185318649,-0.424433351,-0.0712143704,-0.0060937223,0.0636093989,0.417778134,-0.0419917554,-0.465771616
0.11589992,0.00173668284,0.00330717186,-0.00100502849,-0.0268104915,0.0238096025,0.031122284,-0.00475887256,-0.0165323969,-0.999852002,-0.0304135494,-0.0975286216,-0.437544972,0.0100132925,0.453226268,0.142877266,0.186368212,-0.424331874,-0.0670575052,-0.00546697481,0.0634733066,0.417861819,-0.0422973186,-0.465355247
0.115907617,0.00221934728,-0.00402302761,-0.000636679237,0.0209213365,0.019637892,0.0322792716,-0.00440159393,-0.0164732393,-0.999854624,-0.0299859755,-0.0974818692,-0.43641901,0.0121843182,0.452366024,0.145164564,0.188190848,-0.423674732,-0.062741667,-0.00455335807,0.0635883436,0.417934954,-0.0419644862,-0.465270877
0.115872197,0.00139794766,-0.00597475702,-0.000463689648,0.0333791375,0.0195217859,-0.00892844237,-0.0039943913,-0.0173633303,-0.999841273,-0.0294239484,-0.0969173387,-0.435221076,0.0138478419,0.452306628,0.147938162,0.1906562,-0.42227459,-0.0582404882,-0.00355947693,0.0646330863,0.417936236,-0.0416219644,-0.464138538
0.115885146,0.00159744173,-0.00165430922,0.000997085823,0.00653392263,0.0187789053,-0.0104175927,-0.00361396233,-0.0178093594,-0.999834895,-0.0291083138,-0.0967046991,-0.434968382,0.0142910853,0.45231548,0.150711462,0.194050446,-0.420633793,-0.0535151437,-0.002709497,0.0650093183,0.417724192,-0.0428478755,-0.462288469
0.115911126,0.00386532722,0.00119224715,0.000928495836,-0.0136304246,0.0239902306,0.0148393475,-0.00323597249,-0.0176264793,-0.999839425,-0.0286322925,-0.0966525078,-0.434701443,0.0143368468,0.452320188,0.154067814,0.198029742,-0.41872099,-0.0484818928,-0.00181852898,0.065009959,0.417440206,-0.0431887656,-0.462120265
0.115923621,0.00497136079,0.00282686576,-0.00028989272,-0.0272263288,0.0321669169,0.0136464061,-0.00266493857,-0.0172624476,-0.999847412,-0.0280529764,-0.0966089517,-0.434312373,0.0145223951,0.452310026,0.157863528,0.20248583,-0.415921837,-0.0432339124,-0.000808930025,0.0649882108,0.417306185,-0.0431882441,-0.462120146
0.115902014,0.00402187556,0.00552788749,-0.00173399947,-0.0509007312,0.0364579707,0.0278502274,-0.00195904099,-0.0165359676,-0.99986136,-0.0273718145,-0.0967737958,-0.433715791,0.0148806097,0.452305466,0.161911935,0.207473189,-0.412256986,-0.037969064,0.000156384049,0.0649716184,0.417256862,-0.0431789681,-0.462113559
0.115858242,0.00274425535,0.00407771114,-0.00169713225,-0.0419192091,0.0294215176,0.0608797967,-0.00122443156,-0.0152249904,-0.999883354,-0.0265456941,-0.0971609429,-0.432857603,0.0165650938,0.450760692,0.165798977,0.213137209,-0.40802148,-0.0328203142,0.00114209705,0.0649967194,0.417408407,-0.0431589633,-0.46208632
0.115836754,0.0022856351,-0.00209120871,-0.00131466123,-0.00243828329,0.0212995969,0.0381196439,-0.00081899442,-0.0148566952,-0.999889314,-0.0253761634,-0.0970318466,-0.431182474,0.0193837322,0.449992776,0.169645488,0.2193425,-0.402757227,-0.0276038218,0.00233248039,0.0654357299,0.417521536,-0.0423219092,-0.462058187
0.115804493,0.00168879644,-0.00277828216,-0.000142503006,0.00279664458,0.019192934,-0.00226095458,-0.000395170733,-0.0151257999,-0.999885499,-0.0242437739,-0.096435748,-0.429650158,0.0214970186,0.45004791,0.173455849,0.225979805,-0.396505594,-0.0222659372,0.00347477198,0.0666633546,0.417565405,-0.0421336554,-0.459815323
0.115829401,0.00273158355,0.000776069239,0.00116780482,-0.014890884,0.0214834623,0.00732069742,-4.99086527e-05,-0.0149685303,-0.999887943,-0.0232416671,-0.0962785408,-0.428993136,0.0221096165,0.450139821,0.177346945,0.233286574,-0.390294671,-0.0167431608,0.00443411293,0.0669691414,0.417437315,-0.0424600691,-0.45825842
0.115851671,0.00441548647,0.00225660554,0.000720335811,-0.0239758454,0.0290441625,0.025018217,0.000459942734,-0.0145305442,-0.999894321,-0.0221458878,-0.0962491632,-0.428472757,0.0224305075,0.450182259,0.181646585,0.240969956,-0.383837909,-0.0109937852,0.00546194706,0.0670193955,0.417367309,-0.0424054861,-0.458091199
0.115859441,0.00476845074,0.00266248127,5.93014192e-06,-0.0278484914,0.0330901667,0.0355181843,0.00109736039,-0.014009906,-0.999901235,-0.021027172,-0.0962289646,-0.427709073,0.0231215041,0.450215697,0.186099946,0.249002695,-0.376670569,-0.0051478981,0.00654547429,0.0670572147,0.417350441,-0.0420922637,-0.45805335
0.11585319,0.0033861883,0.0025599841,-0.000632306619,-0.0278269406,0.0314519443,0.0271755476,0.00176360889,-0.0134184873,-0.999908388,-0.0199133456,-0.0962192342,-0.426765233,0.0244080685,0.450010955,0.190451294,0.257441282,-0.368798554,0.000680538011,0.00766898086,0.0671199188,0.417360514,-0.0417350158,-0.457995027
0.115835287,0.0026470013,0.00249047112,-0.000780553673,-0.028307803,0.0276346151,0.026387874,0.00234037405,-0.0128987757,-0.99991405,-0.018852273,-0.0961898342,-0.425685883,0.0261208247,0.449967116,0.194440499,0.266281128,-0.360065699,0.00647349283,0.00880437344,0.0673378482,0.417597741,-0.0415501595,-0.456483871
0.115823008,0.00357373757,0.00238432456,-0.000753224536,-0.0294371136,0.0255363453,0.0443011373,0.00285553862,-0.012289023,-0.999920428,-0.0176656749,-0.0961713195,-0.424569011,0.0278496444,0.449818105,0.198462367,0.275420129,-0.351014555,0.0122225694,0.00981847569,0.067485854,0.417644352,-0.0411178321,-0.455913424
0.115805924,0.00375813106,-0.00136433903,-0.00210042205,-0.013324243,0.0248587802,0.0536483563,0.00334009435,-0.0117264334,-0.999925673,-0.0163252279,-0.09608946,-0.423301667,0.0295798555,0.449915349,0.202472031,0.284687907,-0.341469556,0.0179616772,0.0107831797,0.0678015947,0.41767624,-0.0403562188,-0.455741465
0.115737855,0.00082020089,-0.00313697942,-0.00162808481,-0.0097323833,0.0250695869,0.0146976123,0.00382467755,-0.0117633715,-0.999923468,-0.0148163047,-0.095426403,-0.422012389,0.0316614471,0.450137615,0.206267267,0.293974847,-0.331304103,0.0237673521,0.0116764,0.0694063231,0.417785227,-0.039278172,-0.454731345
0.115739204,0.000111344612,0.00111456553,0.000916627352,-0.0341575816,0.0218355972,0.0165891424,0.00433554966,-0.0113388039,-0.999926329,-0.0137008419,-0.0949006453,-0.421789587,0.0327246562,0.450563788,0.209466621,0.303504825,-0.3206788,0.0295993052,0.0123439021,0.0705492869,0.417923003,-0.0400679372,-0.451300561
0.115775004,0.00282188528,0.00441923225,0.00145934941,-0.05035384,0.0190534517,0.0618927479,0.00469180895,-0.0104009183,-0.999934912,-0.012457951,-0.0948375389,-0.421719551,0.0333111919,0.450677872,0.212934077,0.31300351,-0.31049934,0.0354491547,0.012996058,0.0709737465,0.417797744,-0.0396414772,-0.451184183
0.115798883,0.00387009676,0.0037792502,-0.000187029786,-0.0488307178,0.0189822838,0.0665941164,0.00507193245,-0.00933643896,-0.999943554,-0.0110863913,-0.0948226303,-0.421193987,0.034147311,0.451093525,0.216320902,0.322179437,-0.299757063,0.041283343,0.0138630709,0.0711727813,0.417803377,-0.0386740044,-0.451215655
0.115768149,0.00143281149,0.000797449902,-0.00165755569,-0.0450255871,0.0209474023,0.0405569673,0.00542644737,-0.00846152846,-0.999949455,-0.00968815666,-0.0944169834,-0.420401096,0.0353468433,0.451467156,0.219429791,0.33097443,-0.288359433,0.0470060296,0.0146918874,0.0719332322,0.417860836,-0.0372894257,-0.451184422
0.115732543,-0.000608899747,0.000722332741,-0.000536191568,-0.0498382971,0.0191186313,0.024730444,0.00589490775,-0.00754366117,-0.999954164,-0.00834689103,-0.0933295041,-0.420172304,0.036407657,0.451643378,0.221842855,0.339671195,-0.276274323,0.0526749343,0.0154884849,0.0734605566,0.41816777,-0.0372496843,-0.448279738
0.115747064,0.000833140861,0.00269289268,0.000728148443,-0.0506969467,0.0148708541,0.0565928072,0.00618426083,-0.00647428306,-0.999959946,-0.00691331923,-0.092669256,-0.420132607,0.0370090082,0.45193556,0.224228591,0.348386675,-0.26439926,0.0583408698,0.0162736587,0.0742658079,0.418209702,-0.0370999947,-0.447288603
0.115762159,0.0019077271,0.00310220872,0.000600952306,-0.0436281599,0.0155166211,0.0775833875,0.00647572847,-0.00553012453,-0.99996376,-0.00543081807,-0.0923388898,-0.420087188,0.0377299413,0.452404022,0.226631194,0.356889307,-0.252468973,0.0640144721,0.0172593407,0.0746924505,0.418222904,-0.0364185199,-0.447196037
0.115771294,0.00243093004,0.000555839913,-0.00085118023,-0.0266574658,0.0142211029,0.0975184068,0.0067880596,-0.00474943267,-0.999965668,-0.00400995929,-0.0921825618,-0.419949174,0.0387418829,0.453059494,0.228869781,0.365131825,-0.240146801,0.0696048215,0.0182997119,0.0749515891,0.418252945,-0.0354542248,-0.447164536
0.115727559,-0.000281434448,-0.0027237488,-0.00158236304,-0.0155718895,0.0124012921,0.0583219081,0.00702615315,-0.00449049054,-0.99996525,-0.0025007464,-0.0916809142,-0.419669181,0.0402142443,0.45391348,0.230888367,0.37313962,-0.227374867,0.07509581,0.0190946311,0.0760505274,0.418299466,-0.0338454135,-0.447057337
0.115707591,-0.00212494284,-0.000741653319,0.000392198155,-0.0264988523,0.00634263689,0.0182604548,0.00727290846,-0.0041426341,-0.999964952,-0.00121971103,-0.0907960609,-0.419660956,0.0413702577,0.454844564,0.232234627,0.381245881,-0.213934019,0.0805219933,0.0196152255,0.0775568709,0.418403953,-0.0340932831,-0.44360593
0.115743741,-1.54705649e-05,0.00298611727,0.00158242683,-0.0393025056,0.00216461509,0.0515921935,0.00727710919,-0.00343578518,-0.999967635,2.21890004e-05,-0.0906021893,-0.419694453,0.041882094,0.455802441,0.233804449,0.389604509,-0.201135308,0.0858600885,0.0200811978,0.0780027062,0.418278843,-0.0339681171,-0.442557663
0.115771301,0.00132407877,0.00395947788,0.00107781577,-0.042742651,0.00576956524,0.0800330043,0.00735293142,-0.00258568348,-0.999969602,0.00128532026,-0.090588659,-0.419689804,0.0426311083,0.456771195,0.235628515,0.397944272,-0.188630506,0.091123499,0.0208366588,0.0781656653,0.418247133,-0.0330700725,-0.442495763
0.115786873,0.00181291136,0.00261899922,-7.21986216e-05,-0.0337790251,0.00715918653,0.102804825,0.00750005106,-0.0017495536,-0.999970317,0.00248315395,-0.0905923769,-0.419659168,0.0437718108,0.457860202,0.23740609,0.40618819,-0.175825462,0.0962464735,0.0217112955,0.0782987624,0.418266177,-0.0317977183,-0.442489237
0.115768053,0.000441343815,-0.00202354114,-0.00176475442,-0.0122438148,0.00818258431,0.0990266502,0.00763251679,-0.00126528635,-0.999970078,0.00373099302,-0.0904785842,-0.419599503,0.0453324281,0.459124953,0.239013284,0.414348274,-0.16254352,0.10117536,0.0224176161,0.0788622126,0.418299407,-0.030080691,-0.442479014
0.115716048,-0.00265327306,-0.00254133507,-0.000630865456,-0.0122759817,0.00344342995,0.0433460772,0.00782226305,-0.00128986535,-0.999968588,0.00510685984,-0.0897525698,-0.419746488,0.0469508655,0.46052438,0.240215942,0.422526717,-0.148535118,0.105936654,0.0226839948,0.0804992542,0.418341786,-0.0292806961,-0.440617234
0.115743518,-0.00248535746,0.00214730599,0.00162246474,-0.0344894268,-0.00538085308,0.0282985214,0.00776761444,-0.000787591154,-0.999969542,0.00612259889,-0.0894638821,-0.420164555,0.0475971438,0.46193552,0.241080657,0.431167543,-0.134652421,0.110398717,0.0228259098,0.0812198296,0.418224871,-0.0298141874,-0.438186169
0.115781784,-0.000128492509,0.00439622346,0.00149549847,-0.0455352515,-0.00546888588,0.0665550902,0.00760684954,8.09569028e-05,-0.999971092,0.00713072112,-0.0894715711,-0.420298457,0.0481758639,0.463196665,0.242325708,0.439916164,-0.121455543,0.114543207,0.0231889244,0.0814006552,0.418049812,-0.0293281339,-0.437989056
0.115803361,0.000610631716,0.00451361528,0.000824674615,-0.0455049314,-0.00150526653,0.0877352729,0.00754960952,0.00101352821,-0.999970973,0.00816893578,-0.0895098373,-0.420314252,0.0492575504,0.464466453,0.243624732,0.448579371,-0.108386636,0.118398048,0.023825936,0.0815030932,0.418020099,-0.0281334259,-0.438024521
0.115814403,0.000858422602,0.000773753913,-0.00118047139,-0.0219007917,-0.00200851681,0.120101668,0.00755049475,0.0018746868,-0.999969721,0.00920022931,-0.0895466432,-0.420305878,0.0507120937,0.465890169,0.244709641,0.457137972,-0.0950829685,0.121898197,0.0245240703,0.0816045105,0.418030858,-0.0267402623,-0.438037395
0.115755826,-0.00210803305,-0.00257805712,-0.00169343583,-0.00336135016,-1.70738787e-07,0.0834571943,0.00747883646,0.00185350166,-0.999970317,0.0105769699,-0.0892923102,-0.420301259,0.0526718944,0.4675515,0.245487288,0.465527207,-0.0814637914,0.125031918,0.0247655734,0.0827575177,0.418040335,-0.0247003995,-0.437975645
0.115747489,-0.00397156784,0.000101155129,0.000792384788,-0.0194375869,-0.00541385869,0.0322919488,0.00755663728,0.00198417576,-0.999969482,0.0116742617,-0.0889371037,-0.42093122,0.053858649,0.469243765,0.245681375,0.474049568,-0.0673255771,0.1277318,0.0248454921,0.083747372,0.418025106,-0.0252258796,-0.434898138
0.115788713,-0.00179737271,0.00339996815,0.00170301902,-0.0366977826,-0.0148895029,0.0578228459,0.0072651254,0.00262123812,-0.999970198,0.0126397321,-0.0889295787,-0.42149207,0.0542343333,0.470927536,0.245960355,0.482824713,-0.0540533587,0.129847348,0.0250135288,0.0839884877,0.417647511,-0.0253031738,-0.434189647
0.115815774,-0.00060103432,0.00425024284,0.00102502608,-0.0413471088,-0.0119865667,0.0774561688,0.00696738949,0.00343510066,-0.99996984,0.0136435106,-0.0889976919,-0.421673536,0.0550040267,0.472502321,0.246283472,0.491494,-0.0413535014,0.131446913,0.0253929105,0.0840624198,0.417381644,-0.0245779529,-0.434424609
0.115829296,5.58399479e-05,0.002022448,-0.000609249633,-0.02608262,-0.00846341439,0.106742725,0.00679654721,0.00425340515,-0.999967873,0.0146394633,-0.0890628323,-0.421713978,0.056280572,0.474064171,0.246435165,0.499917448,-0.0286872685,0.132569805,0.0258177388,0.0841209739,0.417325675,-0.0233931523,-0.434563518
0.115791045,-0.00171161396,-0.00208040234,-0.00186136016,-0.00240911194,-0.000306534464,0.092317231,0.00664750347,0.00444948766,-0.999967992,0.0158787444,-0.0890016556,-0.421734214,0.0580686219,0.475773066,0.246473685,0.508109987,-0.0158812422,0.133262306,0.0260306802,0.0848238617,0.417304367,-0.0215691831,-0.434753448
0.11575567,-0.00384679064,-0.00132744689,-6.33822056e-05,-0.00762282871,-0.000737237511,0.0422164872,0.00680049043,0.00432513095,-0.999967515,0.0170905553,-0.0886378661,-0.422354758,0.0595313869,0.477536082,0.246453613,0.516296923,-0.00249492493,0.13356261,0.026071256,0.0859472007,0.417313784,-0.0217361934,-0.432513028
0.115789786,-0.002569634,0.00241187704,0.00160584261,-0.0279374607,-0.0125816176,0.0473032072,0.00662516337,0.00474288594,-0.9999668,0.017966304,-0.0886056051,-0.4231776,0.0599185191,0.479320139,0.246461451,0.524779618,0.0103079714,0.133614913,0.0260998663,0.086252436,0.416955948,-0.0223172549,-0.4313142
0.115820125,-0.000918110774,0.00374569232,0.00112882315,-0.0360834934,-0.0130762756,0.0687626004,0.00630677771,0.00543024018,-0.99996537,0.0188276973,-0.0886773244,-0.423645914,0.0603717417,0.480995357,0.246480763,0.533118188,0.0224394016,0.133621722,0.026199773,0.0863149911,0.416481286,-0.0220698472,-0.431690782
0.115834355,-3.63744402e-05,0.00172374933,-0.000629989896,-0.0222846437,-0.00876921881,0.0969282985,0.00611710921,0.00616897363,-0.99996227,0.0196770821,-0.0887341797,-0.423805118,0.06140453,0.482568622,0.246482342,0.54117918,0.0345158204,0.133609742,0.0263097733,0.0863596201,0.416273773,-0.0212842971,-0.432174444
0.11579451,-0.00226499676,-0.0011656998,-0.00148535438,-0.00377706741,-0.00256332802,0.0754116029,0.00598027185,0.00629790453,-0.99996227,0.0207620077,-0.0886784047,-0.423860222,0.0630655661,0.484197468,0.246467426,0.548949063,0.0467667133,0.133581191,0.0263455156,0.0870146453,0.416211754,-0.0197050758,-0.432648361
0.115775779,-0.00383142941,3.24438297e-05,0.00025369972,-0.0116425352,-0.00602945266,0.0386890694,0.00603357097,0.00630210154,-0.999961913,0.0216794536,-0.0884984061,-0.424557596,0.0643307939,0.485901266,0.246155187,0.556709945,0.05964984,0.13346824,0.0263599176,0.0877026841,0.416177988,-0.020186143,-0.430144072
0.115805574,-0.00182284624,0.00256302091,0.00123864808,-0.0272176843,-0.0149180517,0.0580005907,0.00574890804,0.00675433781,-0.999960661,0.0224454086,-0.088509649,-0.425254226,0.0647448301,0.487685561,0.246056855,0.564614654,0.0719929338,0.132819235,0.0263805613,0.0878430307,0.415694624,-0.020387657,-0.429658562
0.11582505,-0.000429704291,0.00216476596,1.36287963e-05,-0.0239739288,-0.0134026604,0.0842822939,0.00545277726,0.00737784384,-0.999957919,0.0232019927,-0.0885470808,-0.42563495,0.0653982162,0.489364713,0.246024311,0.572247982,0.0839527473,0.131503701,0.0264161564,0.0878915638,0.415176213,-0.0200890265,-0.43019399
0.115805574,-0.00238137459,6.28239941e-05,-0.00101786247,-0.0100844176,-0.0106777372,0.0687298179,0.00523792394,0.00769491168,-0.999956667,0.0240589697,-0.0885406286,-0.425772756,0.0666713044,0.490948647,0.245980024,0.579447865,0.0959306806,0.129552767,0.0264351238,0.0882633626,0.414890587,-0.0190391596,-0.430893004
0.115784816,-0.00397344958,0.000382524682,-4.94943051e-05,-0.0122795403,-0.0163320564,0.0437363759,0.00504677789,0.00776672922,-0.999957085,0.0248587038,-0.0884071589,-0.426303118,0.0679033101,0.492609203,0.245347753,0.586454451,0.108388923,0.12702848,0.0264468603,0.0887973532,0.414806932,-0.019228192,-0.429065555
0.115804277,-0.00213786727,0.00225859159,0.000834944891,-0.0242299475,-0.0211307071,0.0584570915,0.00459825527,0.00817732885,-0.999956012,0.0255634021,-0.0884071663,-0.426823556,0.06847094,0.494341373,0.244826496,0.593411624,0.120434538,0.1237408,0.0264591333,0.0889087766,0.414310098,-0.0193000305,-0.428792715
0.115817867,-0.000886678172,0.00105560862,-0.000421097386,-0.016738629,-0.0183968358,0.0826044977,0.00422080187,0.00872542523,-0.999953032,0.0262503345,-0.0884274691,-0.427103013,0.0691757649,0.495920867,0.244522095,0.599990785,0.132159576,0.119825445,0.0264818035,0.0889520198,0.413760841,-0.0189916827,-0.42933327
0.115787216,-0.00300774095,-0.000660497288,-0.000969768269,-0.00670946529,-0.0174802355,0.0571041815,0.00389151718,0.00883309171,-0.999953389,0.027081551,-0.0883218274,-0.427253813,0.0703564659,0.497416586,0.244111791,0.606063724,0.143908828,0.115493037,0.0264850091,0.0895055383,0.413403988,-0.0180346034,-0.429774255
0.11577978,-0.00384782045,0.000618235616,0.000344541826,-0.0146471933,-0.0221809633,0.0314870924,0.00354159554,0.00898437388,-0.999953389,0.0276039839,-0.0881148577,-0.427807361,0.0711496025,0.498882413,0.243130848,0.611859977,0.156065419,0.11081931,0.0264695846,0.0899927393,0.41325599,-0.0184655357,-0.427984029
0.115801319,-0.00147957739,0.0022347013,0.000877907383,-0.0237889234,-0.0243541561,0.054252822,0.00301593938,0.00941497367,-0.999951124,0.0280636083,-0.0880991593,-0.428235888,0.0714161023,0.500311673,0.242401272,0.6173895,0.167743742,0.105666913,0.0264667012,0.0900752991,0.412670583,-0.0184341837,-0.428094655
0.115814231,-0.00103576668,0.000213209933,-0.00059906306,-0.0122878961,-0.0205274392,0.0718028098,0.00258812495,0.00992940459,-0.999947369,0.0285459552,-0.088101387,-0.428424656,0.0719190016,0.501624763,0.241829276,0.62247628,0.179120272,0.100182965,0.0264768247,0.0901101977,0.412078887,-0.0180290099,-0.428690702
0.115777381,-0.00375739415,-0.00130407664,-0.000995850889,-0.00353239244,-0.0218176339,0.0415421836,0.00222351099,0.00989910215,-0.999948502,0.0292247459,-0.0878480077,-0.428644449,0.0728826076,0.502925694,0.241054103,0.627046704,0.19055599,0.0945560411,0.0264658518,0.0908567533,0.411759019,-0.0172374081,-0.428576231
0.11577525,-0.00409872038,0.000726996746,0.000487513054,-0.01500344,-0.0271794051,0.0221473854,0.00173187256,0.0100662047,-0.999947846,0.0295806658,-0.0876135677,-0.429230303,0.0733864009,0.504284203,0.239777684,0.631407738,0.202069208,0.0887407064,0.0264437329,0.0912866965,0.411604553,-0.0178160444,-0.426696837
0.115796871,-0.00106252357,0.00222444488,0.000912158052,-0.0236223117,-0.0255589318,0.0498691984,0.00114564318,0.0104981754,-0.99994421,0.0299027227,-0.0875845626,-0.429600328,0.0735133886,0.505545914,0.238986,0.63533777,0.212946862,0.0826138556,0.0264315512,0.0913529918,0.410998493,-0.0177426841,-0.426949948
0.115810849,0.00029727738,0.000666964683,-0.000368158246,-0.014681438,-0.0176992994,0.0702815875,0.000730694912,0.0110087739,-0.999939144,0.0301930048,-0.0875715837,-0.429713398,0.0738633573,0.506578267,0.238472685,0.638643444,0.223536104,0.0763420388,0.0264285803,0.091381453,0.41042909,-0.0172232594,-0.427636325
0.115781844,-0.00203324249,-0.00154931634,-0.000920633611,-0.0018975467,-0.00700990018,0.0421007276,0.000468924118,0.0110835386,-0.999938488,0.0305948202,-0.0873573273,-0.429804653,0.0746327862,0.507499695,0.237948731,0.641269684,0.234139457,0.0700636432,0.026401436,0.0919714049,0.41009751,-0.0160779245,-0.428018898
0.115774751,-0.00293663796,-0.000355424243,0.000352333125,-0.0106300823,-0.015534888,0.00667852396,0.000468924118,0.0110835386,-0.999938488,0.0307438262,-0.0869066194,-0.43026039,0.0750987604,0.50853461,0.236868039,0.643478453,0.245138004,0.0637969151,0.0263165422,0.0926559418,0.41002202,-0.0164835863,-0.425539166
0.115796149,2.50201792e-05,0.00181510148,0.000935506658,-0.0231583584,-0.0215918291,0.0299060978,-0.000149333369,0.0115088187,-0.999933779,0.0308216792,-0.0868133605,-0.430538088,0.0751714855,0.50953871,0.236224666,0.645298958,0.255394757,0.0572358407,0.0262450334,0.0927828178,0.409436226,-0.0165168121,-0.425240576
0.115811333,0.0010246695,0.00240913033,0.00052516401,-0.0242261328,-0.00741081964,0.0413464792,-0.000380625541,0.0120105231,-0.999927819,0.0308819488,-0.0867825523,-0.430622816,0.0753114,0.510183811,0.235965624,0.646536052,0.265115172,0.0505140945,0.0262204297,0.092810519,0.408810496,-0.0161063522,-0.425775826
0.115816012,-8.26445466e-05,0.000399236626,-0.000149780521,-0.0116859283,-0.0013538854,0.0181207675,-0.000425912585,0.0124782827,-0.999922037,0.030923726,-0.0867407471,-0.430667073,0.0757132918,0.510571063,0.235669747,0.647159755,0.27475372,0.0438040867,0.0261994302,0.0928311124,0.408516884,-0.0156019889,-0.42572543
0.115805142,-0.000813692925,-0.000466867001,-0.000130100234,-0.00342202326,-0.00907836109,0.0180042721,-0.000425912585,0.0124782827,-0.999922037,0.0310258605,-0.0864666775,-0.430743545,0.0762581602,0.511536837,0.235103235,0.647347093,0.284398019,0.0371220112,0.026132321,0.0932484642,0.408490002,-0.0150571037,-0.424638718
0.115811028,7.102573e-05,0.00116669701,0.000348477042,-0.0125360135,-0.012796537,0.03518489,-0.00078014168,0.0126155959,-0.99992013,0.0310639311,-0.0863863304,-0.430900842,0.0763778389,0.51201874,0.234778464,0.647381306,0.293526769,0.0302101448,0.0260762926,0.093325004,0.408166766,-0.0148912612,-0.424211472
0.115818493,0.000586080772,0.000616916106,0.000236407883,-0.0104781911,-0.00710336119,0.0287468228,-0.000920138496,0.0129807843,-0.999915302,0.0310945995,-0.0863324255,-0.430966407,0.0764508098,0.51213342,0.234708413,0.647373557,0.302213043,0.0231592301,0.0260373522,0.0933510959,0.407751232,-0.0144254994,-0.424152106
0.115820184,-0.00061121356,-0.000616405276,-0.000256078871,-0.00306294207,-0.007861563,0.0151636135,-0.00104935467,0.0130356168,-0.999914467,0.0311224349,-0.0861448422,-0.430997461,0.0766237751,0.512651026,0.234645233,0.647332907,0.310790271,0.0161253996,0.0259383675,0.0935633928,0.407615691,-0.0137570724,-0.423764586
0.115808547,-0.000548792654,-0.000183472221,0.000236521722,-0.0066530765,-0.00827776082,0.0135071101,-0.00122654682,0.013103853,-0.999913394,0.0311420131,-0.0859015137,-0.431198597,0.0767017305,0.512805164,0.234496608,0.647275448,0.319160908,0.009053302,0.0258326698,0.0938687399,0.407540888,-0.0134615637,-0.422488332
0.115829714,0.00071711099,0.00107623334,0.000647620414,-0.0146705955,-0.00421753898,0.0208971109,-0.00137328764,0.013302505,-0.999910593,0.0311607663,-0.085755311,-0.431262851,0.0766959041,0.513264775,0.234473184,0.646839917,0.327002168,0.00183871738,0.0256937426,0.0939469859,0.407256514,-0.0129694259,-0.422240078
0.115833916,0.00136203377,5.70555821e-05,-0.000194092645,-0.0096078543,-0.0017733518,0.030867245,-0.00138425478,0.0136914905,-0.999905288,0.0311670415,-0.0856486931,-0.431342661,0.0767287388,0.513358712,0.23444432,0.645718277,0.334441751,-0.00545668788,0.0256010946,0.0939949751,0.407000631,-0.012497941,-0.421827167
0.115821995,0.000159641873,-0.00242647389,-0.000764603552,-0.00139624462,0.00355063542,0.0149400411,-0.00142737362,0.0136885969,-0.999905288,0.0311796274,-0.0852834582,-0.431382537,0.0768021643,0.513649642,0.23442778,0.643865645,0.341629148,-0.0127397496,0.0253107678,0.0944895595,0.406912148,-0.0113010043,-0.421693176
0.115804672,-0.000447430182,-0.000904254441,4.17684314e-05,-0.0132164657,0.00750076491,-0.000662101374,-0.00123420078,0.01374829,-0.999904752,0.0311685298,-0.0845528543,-0.431852788,0.0767694861,0.513738394,0.234333619,0.641262531,0.348792881,-0.0199716426,0.0248192623,0.0954013169,0.406858683,-0.0113025596,-0.419334769
0.115824141,0.00154568127,0.00217590109,0.00098278001,-0.0265587177,0.00620666193,0.0187245719,-0.00112765806,0.0142171085,-0.999898314,0.0311446562,-0.084305346,-0.432095408,0.0766418725,0.513747156,0.234330997,0.637969077,0.355314702,-0.0273103341,0.0243056901,0.0956128165,0.406507939,-0.0112557327,-0.418754488
0.115842812,0.00182196952,0.00261343317,0.00064776506,-0.0262897592,0.00750210788,0.0203757975,-0.000975023548,0.0148114804,-0.999889851,0.0311175082,-0.0841997564,-0.432150036,0.0766305178,0.513726652,0.234344587,0.633841574,0.361376017,-0.0346215665,0.023971431,0.0956488103,0.406221092,-0.0105700167,-0.418776691
0.115848571,0.000985163846,0.00131358008,0.000467274949,-0.0154685937,0.00713243335,0.00726375543,-0.000815634907,0.0152694769,-0.999883056,0.031078916,-0.0840485916,-0.432231277,0.0767150521,0.513682663,0.234330788,0.629079163,0.367355138,-0.0417605303,0.023704052,0.09568014,0.406168908,-0.0100341961,-0.41809696
0.11586073,0.00105604425,-0.000501564471,-0.000113529757,-0.00475261919,0.00598905515,0.0107281841,-0.000685211853,0.0154305473,-0.999880731,0.0310283303,-0.0838116929,-0.432268113,0.0767397434,0.513666809,0.234334245,0.623751223,0.37317121,-0.0487683751,0.0233785268,0.0957752988,0.406181127,-0.00948226824,-0.41719234
0.115844369,0.000988152344,-0.00107808341,-9.36094584e-05,-0.00326344511,0.00746889831,0.000406272098,-0.000569406082,0.0154599743,-0.999880314,0.0309248306,-0.0834658146,-0.432343721,0.0767658055,0.513447344,0.234352678,0.617800355,0.378576785,-0.0557541847,0.0228927843,0.0961709693,0.406167746,-0.00859527383,-0.416441023
0.115857676,0.00173578539,0.000277065381,0.000671480375,-0.0110838115,0.0128496261,-0.00847466569,-0.000386397645,0.0155611308,-0.999878824,0.0306064878,-0.0830945298,-0.43239224,0.0766335577,0.51325345,0.234462306,0.611410201,0.383670837,-0.0626970455,0.0222280826,0.096446462,0.406141132,-0.00825661328,-0.415169507
0.115871079,0.00211305916,0.000913080759,0.000486820616,-0.0126283299,0.0162197109,-0.0119547732,-6.07715992e-05,0.0159029141,-0.999873519,0.0301038306,-0.0829262137,-0.432412744,0.0764934346,0.512737215,0.234763816,0.604522467,0.38819024,-0.0696188435,0.0215861145,0.0964974985,0.406085193,-0.00766018592,-0.415037692
0.11587657,0.00228929496,0.000559423468,0.000345263688,-0.00934231468,0.017133249,-0.0166711472,0.000254559796,0.0160659906,-0.999870896,0.0294669159,-0.0826761797,-0.432419091,0.0764284208,0.512347639,0.234949753,0.597469032,0.392500132,-0.0763121769,0.0210071336,0.0966007933,0.406109929,-0.00733896997,-0.413623303
0.115884505,0.00306804036,-0.000661353464,-0.000123636433,-0.00420410326,0.0190659445,-0.0111686541,0.000613921322,0.0162766669,-0.99986732,0.0287204199,-0.0824774057,-0.432421625,0.0761963949,0.511714041,0.235498384,0.590306997,0.396313906,-0.0829160586,0.0203773174,0.0966459662,0.40609166,-0.00669445703,-0.413222224
0.115871981,0.00294695143,-0.000763175427,3.06633774e-06,-0.0046906271,0.0198089164,-0.0227392837,0.00100980233,0.0162343141,-0.999867678,0.0279536042,-0.0820040554,-0.432413369,0.0759332255,0.511022806,0.236194029,0.583083093,0.399868101,-0.0893136039,0.0196845923,0.0971351936,0.406109571,-0.00587018812,-0.411831558
0.115885004,0.0031740854,0.000436097587,0.000722108292,-0.00968763418,0.0212863069,-0.0337723717,0.00139138079,0.016465323,-0.999863446,0.0269639753,-0.0817103684,-0.432426572,0.0753173828,0.509830296,0.237108633,0.575903416,0.403006196,-0.0956203938,0.0188778359,0.0972673744,0.406094462,-0.00543635339,-0.410926729
0.115900397,0.00355969532,0.000224982636,0.000647773617,-0.00633603707,0.0232551992,-0.0370452069,0.00183888781,0.016623605,-0.999860108,0.0258865561,-0.0814338475,-0.432426602,0.0746141449,0.50861752,0.238315269,0.568688273,0.405750751,-0.10176,0.0181488506,0.0973458514,0.406118095,-0.00496359915,-0.409938723
0.1159105,0.00405834382,-0.000144949969,0.000650347734,-0.00348779839,0.023633413,-0.0363054164,0.00229680538,0.0167214721,-0.999857545,0.0247361735,-0.0811581686,-0.432423651,0.0738193765,0.507257283,0.239745721,0.561484814,0.408075809,-0.107709587,0.0174597166,0.0974141881,0.406159192,-0.00446526706,-0.408955902
0.115926132,0.00413630484,-0.000519581023,0.000612622185,-0.00150857028,0.0256066918,-0.0421984494,0.0027597372,0.0167661346,-0.999855638,0.0235165432,-0.0808607489,-0.432406336,0.0728775337,0.50582552,0.241449594,0.554307461,0.409968257,-0.113496982,0.0167251099,0.0974717513,0.406188369,-0.00380625902,-0.408362389
0.115934893,0.00403079018,-0.000729511667,0.000450920168,-0.000889049436,0.0275285672,-0.0501502641,0.00329256454,0.0167869069,-0.999853671,0.0222180486,-0.0804930925,-0.432398438,0.0719234571,0.504155576,0.243271306,0.547135174,0.411545098,-0.119044863,0.0160024017,0.0976133645,0.406292677,-0.003387623,-0.407186002
0.115944125,0.00430695154,-0.00088968128,0.000469681108,-7.32444241e-05,0.0276951455,-0.0540151335,0.00382695859,0.0168081764,-0.999851406,0.0208640881,-0.0801044926,-0.432380527,0.0708041713,0.502285063,0.245237768,0.540014148,0.412726879,-0.124355964,0.0152538829,0.0977522582,0.406387717,-0.00293411501,-0.406239033
0.115953617,0.00411453284,-0.00111068273,0.0004421146,0.00140804052,0.0270848088,-0.0615536906,0.00436365604,0.0167979021,-0.999849379,0.0194137804,-0.0796992108,-0.432362825,0.0695327073,0.500304401,0.247306556,0.532935262,0.413524985,-0.129434839,0.0144251557,0.0978982672,0.406500697,-0.00254134298,-0.405442834
0.115961835,0.00427626027,-0.00101654686,0.000495593995,0.000739059527,0.0252244882,-0.0596441403,0.00486880075,0.0167626943,-0.999847651,0.0179362278,-0.0792566538,-0.432344645,0.0682115629,0.498249829,0.249375805,0.525939047,0.413868904,-0.134298891,0.0136322994,0.098077558,0.406672865,-0.00221582991,-0.40439558
0.115973286,0.00442996109,-0.00103585143,0.000559346983,0.00092678389,0.0246768314,-0.061608728,0.00533235446,0.0167796779,-0.999844968,0.016455695,-0.0788502842,-0.432322383,0.0667135864,0.496053576,0.251555204,0.519000947,0.413933426,-0.138979658,0.0128585752,0.0981813669,0.406768441,-0.00167990848,-0.403900445
0.115983956,0.00400211196,-0.00109544722,0.000514633546,0.00176639657,0.0244170409,-0.0703238919,0.00581435673,0.0167389736,-0.999843001,0.0148850614,-0.0784002915,-0.432298094,0.0652124658,0.493917614,0.253690243,0.512098372,0.413953781,-0.143364862,0.0120227356,0.0983378068,0.406964064,-0.00130192295,-0.403104544
0.115993671,0.00434266962,-0.00115188723,0.000688088243,0.0029068992,0.0217339601,-0.0686358884,0.00626175432,0.0167255308,-0.999840498,0.0132826427,-0.0779519677,-0.432255059,0.0637059808,0.491624266,0.255738646,0.505275667,0.413955957,-0.147452116,0.01120078,0.0984741822,0.407200217,-0.000908578979,-0.402240753
0.116011158,0.00390909519,-0.00084633159,0.000483749522,0.00133763964,0.0181970932,-0.0714409798,0.00663753459,0.0166399255,-0.999839544,0.011686841,-0.0775172934,-0.432165176,0.0620098896,0.489614636,0.257800281,0.498527139,0.413932711,-0.151266798,0.0103782974,0.0985493064,0.407349586,-0.000267288007,-0.401794583
0.116012543,0.00339999376,-0.000598576327,0.000461094431,-0.000251396268,0.0164040029,-0.0743900165,0.00694193086,0.0166910011,-0.999836624,0.0100019369,-0.077102311,-0.432136595,0.0603691004,0.487072587,0.259591579,0.491835892,0.41387704,-0.154795587,0.00948947854,0.0986189768,0.407622486,8.84758192e-05,-0.401011348
0.116029054,0.00379086309,-0.000894027471,0.000799283618,0.00147857447,0.0153338956,-0.0722640082,0.0072438377,0.0166704617,-0.999834776,0.00835424382,-0.0766483843,-0.432019293,0.058747489,0.484851569,0.261401087,0.48518315,0.413704187,-0.157985926,0.00865732972,0.0986997262,0.407880574,0.000672262278,-0.400437355
0.116044007,0.00337641453,-0.00078365684,0.000578637177,0.00136349036,0.0136506408,-0.0759224966,0.00750694284,0.0166527256,-0.999833167,0.00668825395,-0.0761903226,-0.431919694,0.0570780635,0.482682228,0.263115764,0.478553534,0.413105547,-0.160859019,0.00778624509,0.0987613648,0.408144057,0.00123823702,-0.400089383
0.116051704,0.00301777385,-0.000668789144,0.0005590074,0.00122083013,0.0113221454,-0.0781396031,0.00773903821,0.0166386086,-0.999831617,0.00503800996,-0.0757592246,-0.431841016,0.0553952232,0.480422944,0.26463747,0.47195521,0.411954254,-0.16336216,0.0069552199,0.0987981707,0.408477783,0.00169331301,-0.399503261
0.116065875,0.00291499635,-0.000623663305,0.00069303636,0.000242590322,0.00942949392,-0.0763818026,0.00790780783,0.0166281518,-0.999830484,0.00341679715,-0.0753060132,-0.431717873,0.0537166707,0.478286028,0.266036808,0.465413481,0.410123885,-0.16553022,0.00611701468,0.0988253057,0.408843279,0.00229059951,-0.399118006
0.116078913,0.00251642987,-0.000607676164,0.000604649598,0.000175078996,0.00858209748,-0.0789495185,0.00806527585,0.0166530684,-0.999828815,0.00181595201,-0.0748415142,-0.431639642,0.0520328581,0.476136357,0.26730451,0.458880812,0.407533616,-0.167382866,0.00529962918,0.098860845,0.40923956,0.00285984296,-0.398817837
0.116089649,0.00240762834,-0.000648360525,0.000684086117,0.000631781819,0.00574019924,-0.0763026774,0.00819843169,0.0166467018,-0.999827802,0.000233184997,-0.0743785873,-0.431577861,0.0503566116,0.474066973,0.268379748,0.452370167,0.404222041,-0.168879926,0.00449799001,0.0988928303,0.409730345,0.00335819507,-0.398452878
0.116105914,0.00172672875,-0.000604024855,0.00060982781,0.00100992259,0.0014977305,-0.0781292021,0.00824411772,0.0166528467,-0.999827325,-0.00124032679,-0.0739057958,-0.43147856,0.0486590974,0.472129077,0.269306153,0.445914,0.400073141,-0.170060501,0.00380492443,0.0988965034,0.410142988,0.00401539588,-0.39841345
0.116113871,0.00136112329,-0.000381727179,0.000522726099,-0.000828865566,-0.00171922718,-0.0753618479,0.00820627436,0.0166321024,-0.999827981,-0.00270659709,-0.0734557882,-0.431425363,0.0470141582,0.470232308,0.269889027,0.439496428,0.395255923,-0.170892939,0.00310018193,0.0988955349,0.410746574,0.00443930598,-0.398116797
0.116126627,0.00128909852,-0.000309036172,0.000677469478,-0.00163909676,-0.00376004912,-0.0719970912,0.00812527444,0.016710544,-0.999827325,-0.00409755809,-0.0729810894,-0.431386441,0.0452802405,0.468302488,0.270390987,0.433063626,0.389697999,-0.171389982,0.00247432105,0.0988764763,0.411179483,0.00504061114,-0.398482382
0.116140753,0.000682994025,-0.000562856556,0.00071981916,0.00132085523,-0.00611564098,-0.0791931748,0.00800784025,0.0167209487,-0.9998281,-0.00546499807,-0.0725057945,-0.431322753,0.0436685048,0.466578007,0.270640671,0.426666081,0.383638591,-0.171539277,0.00186117098,0.0988634899,0.411846787,0.00553312385,-0.398703843
0.116155572,0.000230744743,-0.000519991037,0.000587787305,0.0016950235,-0.00886064488,-0.0791705698,0.00782768242,0.016683057,-0.999830186,-0.0067938026,-0.0720472038,-0.431262076,0.0420156829,0.465047807,0.270757079,0.420278281,0.37698409,-0.171579033,0.00127289095,0.0988289565,0.41252622,0.00603946112,-0.399111956
0.116164535,-0.000215112537,-0.000366416818,0.000653602649,0.00272403611,-0.00942175742,-0.0776052698,0.00760064553,0.0166780222,-0.999832034,-0.00805964321,-0.0716082528,-0.431242079,0.0404045694,0.463418186,0.270789355,0.413907528,0.369711936,-0.171596125,0.000747257029,0.0987684131,0.4132424,0.006383311,-0.39958638
0.116182022,-0.000298155559,-0.000457301299,0.00122161396,0.00935299415,-0.00735164946,-0.0782726705,0.00739913573,0.0165977329,-0.999834895,-0.00929804891,-0.0712916106,-0.431216657,0.0390035175,0.461978942,0.270807296,0.407484561,0.361930221,-0.171593726,0.000298998988,0.0986648202,0.41403383,0.00670648599,-0.400236309
0.116213784,-0.000412574271,-0.000236829233,0.00115896866,0.0125233233,-0.00628372701,-0.0836164951,0.00725465734,0.0163270645,-0.999840379,-0.0105680842,-0.0712645948,-0.43114689,0.0379541665,0.461066335,0.270822495,0.400966436,0.353677988,-0.171572015,-0.000189257,0.09838631,0.415160507,0.00733128795,-0.400968432
0.116228648,-0.000620865321,9.74455834e-05,0.000923231128,0.0108307945,-0.00720217265,-0.0832413286,0.00709321955,0.0161212552,-0.999844909,-0.0118342191,-0.0712293759,-0.43111816,0.0366714634,0.459996849,0.270820647,0.394342959,0.344925225,-0.171528518,-0.000732110988,0.0980433747,0.416275948,0.00782852061,-0.401740164
0.11625082,-0.000869404525,7.73067441e-05,0.00105578313,0.0116235875,-0.00847987458,-0.0820095688,0.00691297511,0.0159173347,-0.999849439,-0.013032957,-0.0712479204,-0.431090891,0.0355121084,0.458856076,0.27080974,0.387719691,0.335643291,-0.171270564,-0.00122660201,0.0976901725,0.417425364,0.00838053226,-0.402623832
0.116271064,-0.0010554872,8.78290521e-05,0.000940291386,0.0125444112,-0.0101018101,-0.0839772671,0.00670186803,0.0156789646,-0.999854624,-0.014218987,-0.0712848008,-0.431070954,0.0343648307,0.457940966,0.270767659,0.381091654,0.325972527,-0.170535907,-0.001675779,0.0973449647,0.418580234,0.00884748995,-0.403426319
0.116288655,-0.0010940514,0.000120655954,0.000864216767,0.0132916402,-0.0128763858,-0.0822929218,0.00645625219,0.0154382661,-0.999859989,-0.0154169053,-0.0713536367,-0.431056827,0.0331693217,0.456902713,0.270697415,0.374435216,0.315923899,-0.169203103,-0.00217565708,0.0969527587,0.419705302,0.00928064063,-0.404361635
0.116305836,-0.00120111567,5.9564798e-05,0.000832766411,0.0151197389,-0.0170156304,-0.0793251991,0.0061361636,0.0151685709,-0.999866128,-0.0165839735,-0.0714304522,-0.431049407,0.0318312235,0.455894858,0.270573944,0.367780715,0.30547604,-0.167242363,-0.0026442681,0.096530959,0.420721829,0.00968213286,-0.405409932
0.116322219,-0.00195159356,-6.13409647e-05,0.000739954645,0.0178423524,-0.0224588439,-0.0831153914,0.00572756305,0.0148528218,-0.999873281,-0.0177064501,-0.071549587,-0.431050837,0.0304216705,0.45486334,0.270305693,0.361135185,0.294680893,-0.164676771,-0.00306959194,0.0960576087,0.421644598,0.0100338152,-0.406515181
0.116335914,-0.00210604444,-0.000151071217,0.000790152233,0.0205866788,-0.0281656515,-0.0796730667,0.00518849678,0.0144736758,-0.999881804,-0.0188543499,-0.0716909915,-0.431066602,0.0289820377,0.453859121,0.269711494,0.35451597,0.28363803,-0.16155377,-0.00348712294,0.0955998227,0.422617197,0.0102464259,-0.407308549
0.116354346,-0.00235749898,-0.000249490433,0.000831861864,0.0233477242,-0.0336580947,-0.0776678175,0.00455477322,0.0140461056,-0.999890983,-0.0199223664,-0.071893923,-0.431080073,0.0273283403,0.452904135,0.268982977,0.347853452,0.272215605,-0.157986373,-0.00389831397,0.0950068831,0.423326671,0.0105587281,-0.408782661
0.116369754,-0.00284637278,-0.000322154461,0.000805209565,0.0261793956,-0.0378975496,-0.0781498104,0.00379873486,0.0135539332,-0.999900937,-0.0210379902,-0.0721181482,-0.43111214,0.0256809667,0.451969206,0.267855644,0.341179967,0.260537714,-0.154042631,-0.00434799306,0.0944322869,0.424132347,0.0107314084,-0.409862041
0.116387159,-0.00304926536,-0.000289745774,0.000822563074,0.0289296769,-0.0410038605,-0.0725170225,0.00299634412,0.0130111678,-0.999910891,-0.0220646225,-0.0724222139,-0.431153268,0.0239452925,0.451031864,0.266524166,0.334435463,0.248490706,-0.149797216,-0.00476941606,0.0937449336,0.424769044,0.0109228399,-0.411344379
0.11640317,-0.00353734684,-0.000279626547,0.000801391085,0.0313848816,-0.0439510681,-0.0701045692,0.00212106644,0.012405714,-0.999920785,-0.0230339598,-0.072804071,-0.431229591,0.0222611353,0.450167477,0.264834225,0.327671945,0.236118615,-0.145301208,-0.00514813093,0.0930057839,0.425444096,0.0110678142,-0.412609279
0.116419651,-0.00350951101,-0.000636691577,0.000617718499,0.0352631509,-0.0453829505,-0.0596862398,0.00120355224,0.0117617128,-0.999930084,-0.0239323899,-0.0732402802,-0.431357235,0.0205561705,0.449393928,0.262865543,0.320859909,0.223403156,-0.140601128,-0.00550769689,0.0921978951,0.426074386,0.0112042064,-0.414076805
0.116428345,-0.00475996174,-0.00279000215,-7.03817568e-05,0.0475754365,-0.0438908599,-0.0631590188,0.000277612999,0.0109984055,-0.999939501,-0.0247365572,-0.0736659095,-0.431563288,0.0188682992,0.448721945,0.260653496,0.313980371,0.210329875,-0.135712609,-0.0058560702,0.0914315432,0.42670241,0.0114842067,-0.415961564
0.116418116,-0.00650562765,-0.00280959508,0.00068819063,0.0471386351,-0.0481553786,-0.072801277,-0.000579248881,0.00985927135,-0.999951243,-0.0254789311,-0.0738579705,-0.432171285,0.0172581151,0.448273391,0.257963538,0.307106823,0.197119519,-0.130579546,-0.00620149402,0.0911807269,0.427775949,0.0114547564,-0.417036533
0.116456829,-0.00616329955,-0.000306006084,0.00193379319,0.0354498327,-0.054650601,-0.0586187243,-0.00167716853,0.00911120512,-0.999957085,-0.0262908358,-0.0742977336,-0.433256,0.0148341851,0.447886676,0.254888356,0.300299138,0.18327345,-0.125387505,-0.00666847685,0.0904112458,0.428638279,0.0112203071,-0.418422073
0.116495162,-0.00520024262,0.000426368351,0.0016813121,0.0341306701,-0.0517624132,-0.0414374508,-0.00278683729,0.00843789522,-0.999960542,-0.026987765,-0.074918285,-0.434283644,0.0123202726,0.447488755,0.251762003,0.293374717,0.168956771,-0.120063603,-0.00703683123,0.0893795043,0.429297477,0.0112349307,-0.420676649
0.116523355,-0.00517695863,0.000187744183,0.00123150658,0.035410054,-0.0462151989,-0.0456945375,-0.00376178185,0.00774159236,-0.999962986,-0.0275887456,-0.0755603686,-0.435228705,0.0101335691,0.447139412,0.248582423,0.28645584,0.15445587,-0.114589021,-0.00733282743,0.0883247703,0.429999232,0.0112803355,-0.422976017
0.116543584,-0.00477350829,-0.000170661428,0.00108050765,0.0375387482,-0.0417661406,-0.0529780127,-0.00464938581,0.00701447157,-0.999964595,-0.0281360745,-0.0761757791,-0.436136603,0.00814575609,0.447117627,0.245277151,0.279708415,0.139897883,-0.108981766,-0.00767263677,0.0873719528,0.430882066,0.011347821,-0.424534738
0.116565734,-0.00496080145,-0.00251896749,0.000113219947,0.0499274991,-0.0369591713,-0.0446728803,-0.00544740306,0.00623036968,-0.999965727,-0.0286773685,-0.076799944,-0.436950356,0.00616163807,0.447224408,0.241992295,0.273157656,0.125193641,-0.103289291,-0.00816006213,0.0863853246,0.431652904,0.0114819901,-0.426296771
0.116547659,-0.00726129627,-0.0034785727,0.000228517412,0.0512864031,-0.0368118808,-0.0506998561,-0.00613914477,0.005007762,-0.999968588,-0.0290801656,-0.0770671517,-0.437860161,0.00479095103,0.447086304,0.238462925,0.266882241,0.110447347,-0.0974679887,-0.00863933843,0.0860128105,0.432769507,0.0117462557,-0.427758634
0.116573788,-0.00773292361,-0.00112206815,0.00164562301,0.0372747332,-0.0422758199,-0.0471661165,-0.00692942925,0.0041663032,-0.999967337,-0.0295719523,-0.0774151757,-0.439426482,0.00285314093,0.446967393,0.234562039,0.261014283,0.0954487696,-0.0916409642,-0.00919100456,0.0854043588,0.43397361,0.0112561453,-0.428488493
0.116611525,-0.00595357735,0.000119322423,0.00173395989,0.0328310914,-0.0433046669,-0.0280935168,-0.00783838611,0.00350422226,-0.999963164,-0.0299268588,-0.0779656619,-0.440961897,0.000537850021,0.446889669,0.230792403,0.255357116,0.0801634714,-0.0857422948,-0.00963817257,0.0844699144,0.434833318,0.0112160137,-0.430321336
0.116641261,-0.00458347239,6.95104172e-05,0.00136785279,0.0343160555,-0.036510136,-0.0278612319,-0.00866557937,0.00284462515,-0.999958396,-0.0301447734,-0.0785815343,-0.44228825,-0.00169276295,0.447032958,0.22721979,0.249934435,0.0649512708,-0.0797377601,-0.00997693837,0.0834897682,0.435589522,0.0112575907,-0.43241477
0.116664641,-0.00422971789,-0.000358350604,0.00103682175,0.0355119258,-0.0278099831,-0.0224924553,-0.00930164196,0.00212180521,-0.999954462,-0.0303570218,-0.0791873485,-0.4433963,-0.00371166808,0.447176665,0.223855555,0.244802982,0.0499070287,-0.0736493319,-0.0103700114,0.0825246274,0.436291635,0.0113024097,-0.434346557
0.116681188,-0.00458895788,-0.000691597641,0.00079663418,0.0342108868,-0.0218141247,-0.0126561942,-0.00977992639,0.00141597749,-0.999951184,-0.0304926168,-0.0796845704,-0.444583893,-0.00529588992,0.447012812,0.220498919,0.2400956,0.0349250548,-0.0674990043,-0.0106886989,0.0816487744,0.437076777,0.0113071147,-0.435972452
0.116694748,-0.00461923517,-0.000829403289,0.000698341406,0.032748051,-0.0184279215,-0.00935715064,-0.0101748668,0.00074851641,-0.999947965,-0.0305508971,-0.0801106244,-0.445837349,-0.00670939917,0.4468925,0.217167273,0.235838011,0.0200421009,-0.0612724163,-0.010948183,0.0808464065,0.437896103,0.0113019049,-0.437347382
0.116707265,-0.00341637409,-0.00285465526,-0.000355536642,0.0464377254,-0.0146737387,-0.0105901649,-0.0105171921,0.000102342019,-0.999944687,-0.0305944569,-0.0804979652,-0.447138071,-0.00808403455,0.446837276,0.213872597,0.232019722,0.00526498584,-0.0549531542,-0.0111878859,0.080085367,0.438712776,0.0112887658,-0.438573867
0.116679102,-0.00419723149,-0.00491969753,-0.000661293336,0.0585289448,-0.00579354353,-0.0270507913,-0.0107619269,-0.00111350103,-0.999941468,-0.0306246392,-0.0807786435,-0.448063731,-0.00935626496,0.447195947,0.210833207,0.22851634,-0.0092665283,-0.0484543778,-0.0115417279,0.0797276348,0.439451367,0.0116101857,-0.43990925
0.116678789,-0.0053536268,-0.00230207271,0.00062993,0.042370595,-0.00519116968,-0.03089118,-0.0107470276,-0.0022505899,-0.99993974,-0.0306717344,-0.080992803,-0.44974488,-0.0106663844,0.447178215,0.207554132,0.2255207,-0.0238095988,-0.0418834239,-0.0119415848,0.0793864131,0.440263778,0.0103731425,-0.439987332
0.116701789,-0.00404212344,0.000784058007,0.00137977302,0.0273702554,-0.0128324572,-0.0100968303,-0.0109672621,-0.00282121031,-0.999935865,-0.0307023972,-0.0816782936,-0.451584369,-0.0128164385,0.447133422,0.204292834,0.222984388,-0.0386752225,-0.035306327,-0.0122774234,0.0784775913,0.44067359,0.00942408759,-0.440993339
0.116732292,-0.00329102576,0.000646155502,0.0013522458,0.0262744389,-0.0119350543,0.00171946478,-0.0112591768,-0.00334971258,-0.999930978,-0.0307219028,-0.0823698118,-0.453037262,-0.0145594962,0.447094202,0.201126739,0.220884055,-0.0534052439,-0.0286701657,-0.0124136452,0.0774738491,0.441204429,0.00918929931,-0.442496657
0.11675448,-0.00286952709,-0.000106430853,0.00091695931,0.0249933265,-0.00626124768,0.00270861108,-0.0114449244,-0.0038713105,-0.999926984,-0.0307341069,-0.0828321725,-0.454218805,-0.0157648157,0.44705826,0.198145568,0.21921505,-0.067828536,-0.0220296662,-0.0124716349,0.0766698942,0.441855639,0.00913356245,-0.443934619
0.116767637,-0.00197895803,-0.000412848691,0.00063463737,0.0240495764,-0.000585776404,-0.00378093333,-0.0115100034,-0.00434851926,-0.999924302,-0.0307383612,-0.0831581056,-0.455274791,-0.0166942962,0.447025537,0.195355669,0.217978463,-0.082008332,-0.0153590329,-0.0125216926,0.0760035887,0.442532241,0.00908561889,-0.445133418
0.11677888,-0.000789967191,-0.000818372588,-0.000464974903,0.0287792962,0.00626451755,-0.00624913769,-0.0114676449,-0.00483490806,-0.999922574,-0.0307340324,-0.0834798664,-0.456167638,-0.0176735539,0.447294801,0.192817405,0.217127651,-0.0959538892,-0.00859770924,-0.0125936819,0.0753786936,0.443103135,0.00901641883,-0.446117848
0.116748519,-0.000847700401,-0.00202361145,-0.00286068604,0.0389622115,0.016152842,-0.0171794351,-0.0112582799,-0.00550231151,-0.999921501,-0.030715026,-0.0839599967,-0.457013428,-0.0185796805,0.447384328,0.190466762,0.216604069,-0.109757192,-0.00172349939,-0.0126642613,0.0748441443,0.443517923,0.0088364426,-0.447060287
0.116663635,-0.00176194217,-3.31458796e-05,-0.00175652665,0.0313255899,0.0230722725,-0.0381960757,-0.0108173713,-0.00640080869,-0.999921024,-0.0306752194,-0.0846763924,-0.458033413,-0.0193860158,0.447380304,0.18809545,0.216386527,-0.123265855,0.00524202222,-0.0127733303,0.0746899098,0.44398436,0.00783608574,-0.447318405
0.116677493,-0.00128422829,0.00126308412,0.00175442349,0.0238395091,0.0226538032,-0.0209251326,-0.0103254961,-0.00677160267,-0.999923766,-0.030614268,-0.0858341902,-0.459219158,-0.0202427432,0.447358936,0.185607418,0.216349781,-0.136907324,0.0121272942,-0.0130582172,0.0737424865,0.444310546,0.00606875727,-0.447695822
0.116733618,-5.12037477e-05,-0.000857674808,0.0021469791,0.0272815991,0.0228857659,0.00454406301,-0.00990599394,-0.00736336969,-0.999923825,-0.0305516627,-0.0863570943,-0.459909081,-0.0203787796,0.447334766,0.183177009,0.216342181,-0.150456235,0.0190001018,-0.0131256469,0.0730135664,0.444797426,0.00555009395,-0.448829025
0.116763093,0.000753056898,-0.0010558035,0.000463368982,0.0222939067,0.0277846511,0.00512321712,-0.00941144302,-0.00786065497,-0.999924839,-0.0304636508,-0.0865391493,-0.460508704,-0.0204515308,0.447314113,0.180856302,0.216349959,-0.163753346,0.0257932991,-0.0131520228,0.0725607574,0.445278972,0.00518664531,-0.449929595
0.116752103,0.00107639225,-0.00135020446,-0.00243893964,0.0272852872,0.0347321779,-0.00946241245,-0.00879617222,-0.00825323444,-0.999927282,-0.0302263685,-0.0868233591,-0.461180955,-0.0207710303,0.447299331,0.178702012,0.216374233,-0.17682834,0.0325668231,-0.0131741147,0.0721622035,0.445613414,0.00464298902,-0.45089376
0.116665475,-0.000369242131,-0.0010597026,-0.00191738864,0.0301051103,0.039463222,-0.0365371034,-0.00801898446,-0.00895491801,-0.999927759,-0.0295621883,-0.087511003,-0.46189782,-0.0212748703,0.447320372,0.176645637,0.216487825,-0.189506575,0.039407637,-0.0131972479,0.0720880926,0.445913196,0.00356218405,-0.451197624
0.116674915,-0.00042369822,-0.00027175236,0.00115998916,0.0246284194,0.0361269787,-0.0209969673,-0.00720454799,-0.00946864579,-0.99992919,-0.0287468899,-0.0882079154,-0.462822109,-0.0215038322,0.44731161,0.174454287,0.217088923,-0.202164724,0.0461906828,-0.0132264188,0.0716787279,0.446306765,0.00145728805,-0.450925618
0.116711646,0.00147125521,-0.000371047732,0.00140098506,0.0210752655,0.0320896916,0.0118156644,-0.00656660227,-0.00994692836,-0.999928951,-0.0279055107,-0.0887057334,-0.463442445,-0.021745963,0.447301716,0.17260614,0.218154848,-0.215018347,0.052915059,-0.0132251102,0.0711200014,0.446452111,0.000499680173,-0.451906323
0.116731189,0.00169561501,-0.000480367104,0.000553364109,0.0176862981,0.0339200385,0.00883567147,-0.00592585374,-0.0103086885,-0.999929309,-0.0270286296,-0.0890816003,-0.463885754,-0.0220027007,0.447294891,0.171075374,0.21972692,-0.227703065,0.0595883243,-0.0132107539,0.0706449896,0.446553975,-5.15930005e-05,-0.45296973
0.116733983,0.00122236146,-5.11188991e-05,-0.00035081472,0.0145246563,0.0350733176,-0.00272491598,-0.00521336589,-0.0106518138,-0.999929667,-0.0261539947,-0.0893671662,-0.46438092,-0.0221982878,0.447285265,0.169706747,0.221902162,-0.240063623,0.066232428,-0.0131892832,0.0703007132,0.4467628,-0.000807814009,-0.453424603
0.116717391,0.0011856989,-6.83028557e-05,-0.000626039575,0.0143988682,0.0337657668,-0.00217827503,-0.00452177878,-0.0108902119,-0.999930501,-0.0251072794,-0.0898809582,-0.464895695,-0.0225130841,0.447304577,0.168523908,0.224705249,-0.252308428,0.0728258044,-0.0131752184,0.0698536113,0.446902961,-0.00179530506,-0.453767866
0.116709128,0.00145050453,0.000956994714,-0.00105782668,0.00857073721,0.0353179313,0.00245174929,-0.00386199611,-0.0112281954,-0.999929488,-0.0239082016,-0.0902385488,-0.465306401,-0.0226437524,0.447347522,0.167526811,0.228110716,-0.264457017,0.0793666914,-0.013138406,0.0695436895,0.446959943,-0.00263531599,-0.454060584
0.116675735,0.00185913173,0.00210926379,-0.00291826366,0.00889799558,0.0386221856,0.0217913669,-0.00311033311,-0.0112327626,-0.999932051,-0.0224486925,-0.0910161808,-0.465661556,-0.0226432886,0.44737491,0.166756839,0.231980264,-0.276673615,0.0857269764,-0.0131020546,0.0689800382,0.446973801,-0.00364734908,-0.454528123
0.116593584,-0.000537843618,-0.00139332714,-0.00186270836,0.0316639505,0.0412806384,0.0357837416,-0.00232714927,-0.0115820756,-0.999930203,-0.0206532273,-0.0921235532,-0.465833396,-0.0220352896,0.447370797,0.166122511,0.236217722,-0.288786322,0.091933161,-0.013047575,0.0687389746,0.447020054,-0.00420216285,-0.455332816
0.116600536,-0.00171172642,-0.00448689004,0.00147860474,0.0424174853,0.0379523188,0.0276006609,-0.00147563021,-0.0124958297,-0.999920845,-0.0191091485,-0.0924310833,-0.466122031,-0.0201787315,0.446919829,0.165104598,0.24102366,-0.300379217,0.0979689807,-0.012900657,0.0688063353,0.447486311,-0.00560107408,-0.454780608
0.11665038,0.000914422038,-0.00322336587,0.00166939828,0.0285064094,0.0348790288,0.0208009537,-0.000823007897,-0.0132769272,-0.999911547,-0.0177840181,-0.0924584717,-0.466477573,-0.0195897464,0.44690299,0.164412528,0.24617514,-0.312101573,0.103837579,-0.0127024818,0.0687325299,0.447529554,-0.00676053483,-0.455155969
0.116665624,0.00227327063,-0.00103004009,0.00017944198,0.0122214658,0.0389104597,0.00818776991,-9.16815552e-05,-0.0136349509,-0.999907017,-0.0164757054,-0.0925951675,-0.466850787,-0.0196948517,0.447042823,0.164116725,0.251507521,-0.324001998,0.109560154,-0.0123780547,0.0685740858,0.447423458,-0.00785614923,-0.455953449
0.116657004,0.0023044399,0.000785830314,-0.00113726349,0.000894428464,0.0401414819,-0.00211129175,0.000728886167,-0.0137655372,-0.99990499,-0.0150837814,-0.0928238034,-0.467094153,-0.0197275225,0.447300106,0.163948402,0.257117242,-0.335781157,0.11510551,-0.0119078839,0.0684413388,0.44734925,-0.00913674571,-0.456367761
0.116620503,0.00177925639,0.00347703858,-0.00195404841,-0.0115634091,0.0396181345,0.0192383751,0.00151492213,-0.0136707816,-0.999905407,-0.0135476524,-0.093313098,-0.467235327,-0.0195955746,0.447437167,0.16378209,0.263087183,-0.347406954,0.120375924,-0.0113452524,0.0682041496,0.447218835,-0.0105789341,-0.456629634
0.116580643,0.000141722354,0.00176232413,-0.000703982369,0.000493938394,0.0367218591,0.0610254519,0.00230306271,-0.013304987,-0.999908805,-0.0117371809,-0.0943149328,-0.467275232,-0.0186595321,0.44695279,0.163564935,0.269389063,-0.358977705,0.125253797,-0.0107140997,0.0675833523,0.447088331,-0.0116999336,-0.457331538
0.116593271,-0.000189536906,-0.00285430881,0.00055603293,0.0264530424,0.030580854,0.0646221787,0.00295124133,-0.0136967944,-0.999901831,-0.00998413563,-0.0945148841,-0.467243224,-0.0165821314,0.446871847,0.163145646,0.276011378,-0.369766891,0.129838973,-0.00958812796,0.0674270913,0.447209269,-0.0125411199,-0.457479388
0.11660134,0.00105441036,-0.00405315356,0.000109063163,0.0338130072,0.0253598243,0.0392130651,0.00349109201,-0.0143703595,-0.999890625,-0.00849540811,-0.0945112631,-0.46724242,-0.0153888231,0.447684735,0.16297777,0.282753497,-0.379893094,0.134062633,-0.00855602138,0.0673875883,0.447083384,-0.0133647909,-0.457604766
0.116595156,0.00164934003,-0.00346852699,-0.000691078661,0.0294951648,0.0221687816,0.0230511371,0.00394324586,-0.0150542203,-0.999878883,-0.00728212483,-0.0944952145,-0.467263877,-0.0148133934,0.448528796,0.162907794,0.289712101,-0.389771461,0.137926042,-0.00765601406,0.0673584193,0.446612507,-0.0146133509,-0.457702935
0.116571352,0.00216224021,0.000538092514,-0.00255500176,0.00260692416,0.0225768052,0.00197652192,0.00436408212,-0.0155535396,-0.999869525,-0.00614405563,-0.0945713967,-0.467292637,-0.0146173406,0.44924888,0.162864357,0.296862036,-0.399487734,0.141422242,-0.00679126149,0.0673330352,0.445838988,-0.0162199717,-0.457801133
0.116492927,0.000885529094,0.00416722614,-0.00293163466,-0.0208384022,0.0287650432,0.04392967,0.00484494586,-0.0151584679,-0.99987334,-0.00485342229,-0.0953839198,-0.46728918,-0.0145320408,0.450212896,0.162848011,0.304136574,-0.409097701,0.144443601,-0.006323535,0.0670326501,0.444886029,-0.0183977652,-0.458156496
0.116456456,-0.000912629184,0.00157182314,-0.000758785347,-0.0053116018,0.0288219303,0.0967280716,0.00548891677,-0.0147299031,-0.99987644,-0.00341169699,-0.0962397307,-0.467266858,-0.0123430872,0.449392945,0.162746117,0.311621785,-0.418584526,0.147058442,-0.00540731614,0.0666412115,0.444464833,-0.0196580142,-0.459061414
0.116463706,-0.000331317104,-0.00234264275,0.000282911496,0.0195629206,0.0190120153,0.0706932545,0.00594063802,-0.0149669992,-0.99987036,-0.00186126586,-0.0963800997,-0.466876477,-0.0095561007,0.449849546,0.16268,0.319123626,-0.426751405,0.149394825,-0.0041147992,0.0665988252,0.444406599,-0.0203947648,-0.459369421
0.116466448,0.000679329503,-0.00361964549,-0.00019049886,0.0297025405,0.0122991921,0.0390752181,0.00620741537,-0.0155289266,-0.999860168,-0.000579995336,-0.096371308,-0.466613352,-0.00793843344,0.451663494,0.162673637,0.326500863,-0.434091985,0.151397079,-0.00299935509,0.0666003078,0.444029301,-0.0212223642,-0.459533483
0.11645367,0.00149353186,-0.00218268763,-0.00138400507,0.0171323549,0.00863177422,0.0310148466,0.00640845578,-0.0161644407,-0.999848783,0.000457246002,-0.0963534638,-0.466519505,-0.00701766415,0.45351088,0.162675589,0.333929181,-0.441148907,0.153040826,-0.00195638509,0.0666283146,0.443287402,-0.0226077251,-0.459462345
0.116409302,-4.17713345e-05,-7.27571387e-06,-0.00213544536,-0.00338489539,0.0114880521,0.0718916655,0.00653251493,-0.0162220709,-0.999847054,0.001476128,-0.0966489017,-0.466376603,-0.00651801983,0.455125362,0.16272375,0.341432601,-0.448253781,0.154261485,-0.001080752,0.0666105524,0.44194153,-0.0243405662,-0.459952623
0.116368271,-0.0010672682,-0.000116549119,-0.00131709862,-0.00279115676,0.008154599,0.087867938,0.00682138791,-0.0160481557,-0.999847949,0.00255597592,-0.0969302058,-0.46628508,-0.00404068409,0.454722404,0.162721798,0.349097401,-0.45517531,0.155134916,0.000220399073,0.0666242763,0.441129774,-0.0260231849,-0.460460901
0.116356842,0.000476507674,-0.00128357788,-0.00064036675,0.008949182,-0.00206785742,0.0444896333,0.0068022348,-0.0161340982,-0.999846697,0.003728254,-0.0969431326,-0.465636969,-0.00214945991,0.455915362,0.162751496,0.356658489,-0.460980892,0.155735701,0.00140249101,0.0666452721,0.440333396,-0.0270301662,-0.461003035
0.116341703,0.000960803591,-0.0011732761,-0.00129063788,0.00785225071,-0.00347592845,0.0296647605,0.00671012606,-0.016418172,-0.999842703,0.00459196791,-0.0969285518,-0.464940012,-0.000807375996,0.457834154,0.162834093,0.36409384,-0.466034025,0.155965015,0.00234617898,0.0666931793,0.439418554,-0.0282263663,-0.461127579
0.116304196,0.000295245147,-0.000261243345,-0.0017050337,-0.0018490752,-0.00224712584,0.0570009872,0.00664363196,-0.0164560638,-0.999842525,0.00536522502,-0.0970589519,-0.464342147,0.000347941997,0.459089637,0.163019925,0.371486634,-0.470948398,0.156009823,0.00321389805,0.0667204037,0.438168854,-0.0296852719,-0.461371332
0.116273262,-1.41510382e-05,-0.000420357479,-0.00132707669,-1.50891137e-05,-0.00445710262,0.0535881668,0.00658268761,-0.0163593479,-0.999844491,0.0062649739,-0.0971476883,-0.463777423,0.00232149125,0.459612966,0.163158789,0.378917634,-0.475685298,0.156025946,0.00432601525,0.0667623132,0.437030524,-0.0310359243,-0.461826444
0.11625085,0.000219049893,-0.000660731806,-0.00135100435,0.00166011881,-0.00639244635,0.0440321378,0.00643021334,-0.0164696034,-0.999843717,0.00708163297,-0.0971409157,-0.462827057,0.00402676919,0.461140603,0.16342403,0.386278629,-0.479621381,0.156024083,0.00530142384,0.0668351427,0.436003387,-0.0323007405,-0.461853772
0.116218738,0.00053536729,-0.000296298473,-0.00150743965,-0.00224199053,-0.00697691273,0.0489771478,0.00629796414,-0.0164369121,-0.999845088,0.00777011691,-0.0971597433,-0.461959511,0.00601057801,0.46173355,0.163843498,0.393638283,-0.483308434,0.155996427,0.00623652106,0.0668986738,0.434839904,-0.0335657895,-0.462171584
0.116190232,0.000894598721,-6.41381266e-05,-0.00158218073,-0.00348214735,-0.00705538411,0.0402369201,0.00611891085,-0.0163922552,-0.999846935,0.00849949382,-0.0971566588,-0.460860997,0.00777544035,0.462926626,0.164544433,0.401004851,-0.486526489,0.155908272,0.00712211756,0.0669651181,0.433586627,-0.0348000489,-0.462434471
0.1161552,0.000918938254,0.000227251192,-0.00173910661,-0.00671662902,-0.00520020816,0.0451057963,0.00598935876,-0.0163076557,-0.999849081,0.00922569167,-0.0971575677,-0.459774464,0.00972478278,0.463912189,0.16544722,0.40835771,-0.489447474,0.155511603,0.00804914534,0.0670412406,0.432349712,-0.0361449309,-0.46251744
0.116120607,0.000884913548,0.000578364648,-0.00185028126,-0.00984000787,-0.00470661838,0.0421493575,0.00588143477,-0.0161345135,-0.999852538,0.00992599875,-0.0971631333,-0.458587378,0.0117959548,0.464782,0.166585162,0.415687919,-0.492018312,0.15453577,0.00895034615,0.0671191067,0.431068718,-0.0373432972,-0.462675065
0.116081364,0.000968584034,0.000813592109,-0.00178979908,-0.0112742437,-0.00621582568,0.0338866785,0.00577363418,-0.0159240011,-0.999856532,0.0105589554,-0.0971626267,-0.457325339,0.0140270283,0.465750188,0.167807952,0.423002571,-0.494071901,0.152840972,0.00979643408,0.0672226474,0.429924279,-0.0385977812,-0.462599128
0.11604932,0.00087458035,0.00112857949,-0.0018013774,-0.0154900672,-0.00536399614,0.041275043,0.00561121106,-0.0156915169,-0.999861121,0.0112137934,-0.0971594825,-0.455939353,0.0162078775,0.467116445,0.169266388,0.430294544,-0.495737344,0.150443524,0.0105414772,0.0673014075,0.428743213,-0.0396684818,-0.462737292
0.116009831,0.00103799056,0.00140881387,-0.00173770438,-0.0183906183,-0.00551374909,0.0396991745,0.0055330894,-0.0153139494,-0.999867439,0.0117641278,-0.0971708,-0.454636157,0.0187622197,0.467737198,0.170833528,0.437507659,-0.497068465,0.147332147,0.0113903703,0.0674557611,0.427670658,-0.0407174006,-0.462774336
0.115980454,0.00148414995,0.00156380411,-0.00156014075,-0.0191672686,-0.00612811884,0.0312310383,0.005366222,-0.0149650145,-0.999873638,0.012308931,-0.0971660465,-0.453101128,0.021065319,0.469122469,0.172593981,0.444672763,-0.497801036,0.143613547,0.012069854,0.0675706565,0.426593006,-0.0415000916,-0.462863177
0.115948051,0.00135455863,0.00177714194,-0.00162303157,-0.0223460626,-0.00390548189,0.0388368778,0.00526937004,-0.0145541346,-0.999880195,0.0128299315,-0.0971627086,-0.451624125,0.0234753862,0.470197469,0.174486652,0.451734483,-0.4981305,0.139353052,0.0128484312,0.0677434877,0.425590366,-0.0422831774,-0.462736785
0.115916289,0.00120091788,0.00181167689,-0.00165430782,-0.0223190989,-0.00345436181,0.0313723981,0.00518740062,-0.0140796164,-0.999887407,0.0133124711,-0.0971626192,-0.450173557,0.0259465482,0.471022397,0.176519588,0.458744854,-0.498194814,0.134625748,0.0135758156,0.067909576,0.424590975,-0.0429027267,-0.462701142
0.115882657,0.0012551063,0.0018974616,-0.00157555251,-0.0237710811,-0.00370635535,0.0341529287,0.00511310715,-0.0136681097,-0.999893486,0.0137617942,-0.0971436277,-0.44870019,0.0283424146,0.472245574,0.178574935,0.465704858,-0.498196423,0.129505679,0.014286113,0.0681075826,0.42376098,-0.0436284058,-0.462213337
0.115854055,0.00122350839,0.00199362333,-0.00147975946,-0.0260664038,-0.00355682778,0.0395083614,0.00502087269,-0.0131356288,-0.999901116,0.0142209781,-0.0971353054,-0.447296202,0.030781487,0.473068148,0.180782109,0.472632974,-0.498188823,0.124001153,0.0149962297,0.068306379,0.422791451,-0.044043012,-0.4621782
0.115824275,0.00160731678,0.00191493356,-0.00134796498,-0.0244927648,-0.00228842068,0.0294828657,0.00495004607,-0.0126334289,-0.99990797,0.0146038951,-0.0971063226,-0.445913643,0.0331957303,0.474106908,0.183007836,0.479486674,-0.498089641,0.118193112,0.0156704932,0.0685606077,0.422018558,-0.0445467941,-0.461798996
0.11580079,0.00194137264,0.00169531931,-0.00150784245,-0.0246583931,-0.000517285371,0.0247875284,0.0049144458,-0.0121617811,-0.99991399,0.0150771802,-0.0970719829,-0.444487393,0.0354029797,0.47549817,0.185444534,0.486204952,-0.49778077,0.112135999,0.016335763,0.0687848181,0.421122432,-0.0448742397,-0.461438388
0.115764409,0.00177554821,0.00137054117,-0.0019860859,-0.0340146087,-0.000136128539,0.0380373113,0.00491712149,-0.0116521958,-0.999920011,0.015437603,-0.0969367474,-0.443268746,0.0374356844,0.476784527,0.187906429,0.492848545,-0.497050881,0.105841465,0.0169577058,0.0691265687,0.420287579,-0.0454610437,-0.460914701
0.115721643,0.00181433931,0.00056499301,-0.00192520511,-0.0422331989,0.000335539167,0.0418106057,0.00489163771,-0.010808927,-0.999929607,0.0158496089,-0.0963323787,-0.442489237,0.0390090272,0.477433264,0.190518051,0.499459624,-0.495919347,0.0993279293,0.0177147239,0.0697924271,0.419061929,-0.0461462401,-0.460826308
0.115687296,0.00151673262,-7.76373872e-06,-0.00158345548,-0.0420519747,0.000648536545,0.0359771885,0.00491196476,-0.00997129362,-0.99993825,0.0161848571,-0.0953255221,-0.441688865,0.0403436348,0.47827062,0.193118364,0.505945563,-0.493680626,0.0926430374,0.0183965769,0.0708033517,0.418029517,-0.0468985364,-0.460225821
0.115658008,0.00115709263,0.000326004054,-0.000970029156,-0.0351045579,0.00017784907,0.0349275656,0.00490361126,-0.00913383812,-0.999946237,0.0163175445,-0.0945295468,-0.441004336,0.0418201797,0.478682369,0.195688978,0.512345731,-0.490491778,0.085717015,0.0189245883,0.0717282221,0.417036802,-0.0474413522,-0.459971577
0.115648389,0.00161497621,0.000669730536,-0.000662816048,-0.02513065,0.000697806885,0.0211899709,0.00490594283,-0.00857427809,-0.999951184,0.0164108034,-0.0940899551,-0.440032423,0.0437639728,0.479560971,0.198209211,0.518614352,-0.486163706,0.0785911679,0.0194241088,0.0723531842,0.416434795,-0.0476355441,-0.459275395
0.115631409,0.00198491244,0.000961744285,-0.00115908706,-0.0255403128,0.00289316964,0.0201458409,0.00492404401,-0.00813291036,-0.99995482,0.0164706521,-0.0938148424,-0.438937366,0.045506008,0.480750173,0.200891897,0.524712563,-0.481082737,0.0712781176,0.0197744239,0.072728835,0.415730178,-0.0477740839,-0.458889544
0.115601949,0.0015111597,0.00143047143,-0.00137866498,-0.0319793075,0.00470683724,0.0327032469,0.00501527684,-0.00755686685,-0.999958873,0.01650488,-0.0935071558,-0.438033938,0.0471971482,0.481403828,0.203601569,0.530704379,-0.475381076,0.0637500882,0.0200941712,0.0731623992,0.415032804,-0.0480734371,-0.458422661
0.115576394,0.00140306051,0.000126515544,-0.00166269939,-0.0280516353,0.0065452205,0.0313283168,0.00510272197,-0.0068603009,-0.999963462,0.0165747777,-0.093195796,-0.437223583,0.0491136126,0.481839806,0.206322327,0.53661716,-0.469035685,0.0560315736,0.0204863027,0.073606804,0.414351046,-0.0482870899,-0.458144188
0.115535192,0.00212629326,-0.000294691941,-0.00100617413,-0.0249134991,0.00649241544,0.0202330984,0.00526825897,-0.0064411019,-0.99996537,0.0166766252,-0.0924992263,-0.436301053,0.0510488451,0.482852429,0.209061161,0.542316198,-0.461680055,0.048187267,0.0207550339,0.0746674463,0.413797587,-0.0483940206,-0.457062453
0.115535624,0.0024567286,0.00125463365,-0.000214372296,-0.0282293744,0.00742622279,0.0156298392,0.00535721797,-0.00586792687,-0.99996841,0.0167199299,-0.0921248198,-0.435451269,0.0524356812,0.484007776,0.211872235,0.5480178,-0.45372498,0.0401831418,0.02095313,0.0751719996,0.413009167,-0.0485116914,-0.456689537
0.115526386,0.00246479665,0.00182824524,-0.000508996716,-0.0271819513,0.0118968915,0.0154741751,0.00556165492,-0.00531523908,-0.999970436,0.0167488623,-0.0918998122,-0.434614301,0.0539984666,0.484986871,0.214674398,0.553554654,-0.445048094,0.032033965,0.0212172735,0.0755458325,0.412446916,-0.0486786366,-0.45585537
0.115515105,0.0021414198,0.00195083267,-0.000794456108,-0.02617779,0.0142746828,0.0125108231,0.00582979759,-0.00478405925,-0.999971569,0.0167721994,-0.0918025896,-0.433673143,0.0557619296,0.48583293,0.217556894,0.558930516,-0.435650408,0.0237361807,0.0213666633,0.0757855028,0.411911786,-0.0487145223,-0.455478042
0.115494482,0.00255955546,0.0015728171,-0.00112745876,-0.0242140144,0.0146205192,0.0208424851,0.00613007369,-0.00427124742,-0.999972105,0.0167892817,-0.0916848853,-0.43270582,0.0577698722,0.486631691,0.220306933,0.564204454,-0.425446451,0.0153137958,0.0215502027,0.076095894,0.411589593,-0.0488212481,-0.454273134
0.115469649,0.00247054826,-0.0010307912,-0.00197032653,-0.0165339094,0.0168681201,0.0234811343,0.00641138991,-0.00382097648,-0.999972165,0.0168125052,-0.0915691257,-0.431612879,0.0598173961,0.487440735,0.22327514,0.569351137,-0.414650112,0.00680329278,0.0216629282,0.076495111,0.41100949,-0.048510626,-0.454082876
0.11541488,0.000799641828,-0.000871626718,-0.0012368114,-0.0237896349,0.01337431,0.0166136641,0.00680093374,-0.00361567107,-0.999970317,0.0168339387,-0.0908552036,-0.430774331,0.0619052686,0.488314241,0.226058468,0.574405313,-0.402888268,-0.0016852608,0.0218202639,0.0779238641,0.410639763,-0.0485062599,-0.45197472
0.115419835,0.00186330534,0.00266463961,0.000456239999,-0.0400174968,0.0071226228,0.0308498628,0.00694415206,-0.0028740631,-0.999971747,0.0167629793,-0.0906530917,-0.430366546,0.0633998737,0.48886162,0.228730217,0.579693198,-0.39077419,-0.010200643,0.0219700076,0.0785504207,0.41002816,-0.0488708802,-0.450711131
0.115432918,0.00445714965,0.00265168305,-0.000220418049,-0.0363118872,0.00901817624,0.0492540337,0.00708258385,-0.00202360633,-0.99997288,0.0167536382,-0.0906183943,-0.429575533,0.0648189113,0.489619821,0.231798813,0.584706485,-0.378061444,-0.0186566208,0.0220667627,0.0787998661,0.409291297,-0.048525732,-0.450611919
0.11540997,0.00316538895,0.00050011772,-0.001043814,-0.0276608858,0.0152718835,0.0256155394,0.00730116479,-0.00143564597,-0.999972343,0.0167597365,-0.090440914,-0.428399235,0.0666809455,0.490420312,0.235034838,0.589249432,-0.364429086,-0.0270305257,0.0221261568,0.0794562474,0.408758163,-0.0471910983,-0.450621068
0.115390271,0.00181468925,0.00111457263,6.33476986e-07,-0.0312576219,0.0151871191,0.00395334279,0.00769117195,-0.000924277701,-0.999970019,0.0167470593,-0.0899355337,-0.427666515,0.0684191957,0.491223961,0.237825871,0.593640506,-0.349467486,-0.0352903157,0.0221925098,0.0805439278,0.40854761,-0.0469692647,-0.447665751
0.115409479,0.00376190827,0.00299886661,0.000572171353,-0.0377274789,0.0117492089,0.0287802294,0.00790877827,-0.000186648627,-0.999968708,0.0167348478,-0.0898370743,-0.426993251,0.0696163923,0.491989076,0.240797728,0.598044515,-0.334088296,-0.0434787497,0.0222301558,0.0808912218,0.407988161,-0.0467333458,-0.446693212
0.115411989,0.00278869621,0.00223445473,-0.000363583036,-0.0340762325,0.0126549779,0.0182430372,0.00816133991,0.000575574115,-0.999966502,0.0167210568,-0.0897816271,-0.426021546,0.071052067,0.492496729,0.244006127,0.602110267,-0.318208694,-0.051507093,0.0222742502,0.0812493935,0.407534152,-0.0457284823,-0.446614444
0.115393974,0.00176115497,0.00224005361,-0.000130643486,-0.0341657437,0.00942637026,0.00719328504,0.00841473322,0.00117044908,-0.999963939,0.0166945402,-0.0895167962,-0.425126851,0.0727694407,0.492938101,0.246753618,0.605912566,-0.301314026,-0.0592817105,0.0223788694,0.0819932222,0.407411963,-0.0452441163,-0.444004714
0.115406066,0.0038895437,0.00248809112,-3.81440332e-05,-0.0350136496,0.00707352953,0.0369358733,0.00853913371,0.00193975295,-0.999961674,0.0166692268,-0.0894649699,-0.42420423,0.0741479844,0.493380904,0.249687284,0.60953474,-0.284032732,-0.0669177324,0.0224193539,0.0822813362,0.407076359,-0.0445053503,-0.443186074
0.115390927,0.0041592312,-0.00117172941,-0.00137651491,-0.0224395953,0.0126541108,0.0423727632,0.00870089233,0.002558148,-0.999958873,0.0166478418,-0.0893158317,-0.423051715,0.0757240131,0.493662298,0.252862364,0.612661183,-0.266262889,-0.074360095,0.0224472359,0.0829313993,0.406827211,-0.0427889451,-0.443126649
0.11534968,0.000735527254,-0.0018748953,-0.000579248648,-0.0230868123,0.0144544411,-0.00825507194,0.00904924609,0.00282261078,-0.999955058,0.0166064333,-0.088494435,-0.422252357,0.0771669894,0.493902475,0.255838513,0.615325689,-0.247506544,-0.0814973637,0.0224618446,0.084702231,0.406676531,-0.0416627973,-0.441418648
0.115367703,0.000434090558,0.00225954689,0.00146837579,-0.0394544601,0.00595431216,-0.0141252717,0.0092774434,0.00348486868,-0.999950886,0.0164473485,-0.0879917666,-0.422105879,0.0777507201,0.49418366,0.258230716,0.617915213,-0.228208125,-0.0884054676,0.0224603694,0.0857363641,0.40648526,-0.0422305651,-0.437774062
0.115407936,0.00363820326,0.00360590429,0.00249918341,-0.0345497541,-0.0133946212,-0.0125180325,0.00928650796,0.00440574996,-0.99994719,0.0163771734,-0.0879508704,-0.421694726,0.0780414566,0.494365215,0.260944635,0.62003231,-0.209265649,-0.0951124728,0.0224751849,0.0859846771,0.405988276,-0.0416520126,-0.437221527
0.115465678,0.000262022106,0.00195515947,0.0019479444,-0.0140081616,-0.0307366829,-0.0841105655,0.0087387627,0.00487112161,-0.999949932,0.015615046,-0.0879248679,-0.421262026,0.0760140494,0.494495422,0.261603862,0.615043819,-0.186781228,-0.0963608697,0.0214536954,0.0859776139,0.40586555,-0.0407241881,-0.440099597
0.115485378,-0.00391948363,-0.000262779125,0.00140333583,0.00593344308,-0.045494318,-0.130278051,0.00804034434,0.00499445386,-0.999955177,0.0136513757,-0.0878127068,-0.42160973,0.0736680776,0.492084533,0.258965224,0.599786699,-0.161035627,-0.0911543742,0.0202075522,0.0862770602,0.406915665,-0.0406923555,-0.440631121
0.115523122,-0.00244068704,-0.00140077807,0.00218356424,0.016954191,-0.0598127656,-0.119414903,0.00689318497,0.00467556668,-0.99996531,0.0114566265,-0.0876692235,-0.421749353,0.0707015172,0.490103692,0.254250616,0.576606691,-0.134781003,-0.0813913569,0.0188327208,0.0863861144,0.407898515,-0.0399552286,-0.441187114
0.115573652,-0.0017729376,-0.00131426903,0.00218005083,0.0163721312,-0.0600329041,-0.105410725,0.00562535878,0.00435002288,-0.999974728,0.00917055458,-0.08758834,-0.42183432,0.0673706084,0.488173485,0.248812661,0.548913002,-0.109761417,-0.0695403218,0.0176386386,0.0863525495,0.408389002,-0.03851749,-0.441930264
0.11561095,-0.00109874946,-0.000668647292,0.0020126421,0.00870227069,-0.0534240268,-0.0848320872,0.00447365176,0.00404429995,-0.999981821,0.00676133577,-0.087528117,-0.421949953,0.0644864589,0.486028522,0.243465394,0.520006776,-0.0867226869,-0.0575351082,0.0165708549,0.0863334835,0.408980995,-0.0372330099,-0.441576511
0.115654461,-4.41478915e-05,0.000271277531,0.00184293231,-0.00147549179,-0.0423469059,-0.0597521588,0.00347468187,0.00401818845,-0.999985874,0.00449076202,-0.0874516666,-0.421981901,0.0618904606,0.483792096,0.239350438,0.492377371,-0.0663856864,-0.0466060825,0.0156473964,0.086298123,0.409244627,-0.0353380926,-0.441566855
0.115684628,-0.000291777716,0.000951723079,0.00137533247,-0.00753279636,-0.0296957605,-0.0503270514,0.00277011259,0.00411150558,-0.999987721,0.00243684673,-0.0873789862,-0.422004342,0.0599628575,0.481618732,0.23663564,0.467630923,-0.0486513674,-0.0372295901,0.0149867982,0.086288467,0.409733027,-0.033631932,-0.440978408
0.11570935,-0.000679697318,0.00127034425,0.00122399279,-0.0110069597,-0.0233488716,-0.0394774787,0.00227870932,0.00432524364,-0.999988079,0.000717180024,-0.0873051956,-0.422016442,0.0586079359,0.47968173,0.235480234,0.446662933,-0.0335852951,-0.0295320991,0.014516267,0.0862876847,0.410334051,-0.0320143849,-0.440406799
0.11573343,-0.000472526648,0.000538977794,0.00179589842,-0.00572620658,-0.0237106383,-0.0296382811,0.00182944466,0.0045553362,-0.99998796,-0.000657544995,-0.0872206166,-0.421999395,0.0576951019,0.478199959,0.235302553,0.429637611,-0.0209998861,-0.0233711489,0.014158139,0.0862938762,0.411007613,-0.0304774921,-0.439633638
0.115781121,-1.49214259e-07,0.000189009254,0.00171879795,-0.00389608764,-0.0245137662,-0.0165889096,0.00132489763,0.00455664657,-0.999988735,-0.00157923403,-0.0870557353,-0.421929836,0.0567472875,0.477891028,0.235676587,0.416319311,-0.0106574539,-0.0184920244,0.0139399832,0.0863014236,0.411601633,-0.0285444539,-0.439138204
0.115802146,0.000147015657,0.000308168324,0.0011763603,-0.00522602396,-0.0190541726,-0.00808564201,0.00084598118,0.00471214065,-0.999988556,-0.00225133542,-0.0869644806,-0.421923012,0.0558202676,0.47728923,0.236502409,0.406377733,-0.00240446418,-0.0147337662,0.0138621926,0.0863017887,0.411876708,-0.0270412471,-0.43851465
0.115828112,0.000473459222,0.000170432453,0.00102703471,-0.00401812978,-0.0105293542,-0.00339639094,0.000561203167,0.00476592919,-0.999988496,-0.00265378971,-0.0868382677,-0.421902746,0.0551334545,0.477036297,0.237874508,0.399344027,0.00421257596,-0.0118320277,0.0138113145,0.0863130391,0.412108481,-0.0256841704,-0.437690288
0.115843184,0.000621653511,0.000431296095,0.000555204926,-0.0062985071,-0.00308576133,0.000856558734,0.000424095459,0.00487274816,-0.999988019,-0.00287958793,-0.0867353603,-0.421894044,0.0546444096,0.476697713,0.239552677,0.394714355,0.00938958954,-0.00965007022,0.0137669966,0.0863267407,0.412232339,-0.0246500261,-0.436840266
0.115850225,0.000906432571,0.000503600168,0.000302627421,-0.0068729925,0.00389174651,0.00264764368,0.000437891256,0.00501802331,-0.999987304,-0.00298672565,-0.0866495147,-0.421893597,0.054338593,0.476293772,0.241375908,0.39197287,0.0133649316,-0.00804506149,0.0137247648,0.0863424763,0.412323147,-0.0238837581,-0.436060905
0.115855172,0.00131183513,0.000392751273,0.000243067407,-0.00574460765,0.00961285643,0.00269510085,0.000580251741,0.0051476066,-0.999986589,-0.00303894794,-0.0865675882,-0.421892285,0.0541616976,0.475958318,0.243193373,0.390653849,0.0163733568,-0.00689515611,0.0136839394,0.0863588229,0.412410975,-0.0232863147,-0.435416102
0.115859836,0.00162951613,0.000368395791,0.000217295004,-0.00531596551,0.0137283318,0.00274332729,0.000822794973,0.00524774985,-0.999985874,-0.00307949702,-0.0864859596,-0.421888739,0.0540584475,0.475699067,0.244854182,0.390313148,0.0186123177,-0.00611526193,0.0136445323,0.0863745585,0.41250208,-0.0228184294,-0.434939206
0.115863733,0.0010988788,0.000359739352,-9.57379161e-05,-0.00476299692,0.0148823019,-0.00473994296,0.0011299327,0.00536028994,-0.99998498,-0.00311405794,-0.0863984227,-0.421888858,0.0540096574,0.475416571,0.246163398,0.390273362,0.0202079918,-0.00565371616,0.0136079658,0.0863926932,0.412591428,-0.0224841572,-0.434660584
0.11585588,0.000980976387,0.000372051756,-0.000202598356,-0.00481940107,0.0146434139,-0.00566199329,0.0014169662,0.00543840276,-0.999984205,-0.00315117487,-0.0863325298,-0.421934217,0.0539766066,0.475069195,0.246911079,0.390275866,0.0213271622,-0.00544535322,0.0135715324,0.0864350274,0.412796527,-0.022352742,-0.433712602
0.115855493,0.00165996782,0.000550809549,-2.78099251e-05,-0.00663232664,0.0154774226,0.00313381688,0.00171429652,0.00555316638,-0.999983132,-0.00318218092,-0.0862679929,-0.421953321,0.0539407842,0.474784851,0.24743709,0.390280753,0.0219597444,-0.00537963305,0.013534979,0.0864496231,0.412861288,-0.0221926756,-0.433526427
0.115854532,0.00145434809,0.000474788918,-8.07581528e-05,-0.00599112967,0.0161971115,-0.00171055517,0.00203672843,0.00570344692,-0.999981642,-0.00321055204,-0.0862065181,-0.421976775,0.0539148562,0.474495471,0.247715354,0.390288591,0.0222726408,-0.00533883972,0.0135026462,0.0864612237,0.412901372,-0.0220170766,-0.433490157
0.115852036,0.00122116378,0.000484496733,-0.000168842307,-0.0059414166,0.0151145356,-0.00290550338,0.00236173579,0.00579316122,-0.99998045,-0.00324045611,-0.0861263126,-0.42200765,0.0539027452,0.474264503,0.247780904,0.390304267,0.0224634651,-0.00530170603,0.0134721678,0.0865215734,0.413078338,-0.0219319165,-0.433019459
0.11584755,0.00126437529,0.000431207271,-7.64298311e-05,-0.00480178185,0.0146716703,-0.00048263697,0.00264061149,0.0059413854,-0.99997884,-0.00326727494,-0.0860797465,-0.422050297,0.0538923107,0.473975122,0.247813582,0.390320957,0.022524232,-0.00526923407,0.013441531,0.0865353793,0.41312626,-0.0218446944,-0.432920128
0.115848742,0.00115496723,0.000267334777,-1.51111635e-05,-0.00319370092,0.0138636883,-0.0012497576,0.00294867181,0.00598544348,-0.999977767,-0.00329311495,-0.086017929,-0.422101587,0.0538847707,0.473762035,0.247843429,0.390339583,0.0225997418,-0.00523536885,0.0134130772,0.0865590498,0.413277537,-0.0216962006,-0.432515711
0.115846746,0.000917386613,0.000389801717,-0.000120807315,-0.00414922694,0.0119478488,-0.000913252239,0.00319478731,0.00606905948,-0.999976456,-0.00331775378,-0.0859757215,-0.422153085,0.0538739935,0.473554015,0.247868925,0.390360236,0.022645507,-0.00520507293,0.0133837787,0.0865680277,0.413341522,-0.0215981547,-0.432349682
0.115843698,0.000917013967,0.000114180904,8.22638031e-05,-0.00176235626,0.0110756299,-0.000961546903,0.00342635345,0.0061515253,-0.999975204,-0.00334381289,-0.0859342739,-0.422220588,0.0538747273,0.473337501,0.247885093,0.390382916,0.0227064136,-0.00517356489,0.013356857,0.0865847841,0.413469225,-0.0215056427,-0.431985736
0.115849882,0.00111371011,-0.000717310293,-0.000313657714,0.00307167741,0.00984390453,0.00509485276,0.00363755948,0.00613963744,-0.999974549,-0.00336546474,-0.0858781338,-0.422252774,0.0538542196,0.473244011,0.247921839,0.390402019,0.0227504466,-0.00514242286,0.0133276219,0.0865961984,0.413545936,-0.0213309936,-0.431848586
0.115831167,0.000122823549,-0.00108672562,-0.000517762965,0.00461752806,0.00827521551,-0.00446491502,0.00382137066,0.0060278005,-0.999974549,-0.00338560808,-0.0857396051,-0.422320008,0.0538719185,0.473113537,0.247942373,0.390421599,0.0228046458,-0.00510887289,0.0132979667,0.0868548825,0.413615286,-0.0209995043,-0.431593955
0.115829416,-0.000186602614,-2.39524488e-05,0.00025113931,-0.00301065785,0.00606230414,-0.00845810212,0.00396743277,0.00595563371,-0.99997437,-0.0034187506,-0.0856318176,-0.422506839,0.0537833311,0.47296837,0.247952119,0.390448451,0.0228893738,-0.00507647824,0.0132434098,0.087034516,0.413816571,-0.0211222116,-0.430574179
0.115841247,0.000773598033,0.00108430872,0.000516836415,-0.0109140538,0.00549615873,0.00480255764,0.00406191638,0.0061495672,-0.99997282,-0.00344385603,-0.0855962932,-0.42257145,0.0537166893,0.472877502,0.247985601,0.390466362,0.0229210872,-0.00504516112,0.0132042151,0.0870509371,0.413830549,-0.0210463125,-0.430504531
0.115849696,0.00121573242,0.00117888022,0.000376971584,-0.0111479713,0.00687369518,0.00968663301,0.0041885078,0.00639171712,-0.999970794,-0.00346625061,-0.0855636597,-0.422611088,0.0536951907,0.472816288,0.24801673,0.390482426,0.0229565147,-0.00501094805,0.0131750563,0.0870507509,0.41383487,-0.0207838733,-0.430538356
0.11585582,0.000909106864,-0.000137205585,-0.000306727219,-0.0012616606,0.00691437069,0.00825324282,0.00433931593,0.00659389235,-0.999968827,-0.0034882261,-0.0855288878,-0.422644824,0.0536868908,0.47276324,0.248042807,0.390499592,0.0229976065,-0.004975555,0.0131482957,0.0870477557,0.413846046,-0.0204280168,-0.430573314
0.115837306,3.28925962e-05,-0.000776655681,-0.000253712351,0.0035153986,0.00456588203,-0.00163581432,0.00446707197,0.00644057943,-0.999969304,-0.00350732706,-0.0853961706,-0.422739059,0.053723976,0.472709984,0.248047441,0.39052406,0.0231016483,-0.0049364958,0.0131211141,0.0873431638,0.414004087,-0.0200104453,-0.429975271
0.115845867,4.787746e-05,0.000357539742,0.000482915028,-0.00485051703,0.00338496873,-0.00297142402,0.00452146865,0.00645337114,-0.999968946,-0.00353437802,-0.0853492171,-0.422830075,0.0536630563,0.472656906,0.248065352,0.390547961,0.0231709499,-0.00490380917,0.0130837569,0.0874102637,0.414113045,-0.0200186465,-0.429506332
0.115856521,0.000728096929,0.00097671384,0.000448126259,-0.00938847382,0.00493775448,0.0052011786,0.00460164947,0.00663530966,-0.999967396,-0.00355555769,-0.085321635,-0.422877252,0.0536287539,0.472601563,0.248097524,0.390562594,0.0232040323,-0.00486961426,0.0130534014,0.0874111354,0.414115846,-0.0199336465,-0.429510176
0.115863398,0.000901884749,0.000902224041,0.000257599429,-0.00811972283,0.00654409919,0.00536751281,0.00472027855,0.00682802033,-0.999965549,-0.00357518904,-0.085292235,-0.422914565,0.0536121912,0.47254926,0.248125285,0.390577316,0.0232410692,-0.00483282795,0.0130268624,0.0874044895,0.41411671,-0.0197157338,-0.429556936
0.115866408,0.000588392606,0.000549389631,0.000111370464,-0.00463953102,0.006062801,0.00102208753,0.00486490084,0.0069592027,-0.999963939,-0.00359577499,-0.0852615088,-0.422956914,0.0536063574,0.47249496,0.248141751,0.390596241,0.0232965294,-0.00479492312,0.013003109,0.0874018818,0.414184958,-0.0194915198,-0.42941317
0.115867585,0.000636407407,-0.00013540902,-0.000186111356,0.000249443779,0.00445683813,0.00561495917,0.00496324012,0.00701351278,-0.999963105,-0.00361875957,-0.0852319151,-0.422998101,0.0535991453,0.472439706,0.248157024,0.390616298,0.0233523045,-0.0047585885,0.0129728839,0.0873975903,0.414265364,-0.0193830691,-0.429241866
0.115858875,-0.000121968769,-0.00115422113,-0.000455686793,0.00787180662,0.00303951744,-0.00149911968,0.00504477974,0.00694828341,-0.999963164,-0.0036345378,-0.0851593167,-0.423033684,0.0536074042,0.472383916,0.248180389,0.390631467,0.023391081,-0.00472122617,0.0129448865,0.0875244886,0.414275348,-0.0190630276,-0.429303467
0.115849704,-0.000656275894,-0.000681270962,7.87153476e-05,0.00400245609,0.000793994521,-0.00888577383,0.00508444011,0.00669871224,-0.999964654,-0.00365319056,-0.0850846022,-0.423192441,0.0535407662,0.472341001,0.248175681,0.390662402,0.0234930515,-0.00468277419,0.0129182609,0.0877070725,0.414453775,-0.0191720761,-0.428426117
0.11586234,0.000190187435,0.000674237497,0.000522259565,-0.00699547259,0.00119644799,0.00124318211,0.00507424586,0.00678998604,-0.999964058,-0.00367222494,-0.0850601122,-0.423258424,0.0534189604,0.472295493,0.248203933,0.390680224,0.0235271137,-0.00464906218,0.0128880087,0.0877151564,0.414466262,-0.0191745348,-0.428390741
0.115870371,0.000719902979,0.000970320136,0.000333833857,-0.00893722288,0.00405713636,0.00625701994,0.00513265654,0.00697824266,-0.999962509,-0.00369033054,-0.0850367174,-0.423297316,0.0533808656,0.472247541,0.248234078,0.39069289,0.0235589594,-0.00461217295,0.0128620993,0.0877062082,0.414460063,-0.0190928578,-0.428584576
0.115875274,0.000562307891,0.000716747134,0.000133056164,-0.00598171866,0.00521743717,0.00179269211,0.00523840217,0.0071459813,-0.999960721,-0.00370767689,-0.085010387,-0.423330039,0.0533637814,0.472201079,0.248258948,0.390706629,0.0235960763,-0.00457371306,0.0128381131,0.0876942948,0.414459288,-0.0189166274,-0.428758502
0.115875371,0.000379007804,0.000380131823,5.93460572e-05,-0.00297122658,0.00472503202,-0.00019982332,0.00534183439,0.0072174021,-0.999959707,-0.00372737553,-0.0849839672,-0.423371583,0.0533581637,0.472154409,0.248267144,0.39072746,0.0236591212,-0.00453474512,0.0128156934,0.0876908153,0.414572239,-0.0188341103,-0.428513199
0.115877457,0.000237642293,-0.000817887078,-0.000484116987,0.00569758518,0.00362561108,0.00241952389,0.005427517,0.00726507744,-0.999958873,-0.00374358403,-0.0849575773,-0.423407853,0.0533461198,0.472107291,0.24828814,0.390744239,0.0236974843,-0.00449809711,0.0127916532,0.087679252,0.414589971,-0.0187192336,-0.4285281
0.115856193,-0.000395350275,-0.0012033364,-0.000325193309,0.00826275535,0.000740277348,-0.00523315417,0.00548751839,0.00698906975,-0.999960542,-0.00375742675,-0.0848560259,-0.423491359,0.0533613227,0.472060561,0.248290926,0.390766233,0.0237663332,-0.00445789099,0.0127678989,0.0879411623,0.414708644,-0.0185410716,-0.428101718
0.115864873,-0.00024426615,0.000147294966,0.000483809214,-0.00258485042,-0.000423013,-0.00481444225,0.00545571046,0.0069356272,-0.999961078,-0.00378011889,-0.0848238245,-0.423569381,0.053206075,0.472013623,0.248306319,0.390787929,0.0238089114,-0.0044243359,0.0127339642,0.0879895613,0.414785415,-0.0186358057,-0.427767158
0.115875557,0.000458170689,0.000899376639,0.00042036068,-0.00840192474,0.00219212845,0.00410539331,0.00546926074,0.00709339185,-0.999959886,-0.0037979784,-0.0848052427,-0.423609197,0.053126812,0.471967608,0.248336107,0.390799671,0.0238340273,-0.00438931072,0.0127072539,0.0879806727,0.414779991,-0.0186076201,-0.42795977
0.115881331,0.000493396947,0.000827149255,0.000173973269,-0.00691165263,0.00425367057,0.00198022253,0.00554451672,0.00727043068,-0.999958217,-0.00381403603,-0.084783271,-0.423640937,0.0531002544,0.471924335,0.248361066,0.390811414,0.0238670167,-0.00435133604,0.0126843927,0.0879657045,0.414774984,-0.0185182896,-0.42824778
0.115882166,0.000292973884,0.000660895195,4.82480427e-05,-0.00691203494,0.00425316626,0.00197998132,0.00563988136,0.00736936182,-0.999956965,-0.00383169553,-0.0847598091,-0.423675597,0.0530916117,0.471880734,0.248370364,0.390829444,0.0239218175,-0.00431205472,0.0126642287,0.0879573673,0.414864063,-0.0184636787,-0.428177476
